0
SECTION
2
HEADER
9
$INSUNITS
70
4
9
$ACADVER
1
AC1014
9
$HANDSEED
5
FFFF
0
ENDSEC
0
SECTION
2
TABLES
0
TABLE
2
VPORT
5
8
100
AcDbSymbolTable
0
ENDTAB
0
TABLE
2
LTYPE
5
5
100
AcDbSymbolTable
0
LTYPE
5
14
100
AcDbSymbolTableRecord
100
AcDbLinetypeTableRecord
2
BYBLOCK
70
0
0
LTYPE
5
15
100
AcDbSymbolTableRecord
100
AcDbLinetypeTableRecord
2
BYLAYER
70
0
0
LTYPE
5
16
100
AcDbSymbolTableRecord
100
AcDbLinetypeTableRecord
2
DASHED
70
0
3
Dashed __ __ __ __ __ __ __ __ __ __ __ __ __ _
72
65
73
2
40
0.75
49
0.5
74
0
49
-0.25
74
0
0
ENDTAB
0
TABLE
2
LAYER
5
2
100
AcDbSymbolTable
70
2
0
LAYER
5
50
100
AcDbSymbolTableRecord
100
AcDbLayerTableRecord
2
0
70
0
62
7
6
CONTINUOUS
0
ENDTAB
0
TABLE
2
STYLE
5
3
100
AcDbSymbolTable
70
1
0
STYLE
5
11
100
AcDbSymbolTableRecord
100
AcDbTextStyleTableRecord
2
STANDARD
70
0
0
ENDTAB
0
TABLE
2
VIEW
5
6
100
AcDbSymbolTable
70
0
0
ENDTAB
0
TABLE
2
UCS
5
7
100
AcDbSymbolTable
70
0
0
ENDTAB
0
TABLE
2
APPID
5
9
100
AcDbSymbolTable
70
2
0
APPID
5
12
100
AcDbSymbolTableRecord
100
AcDbRegAppTableRecord
2
ACAD
70
0
0
ENDTAB
0
TABLE
2
DIMSTYLE
5
A
100
AcDbSymbolTable
70
1
0
ENDTAB
0
TABLE
2
BLOCK_RECORD
5
1
100
AcDbSymbolTable
70
1
0
BLOCK_RECORD
5
1F
100
AcDbSymbolTableRecord
100
AcDbBlockTableRecord
2
*MODEL_SPACE
0
BLOCK_RECORD
5
1B
100
AcDbSymbolTableRecord
100
AcDbBlockTableRecord
2
*PAPER_SPACE
0
ENDTAB
0
ENDSEC
0
SECTION
2
BLOCKS
0
BLOCK
5
20
100
AcDbEntity
100
AcDbBlockBegin
2
*MODEL_SPACE
0
ENDBLK
5
21
100
AcDbEntity
100
AcDbBlockEnd
0
BLOCK
5
1C
100
AcDbEntity
100
AcDbBlockBegin
2
*PAPER_SPACE
0
ENDBLK
5
1D
100
AcDbEntity
100
AcDbBlockEnd
0
ENDSEC
0
SECTION
2
ENTITIES
0
ARC
5
100
100
AcDbEntity
8
0
100
AcDbCircle
10
0
20
0
30
0
40
14.034033399999997
210
0
220
0
230
1
100
AcDbArc
50
173.00239450984785
51
174.99760549015218
0
SPLINE
5
101
100
AcDbEntity
8
0
100
AcDbSpline
70
0
71
3
72
9
73
5
74
0
42
0.000000001
43
0.0000000001
44
0.0000000001
40
0
40
0
40
0
40
0
40
0.5
40
1
40
1
40
1
40
1
10
-14.285883886955229
20
0.94995939923139994
30
0
10
-14.210652111520119
20
0.94834203528856387
30
0
10
-14.059408501431037
20
1.00451929759799
30
0
10
-13.987140065044823
20
1.1487683443735344
30
0
10
-13.980578535871604
20
1.2237308832589751
30
0
0
SPLINE
5
102
100
AcDbEntity
8
0
100
AcDbSpline
70
4
71
5
72
81
73
75
74
0
42
0.000000001
43
0.0000000001
44
0.0000000001
40
0.014008970433926529
40
0.014008970433926529
40
0.014008970433926529
40
0.014008970433926529
40
0.014008970433926529
40
0.014008970433926529
40
0.014285714285714285
40
0.028571428571428571
40
0.042857142857142858
40
0.057142857142857141
40
0.071428571428571425
40
0.085714285714285715
40
0.10000000000000001
40
0.1142857142857143
40
0.12857142857142859
40
0.14285714285714288
40
0.15714285714285717
40
0.17142857142857146
40
0.18571428571428575
40
0.20000000000000004
40
0.21428571428571433
40
0.22857142857142862
40
0.24285714285714291
40
0.25714285714285717
40
0.27142857142857146
40
0.28571428571428575
40
0.30000000000000004
40
0.31428571428571433
40
0.32857142857142863
40
0.34285714285714292
40
0.35714285714285721
40
0.3714285714285715
40
0.38571428571428579
40
0.40000000000000008
40
0.41428571428571437
40
0.42857142857142866
40
0.44285714285714295
40
0.45714285714285724
40
0.47142857142857153
40
0.48571428571428582
40
0.50000000000000011
40
0.51428571428571435
40
0.52857142857142858
40
0.54285714285714282
40
0.55714285714285705
40
0.57142857142857129
40
0.58571428571428552
40
0.59999999999999976
40
0.61428571428571399
40
0.62857142857142823
40
0.64285714285714246
40
0.6571428571428567
40
0.67142857142857093
40
0.68571428571428517
40
0.6999999999999994
40
0.71428571428571364
40
0.72857142857142787
40
0.74285714285714211
40
0.75714285714285634
40
0.77142857142857058
40
0.78571428571428481
40
0.79999999999999905
40
0.81428571428571328
40
0.82857142857142752
40
0.84285714285714175
40
0.85714285714285599
40
0.87142857142857022
40
0.88571428571428445
40
0.89999999999999869
40
0.91428571428571292
40
0.92857142857142716
40
0.94285714285714139
40
0.95714285714285563
40
0.97142857142856986
40
0.9857142857142841
40
1
40
1
40
1
40
1
40
1
40
1
41
1
41
1
41
1
41
1
41
1
41
1
41
1
41
1
41
1
41
1
41
1
41
1
41
1
41
1
41
1
41
1
41
1
41
1
41
1
41
1
41
1
41
1
41
1
41
1
41
1
41
1
41
1
41
1
41
1
41
1
41
1
41
1
41
1
41
1
41
1
41
1
41
1
41
1
41
1
41
1
41
1
41
1
41
1
41
1
41
1
41
1
41
1
41
1
41
1
41
1
41
1
41
1
41
1
41
1
41
1
41
1
41
1
41
1
41
1
41
1
41
1
41
1
41
1
41
1
41
1
41
1
41
1
41
1
41
1
41
1
41
1
41
1
41
1
41
1
41
1
10
-14.285883886955224
20
0.94995939923139994
30
0
10
-14.285992619847928
20
0.94996173681627072
30
0
10
-14.291714246553459
20
0.95008352386979933
30
0
10
-14.303051332692846
20
0.95019788729838395
30
0
10
-14.320010049103423
20
0.95000928152715558
30
0
10
-14.342599496828793
20
0.94913283734382292
30
0
10
-14.370720788400286
20
0.94729466674413754
30
0
10
-14.398859574103133
20
0.94498928768220947
30
0
10
-14.42701270558447
20
0.94242929843847867
30
0
10
-14.455177301884367
20
0.9397001911050209
30
0
10
-14.483350765190199
20
0.93679998984603641
30
0
10
-14.511530816990945
20
0.93367335499323467
30
0
10
-14.539715524587066
20
0.93024684391461676
30
0
10
-14.567903337427303
20
0.92646562701748691
30
0
10
-14.59609310424414
20
0.92232379037227752
30
0
10
-14.62428396487031
20
0.91784655251141201
30
0
10
-14.65247525344893
20
0.91307725293612096
30
0
10
-14.680666400726794
20
0.90806302418689755
30
0
10
-14.708856829523661
20
0.90283989445673485
30
0
10
-14.737045875333406
20
0.89742155730228923
30
0
10
-14.765232831471875
20
0.89180748132749055
30
0
10
-14.793416978222638
20
0.88598851035021764
30
0
10
-14.821597616689443
20
0.8799531719603737
30
0
10
-14.849774104212269
20
0.8736942837426892
30
0
10
-14.877945878356398
20
0.86721358295746465
30
0
10
-14.906112433217416
20
0.86051820002031931
30
0
10
-14.934273302968686
20
0.85361836580762862
30
0
10
-14.962428043442129
20
0.84652476332090276
30
0
10
-14.990576212787676
20
0.83924574601848001
30
0
10
-15.018717358331026
20
0.83178551308143489
30
0
10
-15.046851025054583
20
0.8241456667901258
30
0
10
-15.074976760555526
20
0.81632621206336797
30
0
10
-15.103094121119764
20
0.80832671869822781
30
0
10
-15.131202678168069
20
0.80014754745092964
30
0
10
-15.159302022157657
20
0.79179063056361743
30
0
10
-15.187391758052247
20
0.78325880976700835
30
0
10
-15.215471502331736
20
0.77455542550161838
30
0
10
-15.243540879602197
20
0.76568383292546793
30
0
10
-15.271599519169648
20
0.75664689354208214
30
0
10
-15.299647052643655
20
0.74744665913749531
30
0
10
-15.32768311473427
20
0.73808466165202358
30
0
10
-15.355707343541919
20
0.72856209729319432
30
0
10
-15.383719381118571
20
0.71888004275801198
30
0
10
-15.411718874046015
20
0.70903968342616186
30
0
10
-15.439705473972371
20
0.69904245953794619
30
0
10
-15.467678837702763
20
0.68888994370343504
30
0
10
-15.495638627506532
20
0.67858376607547655
30
0
10
-15.523584511340481
20
0.66812552596516916
30
0
10
-15.551516163455045
20
0.65751670075473223
30
0
10
-15.579433264205591
20
0.64675858702426314
30
0
10
-15.607335497264943
20
0.63585235603429946
30
0
10
-15.635222547261741
20
0.62479909120711652
30
0
10
-15.663094097578433
20
0.61359983170794163
30
0
10
-15.690949827679706
20
0.60225561903341318
30
0
10
-15.718789412317095
20
0.59076752928038789
30
0
10
-15.746612527505214
20
0.57913664362225337
30
0
10
-15.774418855766662
20
0.56736402888354232
30
0
10
-15.802208091335206
20
0.55545071614492858
30
0
10
-15.829979946581155
20
0.54339767892438873
30
0
10
-15.857734154874732
20
0.53120581933446764
30
0
10
-15.885470455801606
20
0.51887599343984203
30
0
10
-15.913188582498215
20
0.50640903259815429
30
0
10
-15.940888248977522
20
0.4938057663102654
30
0
10
-15.968569135959685
20
0.48106704780369902
30
0
10
-15.996230882148403
20
0.46819377255398315
30
0
10
-16.023873115002548
20
0.45518683910220042
30
0
10
-16.051495477804803
20
0.44204711641973238
30
0
10
-16.079097657842841
20
0.42877540995647812
30
0
10
-16.106679415390637
20
0.41537242854462358
30
0
10
-16.134240609524593
20
0.40183875354911114
30
0
10
-16.16178117199577
20
0.38817483854629126
30
0
10
-16.18379710191277
20
0.37713977389158282
30
0
10
-16.200299760215337
20
0.3688051007907312
30
0
10
-16.211297405287343
20
0.36322271640209569
30
0
10
-16.21679519604071
20
0.36042504029412148
30
0
0
ARC
5
103
100
AcDbEntity
8
0
100
AcDbCircle
10
0
20
0
30
0
40
16.220800000000004
210
0
220
0
230
1
100
AcDbArc
50
178.72678700657141
51
181.27321299342859
0
SPLINE
5
104
100
AcDbEntity
8
0
100
AcDbSpline
70
4
71
5
72
81
73
75
74
0
42
0.000000001
43
0.0000000001
44
0.0000000001
40
-1
40
-1
40
-1
40
-1
40
-1
40
-1
40
-0.9857142857142841
40
-0.97142857142856986
40
-0.95714285714285563
40
-0.94285714285714139
40
-0.92857142857142716
40
-0.91428571428571292
40
-0.89999999999999869
40
-0.88571428571428445
40
-0.87142857142857022
40
-0.85714285714285599
40
-0.84285714285714175
40
-0.82857142857142752
40
-0.81428571428571328
40
-0.79999999999999905
40
-0.78571428571428481
40
-0.77142857142857058
40
-0.75714285714285634
40
-0.74285714285714211
40
-0.72857142857142787
40
-0.71428571428571364
40
-0.6999999999999994
40
-0.68571428571428517
40
-0.67142857142857093
40
-0.6571428571428567
40
-0.64285714285714246
40
-0.62857142857142823
40
-0.61428571428571399
40
-0.59999999999999976
40
-0.58571428571428552
40
-0.57142857142857129
40
-0.55714285714285705
40
-0.54285714285714282
40
-0.52857142857142858
40
-0.51428571428571435
40
-0.50000000000000011
40
-0.48571428571428582
40
-0.47142857142857153
40
-0.45714285714285724
40
-0.44285714285714295
40
-0.42857142857142866
40
-0.41428571428571437
40
-0.40000000000000008
40
-0.38571428571428579
40
-0.3714285714285715
40
-0.35714285714285721
40
-0.34285714285714292
40
-0.32857142857142863
40
-0.31428571428571433
40
-0.30000000000000004
40
-0.28571428571428575
40
-0.27142857142857146
40
-0.25714285714285717
40
-0.24285714285714291
40
-0.22857142857142862
40
-0.21428571428571433
40
-0.20000000000000004
40
-0.18571428571428575
40
-0.17142857142857146
40
-0.15714285714285717
40
-0.14285714285714288
40
-0.12857142857142859
40
-0.1142857142857143
40
-0.10000000000000001
40
-0.085714285714285715
40
-0.071428571428571425
40
-0.057142857142857141
40
-0.042857142857142858
40
-0.028571428571428571
40
-0.014285714285714285
40
-0.014008970433926529
40
-0.014008970433926529
40
-0.014008970433926529
40
-0.014008970433926529
40
-0.014008970433926529
40
-0.014008970433926529
41
1
41
1
41
1
41
1
41
1
41
1
41
1
41
1
41
1
41
1
41
1
41
1
41
1
41
1
41
1
41
1
41
1
41
1
41
1
41
1
41
1
41
1
41
1
41
1
41
1
41
1
41
1
41
1
41
1
41
1
41
1
41
1
41
1
41
1
41
1
41
1
41
1
41
1
41
1
41
1
41
1
41
1
41
1
41
1
41
1
41
1
41
1
41
1
41
1
41
1
41
1
41
1
41
1
41
1
41
1
41
1
41
1
41
1
41
1
41
1
41
1
41
1
41
1
41
1
41
1
41
1
41
1
41
1
41
1
41
1
41
1
41
1
41
1
41
1
41
1
10
-16.21679519604071
20
-0.36042504029412148
30
0
10
-16.211297405287343
20
-0.36322271640209569
30
0
10
-16.200299760215337
20
-0.3688051007907312
30
0
10
-16.18379710191277
20
-0.37713977389158282
30
0
10
-16.16178117199577
20
-0.38817483854629126
30
0
10
-16.134240609524593
20
-0.40183875354911114
30
0
10
-16.106679415390637
20
-0.41537242854462358
30
0
10
-16.079097657842841
20
-0.42877540995647812
30
0
10
-16.051495477804803
20
-0.44204711641973238
30
0
10
-16.023873115002548
20
-0.45518683910220042
30
0
10
-15.996230882148403
20
-0.46819377255398315
30
0
10
-15.968569135959685
20
-0.48106704780369902
30
0
10
-15.940888248977522
20
-0.4938057663102654
30
0
10
-15.913188582498215
20
-0.50640903259815429
30
0
10
-15.885470455801606
20
-0.51887599343984203
30
0
10
-15.857734154874732
20
-0.53120581933446764
30
0
10
-15.829979946581155
20
-0.54339767892438873
30
0
10
-15.802208091335206
20
-0.55545071614492858
30
0
10
-15.774418855766662
20
-0.56736402888354232
30
0
10
-15.746612527505214
20
-0.57913664362225337
30
0
10
-15.718789412317095
20
-0.59076752928038789
30
0
10
-15.690949827679706
20
-0.60225561903341318
30
0
10
-15.663094097578433
20
-0.61359983170794163
30
0
10
-15.635222547261741
20
-0.62479909120711652
30
0
10
-15.607335497264943
20
-0.63585235603429946
30
0
10
-15.579433264205591
20
-0.64675858702426314
30
0
10
-15.551516163455045
20
-0.65751670075473223
30
0
10
-15.523584511340481
20
-0.66812552596516916
30
0
10
-15.495638627506532
20
-0.67858376607547655
30
0
10
-15.467678837702763
20
-0.68888994370343504
30
0
10
-15.439705473972371
20
-0.69904245953794619
30
0
10
-15.411718874046015
20
-0.70903968342616186
30
0
10
-15.383719381118571
20
-0.71888004275801198
30
0
10
-15.355707343541919
20
-0.72856209729319432
30
0
10
-15.32768311473427
20
-0.73808466165202358
30
0
10
-15.299647052643655
20
-0.74744665913749531
30
0
10
-15.271599519169648
20
-0.75664689354208214
30
0
10
-15.243540879602197
20
-0.76568383292546793
30
0
10
-15.215471502331736
20
-0.77455542550161838
30
0
10
-15.187391758052247
20
-0.78325880976700835
30
0
10
-15.159302022157657
20
-0.79179063056361743
30
0
10
-15.131202678168069
20
-0.80014754745092964
30
0
10
-15.103094121119764
20
-0.80832671869822781
30
0
10
-15.074976760555526
20
-0.81632621206336797
30
0
10
-15.046851025054583
20
-0.8241456667901258
30
0
10
-15.018717358331026
20
-0.83178551308143489
30
0
10
-14.990576212787676
20
-0.83924574601848001
30
0
10
-14.962428043442129
20
-0.84652476332090276
30
0
10
-14.934273302968686
20
-0.85361836580762862
30
0
10
-14.906112433217416
20
-0.86051820002031931
30
0
10
-14.877945878356398
20
-0.86721358295746465
30
0
10
-14.849774104212269
20
-0.8736942837426892
30
0
10
-14.821597616689443
20
-0.8799531719603737
30
0
10
-14.793416978222638
20
-0.88598851035021764
30
0
10
-14.765232831471875
20
-0.89180748132749055
30
0
10
-14.737045875333406
20
-0.89742155730228923
30
0
10
-14.708856829523661
20
-0.90283989445673485
30
0
10
-14.680666400726794
20
-0.90806302418689755
30
0
10
-14.65247525344893
20
-0.91307725293612096
30
0
10
-14.62428396487031
20
-0.91784655251141201
30
0
10
-14.59609310424414
20
-0.92232379037227752
30
0
10
-14.567903337427303
20
-0.92646562701748691
30
0
10
-14.539715524587066
20
-0.93024684391461676
30
0
10
-14.511530816990945
20
-0.93367335499323467
30
0
10
-14.483350765190199
20
-0.93679998984603641
30
0
10
-14.455177301884367
20
-0.9397001911050209
30
0
10
-14.42701270558447
20
-0.94242929843847867
30
0
10
-14.398859574103133
20
-0.94498928768220947
30
0
10
-14.370720788400286
20
-0.94729466674413754
30
0
10
-14.342599496828793
20
-0.94913283734382292
30
0
10
-14.320010049103423
20
-0.95000928152715558
30
0
10
-14.303051332692846
20
-0.95019788729838395
30
0
10
-14.291714246553459
20
-0.95008352386979933
30
0
10
-14.285992619847928
20
-0.94996173681627072
30
0
10
-14.285883886955224
20
-0.94995939923139994
30
0
0
SPLINE
5
105
100
AcDbEntity
8
0
100
AcDbSpline
70
0
71
3
72
14
73
10
74
0
42
0.000000001
43
0.0000000001
44
0.0000000001
40
0
40
0
40
0
40
0
40
0.01171933420160785
40
0.01171933420160785
40
0.023438668403215551
40
0.023438668403215551
40
0.03436069125824516
40
0.03436069125824516
40
0.045282714113274947
40
0.045282714113274947
40
0.045282714113274947
40
0.045282714113274947
10
-13.980578535871601
20
-1.2237308832589753
30
0
10
-13.983984853163523
20
-1.1848152302593882
30
0
10
-13.994959696591806
20
-1.1469369616254914
30
0
10
-14.030810953665686
20
-1.0775193014104387
30
0
10
-14.055344609753206
20
-1.0466435804964846
30
0
10
-14.112841386433095
20
-0.99775573722296929
30
0
10
-14.144640085850588
20
-0.97941726504949189
30
0
10
-14.213246932740315
20
-0.95502660577873244
30
0
10
-14.249485554457884
20
-0.94917689276760697
30
0
10
-14.285883886955231
20
-0.94995939923140016
30
0
0
ARC
5
106
100
AcDbEntity
8
0
100
AcDbCircle
10
0
20
0
30
0
40
14.034033399999998
210
0
220
0
230
1
100
AcDbArc
50
185.00239450984785
51
186.99760549015207
0
SPLINE
5
107
100
AcDbEntity
8
0
100
AcDbSpline
70
0
71
3
72
14
73
10
74
0
42
0.000000001
43
0.0000000001
44
0.0000000001
40
0
40
0
40
0
40
0
40
0.01171933420160785
40
0.01171933420160785
40
0.023438668403215693
40
0.023438668403215693
40
0.034360691258244432
40
0.034360691258244432
40
0.045282714113273254
40
0.045282714113273254
40
0.045282714113273254
40
0.045282714113273254
10
-14.171210713289405
20
-2.0410017666103215
30
0
10
-14.132834176129137
20
-2.0337029693488491
30
0
10
-14.096250156987232
20
-2.0189781614926541
30
0
10
-14.030785564215503
20
-1.9763341551524725
30
0
10
-14.002530867773533
20
-1.9488226566118767
30
0
10
-13.959666867183575
20
-1.886705203332331
30
0
10
-13.944615879234938
20
-1.8532249911455585
30
0
10
-13.927241306459644
20
-1.7825148227064433
30
0
10
-13.925061953107253
20
-1.7458718525038686
30
0
10
-13.929497308777632
20
-1.7097362945999111
30
0
0
SPLINE
5
108
100
AcDbEntity
8
0
100
AcDbSpline
70
4
71
5
72
81
73
75
74
0
42
0.000000001
43
0.0000000001
44
0.0000000001
40
0.014008970433921117
40
0.014008970433921117
40
0.014008970433921117
40
0.014008970433921117
40
0.014008970433921117
40
0.014008970433921117
40
0.014285714285714285
40
0.028571428571428571
40
0.042857142857142858
40
0.057142857142857141
40
0.071428571428571425
40
0.085714285714285715
40
0.10000000000000001
40
0.1142857142857143
40
0.12857142857142859
40
0.14285714285714288
40
0.15714285714285717
40
0.17142857142857146
40
0.18571428571428575
40
0.20000000000000004
40
0.21428571428571433
40
0.22857142857142862
40
0.24285714285714291
40
0.25714285714285717
40
0.27142857142857146
40
0.28571428571428575
40
0.30000000000000004
40
0.31428571428571433
40
0.32857142857142863
40
0.34285714285714292
40
0.35714285714285721
40
0.3714285714285715
40
0.38571428571428579
40
0.40000000000000008
40
0.41428571428571437
40
0.42857142857142866
40
0.44285714285714295
40
0.45714285714285724
40
0.47142857142857153
40
0.48571428571428582
40
0.50000000000000011
40
0.51428571428571435
40
0.52857142857142858
40
0.54285714285714282
40
0.55714285714285705
40
0.57142857142857129
40
0.58571428571428552
40
0.59999999999999976
40
0.61428571428571399
40
0.62857142857142823
40
0.64285714285714246
40
0.6571428571428567
40
0.67142857142857093
40
0.68571428571428517
40
0.6999999999999994
40
0.71428571428571364
40
0.72857142857142787
40
0.74285714285714211
40
0.75714285714285634
40
0.77142857142857058
40
0.78571428571428481
40
0.79999999999999905
40
0.81428571428571328
40
0.82857142857142752
40
0.84285714285714175
40
0.85714285714285599
40
0.87142857142857022
40
0.88571428571428445
40
0.89999999999999869
40
0.91428571428571292
40
0.92857142857142716
40
0.94285714285714139
40
0.95714285714285563
40
0.97142857142856986
40
0.9857142857142841
40
1
40
1
40
1
40
1
40
1
40
1
41
1
41
1
41
1
41
1
41
1
41
1
41
1
41
1
41
1
41
1
41
1
41
1
41
1
41
1
41
1
41
1
41
1
41
1
41
1
41
1
41
1
41
1
41
1
41
1
41
1
41
1
41
1
41
1
41
1
41
1
41
1
41
1
41
1
41
1
41
1
41
1
41
1
41
1
41
1
41
1
41
1
41
1
41
1
41
1
41
1
41
1
41
1
41
1
41
1
41
1
41
1
41
1
41
1
41
1
41
1
41
1
41
1
41
1
41
1
41
1
41
1
41
1
41
1
41
1
41
1
41
1
41
1
41
1
41
1
41
1
41
1
41
1
41
1
41
1
41
1
10
-14.171210713289401
20
-2.0410017666103215
30
0
10
-14.171317556118746
20
-2.0410220869468585
30
0
10
-14.17693947250527
20
-2.0420925543152233
30
0
10
-14.188052593605637
20
-2.0443378027501296
30
0
10
-14.204601508029377
20
-2.0480482024357638
30
0
10
-14.226515099131785
20
-2.0536021044820889
30
0
10
-14.253639695854584
20
-2.0612468519225184
30
0
10
-14.280684266318646
20
-2.069352235433763
30
0
10
-14.30768993263812
20
-2.077709647938522
30
0
10
-14.334671651614377
20
-2.0862348665667998
30
0
10
-14.361626471403872
20
-2.0949292838620286
30
0
10
-14.388540657522508
20
-2.1038465564588922
30
0
10
-14.415397049923079
20
-2.1130581202608441
30
0
10
-14.442182732224257
20
-2.1226172843246935
30
0
10
-14.468895348741398
20
-2.1325295939844842
30
0
10
-14.495539301331659
20
-2.1427702029543987
30
0
10
-14.522122949477716
20
-2.1532965803658626
30
0
10
-14.548655535772092
20
-2.1640625052830789
30
0
10
-14.57514398632985
20
-2.1750326168129934
30
0
10
-14.601590498216424
20
-2.1861933824774247
30
0
10
-14.627994269706956
20
-2.1975451751322659
30
0
10
-14.654352693135239
20
-2.2090968012376329
30
0
10
-14.680662699629405
20
-2.220859337195233
30
0
10
-14.706922167264985
20
-2.2328396748507977
30
0
10
-14.733130907094537
20
-2.2450359979705805
30
0
10
-14.759289906765645
20
-2.257441226772209
30
0
10
-14.785400837749904
20
-2.2700452570976988
30
0
10
-14.811465486706281
20
-2.2828375470470172
30
0
10
-14.837485158221838
20
-2.2958098338391397
30
0
10
-14.863460282573133
20
-2.3089579159388922
30
0
10
-14.889390747818609
20
-2.3222801314761092
30
0
10
-14.915276112464216
20
-2.335776381579628
30
0
10
-14.941115853047862
20
-2.3494469947980696
30
0
10
-14.966909625361238
20
-2.3632915291519656
30
0
10
-14.992657430546783
20
-2.3773080094745667
30
0
10
-15.018359473029744
20
-2.3914935740011294
30
0
10
-15.044016072187492
20
-2.4058448755494637
30
0
10
-15.069627558405932
20
-2.4203585542310164
30
0
10
-15.095194164031671
20
-2.4350317340013667
30
0
10
-15.120715955314793
20
-2.4498623313182502
30
0
10
-15.146192893456119
20
-2.4648487717698715
30
0
10
-15.171624873169971
20
-2.4799898100455566
30
0
10
-15.197011768188238
20
-2.4952843185551306
30
0
10
-15.222353479270039
20
-2.5107310643425231
30
0
10
-15.247649965118622
20
-2.5263285662137096
30
0
10
-15.272901217002751
20
-2.5420752145696945
30
0
10
-15.298107243499832
20
-2.5579693446622285
30
0
10
-15.323268052338081
20
-2.5740093230933372
30
0
10
-15.34838363205138
20
-2.590193637038003
30
0
10
-15.373453939554263
20
-2.6065209517916585
30
0
10
-15.398478908950807
20
-2.6229900559205004
30
0
10
-15.423458457017443
20
-2.6395998241082386
30
0
10
-15.448392490110068
20
-2.6563491740694078
30
0
10
-15.473280911237159
20
-2.6732370204235307
30
0
10
-15.498123625990829
20
-2.690262242966091
30
0
10
-15.522920542254138
20
-2.7074237167895832
30
0
10
-15.547671571292618
20
-2.7247203323748881
30
0
10
-15.572376628395491
20
-2.7421510176005439
30
0
10
-15.597035634624227
20
-2.7597147604207013
30
0
10
-15.621648516735307
20
-2.7774106230006925
30
0
10
-15.646215197990918
20
-2.7952377138397222
30
0
10
-15.670735590208087
20
-2.813195164263254
30
0
10
-15.695209586112206
20
-2.8312821034369628
30
0
10
-15.71963705079644
20
-2.8494976303963808
30
0
10
-15.744017817039515
20
-2.8678407941165447
30
0
10
-15.768351707258407
20
-2.8863106382359938
30
0
10
-15.79263855320024
20
-2.9049062386067552
30
0
10
-15.816878216448657
20
-2.9236267423633953
30
0
10
-15.841070609890719
20
-2.9424714063215691
30
0
10
-15.865215716554912
20
-2.9614396325208876
30
0
10
-15.889313563987525
20
-2.9805309631069807
30
0
10
-15.908554074063119
20
-2.9959022543368952
30
0
10
-15.922963233710696
20
-3.0074858904240687
30
0
10
-15.932559910874565
20
-3.0152328253021206
30
0
10
-15.937355892139335
20
-3.0191124204460609
30
0
0
ARC
5
109
100
AcDbEntity
8
0
100
AcDbCircle
10
0
20
0
30
0
40
16.220800000000001
210
0
220
0
230
1
100
AcDbArc
50
190.72678700657124
51
193.27321299342856
0
SPLINE
5
110
100
AcDbEntity
8
0
100
AcDbSpline
70
4
71
5
72
81
73
75
74
0
42
0.000000001
43
0.0000000001
44
0.0000000001
40
-1
40
-1
40
-1
40
-1
40
-1
40
-1
40
-0.9857142857142841
40
-0.97142857142856986
40
-0.95714285714285563
40
-0.94285714285714139
40
-0.92857142857142716
40
-0.91428571428571292
40
-0.89999999999999869
40
-0.88571428571428445
40
-0.87142857142857022
40
-0.85714285714285599
40
-0.84285714285714175
40
-0.82857142857142752
40
-0.81428571428571328
40
-0.79999999999999905
40
-0.78571428571428481
40
-0.77142857142857058
40
-0.75714285714285634
40
-0.74285714285714211
40
-0.72857142857142787
40
-0.71428571428571364
40
-0.6999999999999994
40
-0.68571428571428517
40
-0.67142857142857093
40
-0.6571428571428567
40
-0.64285714285714246
40
-0.62857142857142823
40
-0.61428571428571399
40
-0.59999999999999976
40
-0.58571428571428552
40
-0.57142857142857129
40
-0.55714285714285705
40
-0.54285714285714282
40
-0.52857142857142858
40
-0.51428571428571435
40
-0.50000000000000011
40
-0.48571428571428582
40
-0.47142857142857153
40
-0.45714285714285724
40
-0.44285714285714295
40
-0.42857142857142866
40
-0.41428571428571437
40
-0.40000000000000008
40
-0.38571428571428579
40
-0.3714285714285715
40
-0.35714285714285721
40
-0.34285714285714292
40
-0.32857142857142863
40
-0.31428571428571433
40
-0.30000000000000004
40
-0.28571428571428575
40
-0.27142857142857146
40
-0.25714285714285717
40
-0.24285714285714291
40
-0.22857142857142862
40
-0.21428571428571433
40
-0.20000000000000004
40
-0.18571428571428575
40
-0.17142857142857146
40
-0.15714285714285717
40
-0.14285714285714288
40
-0.12857142857142859
40
-0.1142857142857143
40
-0.10000000000000001
40
-0.085714285714285715
40
-0.071428571428571425
40
-0.057142857142857141
40
-0.042857142857142858
40
-0.028571428571428571
40
-0.014285714285714285
40
-0.014008970433928595
40
-0.014008970433928595
40
-0.014008970433928595
40
-0.014008970433928595
40
-0.014008970433928595
40
-0.014008970433928595
41
1
41
1
41
1
41
1
41
1
41
1
41
1
41
1
41
1
41
1
41
1
41
1
41
1
41
1
41
1
41
1
41
1
41
1
41
1
41
1
41
1
41
1
41
1
41
1
41
1
41
1
41
1
41
1
41
1
41
1
41
1
41
1
41
1
41
1
41
1
41
1
41
1
41
1
41
1
41
1
41
1
41
1
41
1
41
1
41
1
41
1
41
1
41
1
41
1
41
1
41
1
41
1
41
1
41
1
41
1
41
1
41
1
41
1
41
1
41
1
41
1
41
1
41
1
41
1
41
1
41
1
41
1
41
1
41
1
41
1
41
1
41
1
41
1
41
1
41
1
10
-15.787482733058116
20
-3.724210197262221
30
0
10
-15.781523412653405
20
-3.7258036824635714
30
0
10
-15.769605449535465
20
-3.7289775393777544
30
0
10
-15.751730537934268
20
-3.7336989842835786
30
0
10
-15.727901389957385
20
-3.7399155370855555
30
0
10
-15.698121767181918
20
-3.74755485785274
30
0
10
-15.668349042015137
20
-3.7550624951053639
30
0
10
-15.638583375518397
20
-3.7624380193685614
30
0
10
-15.608825026408358
20
-3.7696808912812725
30
0
10
-15.579074376546947
20
-3.7767904673428374
30
0
10
-15.549331899275424
20
-3.7837660247209199
30
0
10
-15.519598124185292
20
-3.7906067875989473
30
0
10
-15.489873602493953
20
-3.7973119545267719
30
0
10
-15.460158873782353
20
-3.8038807247148783
30
0
10
-15.430454427749273
20
-3.8103123299628248
30
0
10
-15.400760716595181
20
-3.8166060183563824
30
0
10
-15.371078174200999
20
-3.822761032189121
30
0
10
-15.341407233276236
20
-3.8287765882466163
30
0
10
-15.311748342183911
20
-3.8346518595650938
30
0
10
-15.282101984674085
20
-3.8403859537018556
30
0
10
-15.252468674205
20
-3.8459779256801903
30
0
10
-15.222848943121692
20
-3.8514267979955026
30
0
10
-15.193243333118287
20
-3.8567315804609881
30
0
10
-15.163652386068902
20
-3.8618912881180458
30
0
10
-15.134076632043714
20
-3.8669049688722761
30
0
10
-15.104516596796023
20
-3.8717716720951967
30
0
10
-15.07497281406172
20
-3.8764904036093006
30
0
10
-15.045445836774237
20
-3.8810600835170215
30
0
10
-15.01593624716736
20
-3.8854795100295036
30
0
10
-14.986444671037287
20
-3.8897473057760168
30
0
10
-14.956971765686742
20
-3.8938619754299104
30
0
10
-14.927518200393997
20
-3.8978219946792381
30
0
10
-14.898084637818314
20
-3.9016258966334605
30
0
10
-14.86867171814205
20
-3.9052723449514115
30
0
10
-14.839280033514665
20
-3.9087602536365704
30
0
10
-14.809910157920072
20
-3.9120886439419298
30
0
10
-14.780562694054993
20
-3.9152564210431167
30
0
10
-14.751238317735218
20
-3.9182621624244378
30
0
10
-14.72193781589127
20
-3.9211039377289842
30
0
10
-14.692662146056616
20
-3.9237790250555604
30
0
10
-14.663412372998501
20
-3.9262842206131854
30
0
10
-14.634189566372825
20
-3.9286163366962974
30
0
10
-14.604994703412423
20
-3.9307726758054722
30
0
10
-14.575828586446313
20
-3.9327514330714264
30
0
10
-14.546691709693679
20
-3.9345523447279573
30
0
10
-14.517584417728175
20
-3.9361759238303784
30
0
10
-14.488507154089213
20
-3.9376222596271981
30
0
10
-14.459460696983976
20
-3.9388898794552052
30
0
10
-14.430446362253592
20
-3.9399747700117866
30
0
10
-14.401466318874284
20
-3.9408688522475055
30
0
10
-14.37252322242891
20
-3.9415617689578033
30
0
10
-14.343619655683478
20
-3.9420436096863027
30
0
10
-14.31475759598394
20
-3.9423075050175154
30
0
10
-14.285937954671198
20
-3.9423518725912006
30
0
10
-14.257159867053506
20
-3.9421838714861526
30
0
10
-14.228421631506372
20
-3.941814868721484
30
0
10
-14.199722048341394
20
-3.9412539700322284
30
0
10
-14.171061698316523
20
-3.9405018421300744
30
0
10
-14.142444078467349
20
-3.9395452288540249
30
0
10
-14.113877244043863
20
-3.938349009316064
30
0
10
-14.085371551265906
20
-3.9368671992891895
30
0
10
-14.056936662228775
20
-3.9350575447836853
30
0
10
-14.028578661530736
20
-3.9328955571913986
30
0
10
-14.000297445706241
20
-3.9303872605703227
30
0
10
-13.972083131709974
20
-3.9275866087327365
30
0
10
-13.943922340425544
20
-3.9245658412437501
30
0
10
-13.915805794809042
20
-3.9213795621962055
30
0
10
-13.887735625105289
20
-3.9180302443647652
30
0
10
-13.859732424123745
20
-3.9144348628499355
30
0
10
-13.83184347308616
20
-3.9103861197331486
30
0
10
-13.809565435999627
20
-3.9065468012370319
30
0
10
-13.792938094886299
20
-3.9032053701166221
30
0
10
-13.781872528773548
20
-3.9007363930551526
30
0
10
-13.776301254291461
20
-3.8994276742583693
30
0
10
-13.776195383484566
20
-3.899402780915767
30
0
0
SPLINE
5
111
100
AcDbEntity
8
0
100
AcDbSpline
70
0
71
3
72
9
73
5
74
0
42
0.000000001
43
0.0000000001
44
0.0000000001
40
-1
40
-1
40
-1
40
-1
40
-0.5
40
0
40
0
40
0
40
0
10
-13.420641394689053
20
-4.1037151494071633
30
0
10
-13.442645126914648
20
-4.0317549404762056
30
0
10
-13.543325387788563
20
-3.9056835342663772
30
0
10
-13.702943871715796
20
-3.8821791946216284
30
0
10
-13.77619538348457
20
-3.8994027809157679
30
0
0
ARC
5
112
100
AcDbEntity
8
0
100
AcDbCircle
10
0
20
0
30
0
40
14.034033399999986
210
0
220
0
230
1
100
AcDbArc
50
197.00239450984785
51
198.99760549015215
0
SPLINE
5
113
100
AcDbEntity
8
0
100
AcDbSpline
70
0
71
3
72
14
73
10
74
0
42
0.000000001
43
0.0000000001
44
0.0000000001
40
0
40
0
40
0
40
0
40
0.011719334201607878
40
0.011719334201607878
40
0.023438668403215655
40
0.023438668403215655
40
0.034360691258243349
40
0.034360691258243349
40
0.045282714113270957
40
0.045282714113270957
40
0.045282714113270957
40
0.045282714113270957
10
-13.437187630439219
20
-4.9427613614380785
30
0
10
-13.401167217971
20
-4.9276431296798027
30
0
10
-13.368444107120496
20
-4.9056338489272946
30
0
10
-13.313276260229248
20
-4.8503108622680973
30
0
10
-13.291358958873582
20
-4.8175260742672279
30
0
10
-13.262346584279314
20
-4.7478541095402758
30
0
10
-13.254585424053371
20
-4.71197624396485
30
0
10
-13.252291998057631
20
-4.6391988855557056
30
0
10
-13.257778770696243
20
-4.6029035391279169
30
0
10
-13.269630208146078
20
-4.5684797921597937
30
0
0
SPLINE
5
114
100
AcDbEntity
8
0
100
AcDbSpline
70
4
71
5
72
81
73
75
74
0
42
0.000000001
43
0.0000000001
44
0.0000000001
40
0.014008970433903804
40
0.014008970433903804
40
0.014008970433903804
40
0.014008970433903804
40
0.014008970433903804
40
0.014008970433903804
40
0.014285714285714285
40
0.028571428571428571
40
0.042857142857142858
40
0.057142857142857141
40
0.071428571428571425
40
0.085714285714285715
40
0.10000000000000001
40
0.1142857142857143
40
0.12857142857142859
40
0.14285714285714288
40
0.15714285714285717
40
0.17142857142857146
40
0.18571428571428575
40
0.20000000000000004
40
0.21428571428571433
40
0.22857142857142862
40
0.24285714285714291
40
0.25714285714285717
40
0.27142857142857146
40
0.28571428571428575
40
0.30000000000000004
40
0.31428571428571433
40
0.32857142857142863
40
0.34285714285714292
40
0.35714285714285721
40
0.3714285714285715
40
0.38571428571428579
40
0.40000000000000008
40
0.41428571428571437
40
0.42857142857142866
40
0.44285714285714295
40
0.45714285714285724
40
0.47142857142857153
40
0.48571428571428582
40
0.50000000000000011
40
0.51428571428571435
40
0.52857142857142858
40
0.54285714285714282
40
0.55714285714285705
40
0.57142857142857129
40
0.58571428571428552
40
0.59999999999999976
40
0.61428571428571399
40
0.62857142857142823
40
0.64285714285714246
40
0.6571428571428567
40
0.67142857142857093
40
0.68571428571428517
40
0.6999999999999994
40
0.71428571428571364
40
0.72857142857142787
40
0.74285714285714211
40
0.75714285714285634
40
0.77142857142857058
40
0.78571428571428481
40
0.79999999999999905
40
0.81428571428571328
40
0.82857142857142752
40
0.84285714285714175
40
0.85714285714285599
40
0.87142857142857022
40
0.88571428571428445
40
0.89999999999999869
40
0.91428571428571292
40
0.92857142857142716
40
0.94285714285714139
40
0.95714285714285563
40
0.97142857142856986
40
0.9857142857142841
40
1
40
1
40
1
40
1
40
1
40
1
41
1
41
1
41
1
41
1
41
1
41
1
41
1
41
1
41
1
41
1
41
1
41
1
41
1
41
1
41
1
41
1
41
1
41
1
41
1
41
1
41
1
41
1
41
1
41
1
41
1
41
1
41
1
41
1
41
1
41
1
41
1
41
1
41
1
41
1
41
1
41
1
41
1
41
1
41
1
41
1
41
1
41
1
41
1
41
1
41
1
41
1
41
1
41
1
41
1
41
1
41
1
41
1
41
1
41
1
41
1
41
1
41
1
41
1
41
1
41
1
41
1
41
1
41
1
41
1
41
1
41
1
41
1
41
1
41
1
41
1
41
1
41
1
41
1
41
1
41
1
10
-13.437187630439215
20
-4.9427613614380768
30
0
10
-13.437287913660871
20
-4.9428034515998096
30
0
10
-13.442564415005364
20
-4.945019388829401
30
0
10
-13.452967874347948
20
-4.9495261209972972
30
0
10
-13.468383719814035
20
-4.9565961523266049
30
0
10
-13.488663725209237
20
-4.9665847800659222
30
0
10
-13.513606152048299
20
-4.9797019922003818
30
0
10
-13.538374529770049
20
-4.9932531360075565
30
0
10
-13.56305245372193
20
-5.0070427127435702
30
0
10
-13.587672064782639
20
-5.0209914497040753
30
0
10
-13.612230186087416
20
-5.0351000952793035
30
0
10
-13.636702227441969
20
-5.0494182780179244
30
0
10
-13.661056551427812
20
-5.0640123050030788
30
0
10
-13.685269440341411
20
-5.0789316348940989
30
0
10
-13.709337437035698
20
-5.0941812020717983
30
0
10
-13.733270013009989
20
-5.1097376183988832
30
0
10
-13.757084187737004
20
-5.1255610204424764
30
0
10
-13.780798611709354
20
-5.1416081189481631
30
0
10
-13.804427411632938
20
-5.1578457657635379
30
0
10
-13.827975550122453
20
-5.1742611809231223
30
0
10
-13.851442165451562
20
-5.1908545624470461
30
0
10
-13.8748228759718
20
-5.2076339821888489
30
0
10
-13.898112376960107
20
-5.2246096364499479
30
0
10
-13.921307159965863
20
-5.2417878252998085
30
0
10
-13.944407417786802
20
-5.259166732909363
30
0
10
-13.967415588457566
20
-5.2767396395499508
30
0
10
-13.990335407696652
20
-5.2944970093821677
30
0
10
-14.013170814904507
20
-5.3124289023390769
30
0
10
-14.035924804088609
20
-5.3305275074401433
30
0
10
-14.05859866967122
20
-5.3487888044233465
30
0
10
-14.081192647679213
20
-5.3672111444604118
30
0
10
-14.10370632682271
20
-5.3857943390489744
30
0
10
-14.126139126769425
20
-5.4045386007241909
30
0
10
-14.148490802725526
20
-5.4234434255999737
30
0
10
-14.170761766468743
20
-5.4425068819092326
30
0
10
-14.192952812951487
20
-5.4617262129260471
30
0
10
-14.21506495049028
20
-5.4810982110144781
30
0
10
-14.237099200811405
20
-5.5006196583986906
30
0
10
-14.2590563891474
20
-5.5202877901903138
30
0
10
-14.280937013493425
20
-5.5401005821516449
30
0
10
-14.302741363236768
20
-5.5600564862087607
30
0
10
-14.324469594307152
20
-5.58015426237389
30
0
10
-14.346121817634899
20
-5.6003927814447945
30
0
10
-14.367698192493762
20
-5.6207708167751091
30
0
10
-14.389198986446981
20
-5.6412869109523776
30
0
10
-14.41062452560856
20
-5.6619394877358769
30
0
10
-14.431975164489096
20
-5.6827269205394471
30
0
10
-14.453251250250458
20
-5.7036476132655594
30
0
10
-14.474453086211099
20
-5.7247000837641169
30
0
10
-14.495580907727756
20
-5.745883017539076
30
0
10
-14.516634902215744
20
-5.7671952159288375
30
0
10
-14.537615222236532
20
-5.7886355609048152
30
0
10
-14.558522001212179
20
-5.8102029743623795
30
0
10
-14.579355369933939
20
-5.8318963744735433
30
0
10
-14.600115468960585
20
-5.8537146458844465
30
0
10
-14.620802442069568
20
-5.8756566691173218
30
0
10
-14.641416433147484
20
-5.8977213404497721
30
0
10
-14.661957582241271
20
-5.9199075935764007
30
0
10
-14.682426022553566
20
-5.9422144221547466
30
0
10
-14.702821877428175
20
-5.9646408936158917
30
0
10
-14.72314525715764
20
-5.9871861199857879
30
0
10
-14.743396256093583
20
-6.0098492332382492
30
0
10
-14.763574950362244
20
-6.0326293592651226
30
0
10
-14.783681395325868
20
-6.0555255887414683
30
0
10
-14.803715625146573
20
-6.0785369566572456
30
0
10
-14.823677664960691
20
-6.1016624906281951
30
0
10
-14.843567542333229
20
-6.1249012517194572
30
0
10
-14.863385299193261
20
-6.1482523769243747
30
0
10
-14.883131004848185
20
-6.1717151211871633
30
0
10
-14.902804767020314
20
-6.1952888960857315
30
0
10
-14.922406707847255
20
-6.2189732594981173
30
0
10
-14.93803089546493
20
-6.2380089781168513
30
0
10
-14.949716807038095
20
-6.2523353167088853
30
0
10
-14.957493095451799
20
-6.2619082238482644
30
0
10
-14.961377659833035
20
-6.2667001811040173
30
0
0
ARC
5
115
100
AcDbEntity
8
0
100
AcDbCircle
10
0
20
0
30
0
40
16.220800000000004
210
0
220
0
230
1
100
AcDbArc
50
202.72678700657127
51
205.27321299342861
0
SPLINE
5
116
100
AcDbEntity
8
0
100
AcDbSpline
70
4
71
5
72
81
73
75
74
0
42
0.000000001
43
0.0000000001
44
0.0000000001
40
-1
40
-1
40
-1
40
-1
40
-1
40
-1
40
-0.9857142857142841
40
-0.97142857142856986
40
-0.95714285714285563
40
-0.94285714285714139
40
-0.92857142857142716
40
-0.91428571428571292
40
-0.89999999999999869
40
-0.88571428571428445
40
-0.87142857142857022
40
-0.85714285714285599
40
-0.84285714285714175
40
-0.82857142857142752
40
-0.81428571428571328
40
-0.79999999999999905
40
-0.78571428571428481
40
-0.77142857142857058
40
-0.75714285714285634
40
-0.74285714285714211
40
-0.72857142857142787
40
-0.71428571428571364
40
-0.6999999999999994
40
-0.68571428571428517
40
-0.67142857142857093
40
-0.6571428571428567
40
-0.64285714285714246
40
-0.62857142857142823
40
-0.61428571428571399
40
-0.59999999999999976
40
-0.58571428571428552
40
-0.57142857142857129
40
-0.55714285714285705
40
-0.54285714285714282
40
-0.52857142857142858
40
-0.51428571428571435
40
-0.50000000000000011
40
-0.48571428571428582
40
-0.47142857142857153
40
-0.45714285714285724
40
-0.44285714285714295
40
-0.42857142857142866
40
-0.41428571428571437
40
-0.40000000000000008
40
-0.38571428571428579
40
-0.3714285714285715
40
-0.35714285714285721
40
-0.34285714285714292
40
-0.32857142857142863
40
-0.31428571428571433
40
-0.30000000000000004
40
-0.28571428571428575
40
-0.27142857142857146
40
-0.25714285714285717
40
-0.24285714285714291
40
-0.22857142857142862
40
-0.21428571428571433
40
-0.20000000000000004
40
-0.18571428571428575
40
-0.17142857142857146
40
-0.15714285714285717
40
-0.14285714285714288
40
-0.12857142857142859
40
-0.1142857142857143
40
-0.10000000000000001
40
-0.085714285714285715
40
-0.071428571428571425
40
-0.057142857142857141
40
-0.042857142857142858
40
-0.028571428571428571
40
-0.014285714285714285
40
-0.014008970433943738
40
-0.014008970433943738
40
-0.014008970433943738
40
-0.014008970433943738
40
-0.014008970433943738
40
-0.014008970433943738
41
1
41
1
41
1
41
1
41
1
41
1
41
1
41
1
41
1
41
1
41
1
41
1
41
1
41
1
41
1
41
1
41
1
41
1
41
1
41
1
41
1
41
1
41
1
41
1
41
1
41
1
41
1
41
1
41
1
41
1
41
1
41
1
41
1
41
1
41
1
41
1
41
1
41
1
41
1
41
1
41
1
41
1
41
1
41
1
41
1
41
1
41
1
41
1
41
1
41
1
41
1
41
1
41
1
41
1
41
1
41
1
41
1
41
1
41
1
41
1
41
1
41
1
41
1
41
1
41
1
41
1
41
1
41
1
41
1
41
1
41
1
41
1
41
1
41
1
41
1
10
-14.668181517893654
20
-6.9252294978667086
30
0
10
-14.662021118735275
20
-6.9255491492117471
30
0
10
-14.649703709748387
20
-6.9261757658744729
30
0
10
-14.631237764258875
20
-6.9270776327868777
30
0
10
-14.606636846333638
20
-6.9282039805483464
30
0
10
-14.575919675667654
20
-6.9294848321048423
30
0
10
-14.545236630423219
20
-6.9306383118409975
30
0
10
-14.514587957434966
20
-6.9316640331535435
30
0
10
-14.48397402190543
20
-6.93256152225797
30
0
10
-14.453395331143263
20
-6.9333302291092123
30
0
10
-14.422852498431368
20
-6.9339695450837322
30
0
10
-14.392346203089744
20
-6.9344788214266799
30
0
10
-14.361877150921224
20
-6.9348573888060567
30
0
10
-14.33144603620911
20
-6.9351045761167036
30
0
10
-14.301053497668956
20
-6.9352197337593076
30
0
10
-14.27070013395131
20
-6.9352022202685291
30
0
10
-14.240386526991793
20
-6.9350513847045629
30
0
10
-14.210113262883599
20
-6.9347665509334604
30
0
10
-14.179880952127375
20
-6.9343470032825039
30
0
10
-14.149690253451364
20
-6.9337919693883032
30
0
10
-14.119541865565203
20
-6.9331006316781272
30
0
10
-14.08943651241556
20
-6.9322721446889579
30
0
10
-14.05937492973065
20
-6.931305652496488
30
0
10
-14.029357852327749
20
-6.9302003043277889
30
0
10
-13.999385996645284
20
-6.9289552791017979
30
0
10
-13.969460074594359
20
-6.927569756273801
30
0
10
-13.939580814948592
20
-6.9260428743613875
30
0
10
-13.909748983081807
20
-6.9243736920266672
30
0
10
-13.879965398370546
20
-6.922561154795968
30
0
10
-13.850230959307337
20
-6.9206040455077584
30
0
10
-13.82054661972715
20
-6.9185010381727814
30
0
10
-13.790913351205194
20
-6.9162507809397464
30
0
10
-13.761332106903737
20
-6.9138519767477957
30
0
10
-13.731803790856556
20
-6.9113034515594185
30
0
10
-13.702329208064603
20
-6.9086042662245255
30
0
10
-13.672909123461814
20
-6.9057535827220384
30
0
10
-13.643544354201325
20
-6.9027504554598202
30
0
10
-13.614235857088371
20
-6.8995936335175667
30
0
10
-13.584984803200925
20
-6.8962813923333499
30
0
10
-13.555792695063129
20
-6.8928112685684484
30
0
10
-13.526661240280109
20
-6.8891803498199593
30
0
10
-13.497592147894474
20
-6.8853857404353036
30
0
10
-13.46858693462584
20
-6.8814250050400219
30
0
10
-13.439646760523836
20
-6.8772965450191368
30
0
10
-13.410772163847843
20
-6.8730002051243169
30
0
10
-13.381963374971569
20
-6.8685365588402769
30
0
10
-13.353220809186206
20
-6.8639057856822605
30
0
10
-13.324545533877147
20
-6.8591066069666535
30
0
10
-13.295939670543763
20
-6.8541353706698862
30
0
10
-13.267407020493776
20
-6.8489846252446496
30
0
10
-13.23895233466309
20
-6.8436447919428778
30
0
10
-13.210580199877828
20
-6.8381067138626879
30
0
10
-13.182293978505976
20
-6.8323640828151433
30
0
10
-13.15409489096465
20
-6.8264155404968001
30
0
10
-13.125980603001508
20
-6.8202679097638814
30
0
10
-13.097947086840474
20
-6.813931955451233
30
0
10
-13.069991275820449
20
-6.8074163348824879
30
0
10
-13.04211359939128
20
-6.8007218209464515
30
0
10
-13.014320234280781
20
-6.7938361742356328
30
0
10
-12.986626361755613
20
-6.7867267161183253
30
0
10
-12.95905167238576
20
-6.7793506204123988
30
0
10
-12.931614402224994
20
-6.7716685653417574
30
0
10
-12.904325594376434
20
-6.763657862492205
30
0
10
-12.877183895163434
20
-6.7553243827699196
30
0
10
-12.850168419880577
20
-6.7467188461662664
30
0
10
-12.823251062327151
20
-6.7379091319638285
30
0
10
-12.796411395355637
20
-6.7289467222191224
30
0
10
-12.769650988541141
20
-6.7198344785735555
30
0
10
-12.74300724653806
20
-6.7104954719067189
30
0
10
-12.716569517020766
20
-6.700736764575689
30
0
10
-12.695576547695634
20
-6.6923494800415
30
0
10
-12.680007276473052
20
-6.6856240486033816
30
0
10
-12.669696848724548
20
-6.6809083640540834
30
0
10
-12.664519417894715
20
-6.6784699108053953
30
0
10
-12.66442103623592
20
-6.678423549663588
30
0
0
SPLINE
5
117
100
AcDbEntity
8
0
100
AcDbSpline
70
0
71
3
72
9
73
5
74
0
42
0.000000001
43
0.0000000001
44
0.0000000001
40
-1
40
-1
40
-1
40
-1
40
-0.5
40
0
40
0
40
0
40
0
10
-12.274157825176232
20
-6.8043473717162204
30
0
10
-12.310642091770321
20
-6.7385344991734275
30
0
10
-12.435333966614252
20
-6.6361506589384174
30
0
10
-12.596351230697529
20
-6.6463464943871466
30
0
10
-12.66442103623592
20
-6.6784235496635898
30
0
0
ARC
5
118
100
AcDbEntity
8
0
100
AcDbCircle
10
0
20
0
30
0
40
14.03403340000003
210
0
220
0
230
1
100
AcDbArc
50
209.00239450984785
51
210.99760549015215
0
SPLINE
5
119
100
AcDbEntity
8
0
100
AcDbSpline
70
0
71
3
72
14
73
10
74
0
42
0.000000001
43
0.0000000001
44
0.0000000001
40
0
40
0
40
0
40
0
40
0.011719334201607857
40
0.011719334201607857
40
0.023438668403215696
40
0.023438668403215696
40
0.03436069125824863
40
0.03436069125824863
40
0.045282714113281469
40
0.045282714113281469
40
0.045282714113281469
40
0.045282714113281469
10
-12.115894969358873
20
-7.6284985667705572
30
0
10
-12.083804946452673
20
-7.606221639788652
30
0
10
-12.056372900860634
20
-7.5778897973209736
30
0
10
-12.013912899483689
20
-7.512305710328933
30
0
10
-11.999290884454435
20
-7.4756804854223011
30
0
10
-11.985398115842408
20
-7.4014990084296786
30
0
10
-11.985265983283202
20
-7.3647915243523245
30
0
10
-11.998153937788095
20
-7.2931276957600986
30
0
10
-12.011067038124946
20
-7.2587662539103626
30
0
10
-12.029816592668183
20
-7.2275588008040268
30
0
0
SPLINE
5
120
100
AcDbEntity
8
0
100
AcDbSpline
70
4
71
5
72
81
73
75
74
0
42
0.000000001
43
0.0000000001
44
0.0000000001
40
0.014008970433942499
40
0.014008970433942499
40
0.014008970433942499
40
0.014008970433942499
40
0.014008970433942499
40
0.014008970433942499
40
0.014285714285714285
40
0.028571428571428571
40
0.042857142857142858
40
0.057142857142857141
40
0.071428571428571425
40
0.085714285714285715
40
0.10000000000000001
40
0.1142857142857143
40
0.12857142857142859
40
0.14285714285714288
40
0.15714285714285717
40
0.17142857142857146
40
0.18571428571428575
40
0.20000000000000004
40
0.21428571428571433
40
0.22857142857142862
40
0.24285714285714291
40
0.25714285714285717
40
0.27142857142857146
40
0.28571428571428575
40
0.30000000000000004
40
0.31428571428571433
40
0.32857142857142863
40
0.34285714285714292
40
0.35714285714285721
40
0.3714285714285715
40
0.38571428571428579
40
0.40000000000000008
40
0.41428571428571437
40
0.42857142857142866
40
0.44285714285714295
40
0.45714285714285724
40
0.47142857142857153
40
0.48571428571428582
40
0.50000000000000011
40
0.51428571428571435
40
0.52857142857142858
40
0.54285714285714282
40
0.55714285714285705
40
0.57142857142857129
40
0.58571428571428552
40
0.59999999999999976
40
0.61428571428571399
40
0.62857142857142823
40
0.64285714285714246
40
0.6571428571428567
40
0.67142857142857093
40
0.68571428571428517
40
0.6999999999999994
40
0.71428571428571364
40
0.72857142857142787
40
0.74285714285714211
40
0.75714285714285634
40
0.77142857142857058
40
0.78571428571428481
40
0.79999999999999905
40
0.81428571428571328
40
0.82857142857142752
40
0.84285714285714175
40
0.85714285714285599
40
0.87142857142857022
40
0.88571428571428445
40
0.89999999999999869
40
0.91428571428571292
40
0.92857142857142716
40
0.94285714285714139
40
0.95714285714285563
40
0.97142857142856986
40
0.9857142857142841
40
1
40
1
40
1
40
1
40
1
40
1
41
1
41
1
41
1
41
1
41
1
41
1
41
1
41
1
41
1
41
1
41
1
41
1
41
1
41
1
41
1
41
1
41
1
41
1
41
1
41
1
41
1
41
1
41
1
41
1
41
1
41
1
41
1
41
1
41
1
41
1
41
1
41
1
41
1
41
1
41
1
41
1
41
1
41
1
41
1
41
1
41
1
41
1
41
1
41
1
41
1
41
1
41
1
41
1
41
1
41
1
41
1
41
1
41
1
41
1
41
1
41
1
41
1
41
1
41
1
41
1
41
1
41
1
41
1
41
1
41
1
41
1
41
1
41
1
41
1
41
1
41
1
41
1
41
1
41
1
41
1
10
-12.11589496935887
20
-7.6284985667705572
30
0
10
-12.11598431011482
20
-7.6285605872154374
30
0
10
-12.120684787989042
20
-7.6318251472160661
30
0
10
-12.129923904479218
20
-7.6383963972955051
30
0
10
-12.143532934567332
20
-7.6485170659736106
30
0
10
-12.161293020705275
20
-7.662503868442947
30
0
10
-12.182963173920694
20
-7.6805202601577927
30
0
10
-12.204372861941826
20
-7.6989249142509202
30
0
10
-12.225644499831606
20
-7.717543984545097
30
0
10
-12.246826007835406
20
-7.7363066130991864
30
0
10
-12.26791412291151
20
-7.7552128714419855
30
0
10
-12.288874473864899
20
-7.7743061910304228
30
0
10
-12.30966232861282
20
-7.7936448521896153
30
0
10
-12.330244204706984
20
-7.8132723016006818
30
0
10
-12.350615694631809
20
-7.833192647035081
30
0
10
-12.370790925578818
20
-7.8533849806778777
30
0
10
-12.390794833178127
20
-7.8738138487551872
30
0
10
-12.410654660706433
20
-7.8944407856421241
30
0
10
-12.430391118055615
20
-7.9152363046602527
30
0
10
-12.450011716499581
20
-7.9361889369026155
30
0
10
-12.469515571972066
20
-7.9572986968991462
30
0
10
-12.488896720341431
20
-7.9785725691180795
30
0
10
-12.508147852875268
20
-8.0000194241332423
30
0
10
-12.527264227932928
20
-8.0216446948945617
30
0
10
-12.546246411631145
20
-8.0434466453381006
30
0
10
-12.565098185837799
20
-8.0654192094732924
30
0
10
-12.58382518724947
20
-8.0875538365412538
30
0
10
-12.602433335837379
20
-8.1098416227367682
30
0
10
-12.620927184176926
20
-8.1322755502571216
30
0
10
-12.639308834263614
20
-8.1548519558181827
30
0
10
-12.657578859777239
20
-8.1775692756952818
30
0
10
-12.675736897607441
20
-8.2004272399933082
30
0
10
-12.693782335915035
20
-8.223425935945146
30
0
10
-12.711715040019335
20
-8.2465648197803283
30
0
10
-12.729535814336703
20
-8.2698420875589171
30
0
10
-12.747246009603483
20
-8.2932552080759656
30
0
10
-12.764847279007064
20
-8.3168012534308708
30
0
10
-12.782341290959778
20
-8.3404772885927549
30
0
10
-12.799729427513471
20
-8.3642807806681869
30
0
10
-12.817012596643593
20
-8.3882098531929312
30
0
10
-12.834191403276293
20
-8.4122630520891946
30
0
10
-12.851266257741807
20
-8.436439196885523
30
0
10
-12.868237503320714
20
-8.4607372061191697
30
0
10
-12.885105550840379
20
-8.4851559130638101
30
0
10
-12.901870965030216
20
-8.50969394778447
30
0
10
-12.918534392596744
20
-8.5343498362879888
30
0
10
-12.935096518489921
20
-8.5591220612399059
30
0
10
-12.951558014132642
20
-8.5840091336002722
30
0
10
-12.967919484371453
20
-8.609009666670973
30
0
10
-12.984181432719065
20
-8.6341224236142757
30
0
10
-13.000344291711096
20
-8.6593462709280509
30
0
10
-13.016408443026386
20
-8.6846801467346264
30
0
10
-13.032374241321955
20
-8.7101230242285546
30
0
10
-13.048242039455648
20
-8.7356738724154219
30
0
10
-13.064012206809799
20
-8.7613316295383292
30
0
10
-13.079685116772486
20
-8.787095230475801
30
0
10
-13.09526113956283
20
-8.812963625540128
30
0
10
-13.110740633864765
20
-8.8389358008446433
30
0
10
-13.126123939200497
20
-8.8650107997322642
30
0
10
-13.141411370110443
20
-8.8911877356575619
30
0
10
-13.156603219097192
20
-8.917465762981962
30
0
10
-13.171699758923328
20
-8.9438440522645344
30
0
10
-13.186701245788875
20
-8.9703217643260285
30
0
10
-13.201607922905552
20
-8.9968980212228864
30
0
10
-13.216420024325826
20
-9.02357188613556
30
0
10
-13.231137776806792
20
-9.0503424131548567
30
0
10
-13.245761402526636
20
-9.0772086895949844
30
0
10
-13.260291121927352
20
-9.1041698800255944
30
0
10
-13.274727157707609
20
-9.1312252700819769
30
0
10
-13.289069737575563
20
-9.158374306597203
30
0
10
-13.303319072922156
20
-9.1856165825045757
30
0
10
-13.314644086109846
20
-9.2074847762649785
30
0
10
-13.323096019197626
20
-9.2239276876199998
30
0
10
-13.328712057742715
20
-9.2349081850428121
30
0
10
-13.331515431136747
20
-9.2404030728839377
30
0
0
ARC
5
121
100
AcDbEntity
8
0
100
AcDbCircle
10
0
20
0
30
0
40
16.220800000000004
210
0
220
0
230
1
100
AcDbArc
50
214.72678700657127
51
217.27321299342861
0
SPLINE
5
122
100
AcDbEntity
8
0
100
AcDbSpline
70
4
71
5
72
81
73
75
74
0
42
0.000000001
43
0.0000000001
44
0.0000000001
40
-1
40
-1
40
-1
40
-1
40
-1
40
-1
40
-0.9857142857142841
40
-0.97142857142856986
40
-0.95714285714285563
40
-0.94285714285714139
40
-0.92857142857142716
40
-0.91428571428571292
40
-0.89999999999999869
40
-0.88571428571428445
40
-0.87142857142857022
40
-0.85714285714285599
40
-0.84285714285714175
40
-0.82857142857142752
40
-0.81428571428571328
40
-0.79999999999999905
40
-0.78571428571428481
40
-0.77142857142857058
40
-0.75714285714285634
40
-0.74285714285714211
40
-0.72857142857142787
40
-0.71428571428571364
40
-0.6999999999999994
40
-0.68571428571428517
40
-0.67142857142857093
40
-0.6571428571428567
40
-0.64285714285714246
40
-0.62857142857142823
40
-0.61428571428571399
40
-0.59999999999999976
40
-0.58571428571428552
40
-0.57142857142857129
40
-0.55714285714285705
40
-0.54285714285714282
40
-0.52857142857142858
40
-0.51428571428571435
40
-0.50000000000000011
40
-0.48571428571428582
40
-0.47142857142857153
40
-0.45714285714285724
40
-0.44285714285714295
40
-0.42857142857142866
40
-0.41428571428571437
40
-0.40000000000000008
40
-0.38571428571428579
40
-0.3714285714285715
40
-0.35714285714285721
40
-0.34285714285714292
40
-0.32857142857142863
40
-0.31428571428571433
40
-0.30000000000000004
40
-0.28571428571428575
40
-0.27142857142857146
40
-0.25714285714285717
40
-0.24285714285714291
40
-0.22857142857142862
40
-0.21428571428571433
40
-0.20000000000000004
40
-0.18571428571428575
40
-0.17142857142857146
40
-0.15714285714285717
40
-0.14285714285714288
40
-0.12857142857142859
40
-0.1142857142857143
40
-0.10000000000000001
40
-0.085714285714285715
40
-0.071428571428571425
40
-0.057142857142857141
40
-0.042857142857142858
40
-0.028571428571428571
40
-0.014285714285714285
40
-0.014008970433926991
40
-0.014008970433926991
40
-0.014008970433926991
40
-0.014008970433926991
40
-0.014008970433926991
40
-0.014008970433926991
41
1
41
1
41
1
41
1
41
1
41
1
41
1
41
1
41
1
41
1
41
1
41
1
41
1
41
1
41
1
41
1
41
1
41
1
41
1
41
1
41
1
41
1
41
1
41
1
41
1
41
1
41
1
41
1
41
1
41
1
41
1
41
1
41
1
41
1
41
1
41
1
41
1
41
1
41
1
41
1
41
1
41
1
41
1
41
1
41
1
41
1
41
1
41
1
41
1
41
1
41
1
41
1
41
1
41
1
41
1
41
1
41
1
41
1
41
1
41
1
41
1
41
1
41
1
41
1
41
1
41
1
41
1
41
1
41
1
41
1
41
1
41
1
41
1
41
1
41
1
10
-12.907810384653139
20
-9.8235830384763752
30
0
10
-12.901718145745189
20
-9.8226148856674662
30
0
10
-12.889539620767565
20
-9.8206668759237346
30
0
10
-12.871289691817065
20
-9.8177097489310103
30
0
10
-12.846992182105112
20
-9.8136966648499779
30
0
10
-12.816679951304051
20
-9.8085630678365572
30
0
10
-12.786427582292731
20
-9.8033119774567652
30
0
10
-12.756235396891196
20
-9.7979430668753462
30
0
10
-12.726103850826771
20
-9.7924559485909946
30
0
10
-12.696033554682993
20
-9.7868501900538476
30
0
10
-12.666025234881008
20
-9.7811253234489435
30
0
10
-12.636079690779763
20
-9.7752808554368436
30
0
10
-12.606197751920561
20
-9.7693162780567242
30
0
10
-12.576380236945546
20
-9.7632310792183006
30
0
10
-12.5466279056721
20
-9.757024756313994
30
0
10
-12.516941477036966
20
-9.7506968063624662
30
0
10
-12.487321655597059
20
-9.7442467136397273
30
0
10
-12.457769155214201
20
-9.7376739386426081
30
0
10
-12.428284721844856
20
-9.7309779082677785
30
0
10
-12.398869160405841
20
-9.7241580039871423
30
0
10
-12.369523324321252
20
-9.7172135713637946
30
0
10
-12.340248097499423
20
-9.7101439339270907
30
0
10
-12.311044377547816
20
-9.7029484074232215
30
0
10
-12.281913060111819
20
-9.6956263124477875
30
0
10
-12.252855016686325
20
-9.6881769948182459
30
0
10
-12.223871114226307
20
-9.6805997999353917
30
0
10
-12.194962244692178
20
-9.6728940366628251
30
0
10
-12.166129352447685
20
-9.6650589433633165
30
0
10
-12.137373458201422
20
-9.6570936589639356
30
0
10
-12.108695693873802
20
-9.6489971797081466
30
0
10
-12.08009726814489
20
-9.6407684068961892
30
0
10
-12.051579412424335
20
-9.6324062202198064
30
0
10
-12.023143328719632
20
-9.623909549135611
30
0
10
-11.99479014540538
20
-9.6152774332208217
30
0
10
-11.966520845151612
20
-9.606509121217135
30
0
10
-11.938336350410994
20
-9.597603952454957
30
0
10
-11.910237657079572
20
-9.5885611719013006
30
0
10
-11.882225961135049
20
-9.57937975490246
30
0
10
-11.854302766621117
20
-9.5700582580631242
30
0
10
-11.826470055385077
20
-9.5605945842667737
30
0
10
-11.798730103239397
20
-9.5509862397845602
30
0
10
-11.771085183920039
20
-9.541230747570804
30
0
10
-11.743537287345465
20
-9.5313260408135552
30
0
10
-11.716087880586187
20
-9.5212707970192927
30
0
10
-11.688737522417274
20
-9.5110649762426505
30
0
10
-11.661486318944023
20
-9.5007091873337171
30
0
10
-11.634334639059212
20
-9.490203692228782
30
0
10
-11.607283792676576
20
-9.4795474621084495
30
0
10
-11.580336614234021
20
-9.4687373658391394
30
0
10
-11.55349837123538
20
-9.4577669050440498
30
0
10
-11.526775702330918
20
-9.4466276980688555
30
0
10
-11.500174997940551
20
-9.4353117417667285
30
0
10
-11.473700858502689
20
-9.4238135648734058
30
0
10
-11.447354760172562
20
-9.4121320925066208
30
0
10
-11.421133001155276
20
-9.4002735131084627
30
0
10
-11.39502940355632
20
-9.3882475188545804
30
0
10
-11.36903916776969
20
-9.3760619402906169
30
0
10
-11.34316255316811
20
-9.3637176227035432
30
0
10
-11.317408146218977
20
-9.3512038783602147
30
0
10
-11.291797590711424
20
-9.3384918990982584
30
0
10
-11.266359050993174
20
-9.3255438884900599
30
0
10
-11.241118540073426
20
-9.3123251755234584
30
0
10
-11.216091576923564
20
-9.298815863570784
30
0
10
-11.191275616817983
20
-9.2850214137996225
30
0
10
-11.166639686153033
20
-9.2709870956734282
30
0
10
-11.142142180019503
20
-9.2567734615418846
30
0
10
-11.117752413930649
20
-9.2424266214122728
30
0
10
-11.09347132819388
20
-9.2279497007252864
30
0
10
-11.06935150454566
20
-9.2132752283113124
30
0
10
-11.045520452190855
20
-9.1982330591038792
30
0
10
-11.02673004412207
20
-9.185664373112413
30
0
10
-11.0128992946523
20
-9.175848874982627
30
0
10
-11.003794620435563
20
-9.1690925809886608
30
0
10
-10.999237311829308
20
-9.1656309653960317
30
0
10
-10.999150719069178
20
-9.1655651626593748
30
0
0
SPLINE
5
123
100
AcDbEntity
8
0
100
AcDbSpline
70
0
71
3
72
9
73
5
74
0
42
0.000000001
43
0.0000000001
44
0.0000000001
40
-1
40
-1
40
-1
40
-1
40
-0.5
40
0
40
0
40
0
40
0
10
-10.591234660759316
20
-9.2075969630000269
30
0
10
-10.640604924200796
20
-9.1508077651807245
30
0
10
-10.783858779746041
20
-9.0765861560309773
30
0
10
-10.939237596898364
20
-9.1200365596390078
30
0
10
-10.999150719069178
20
-9.1655651626593748
30
0
0
ARC
5
124
100
AcDbEntity
8
0
100
AcDbCircle
10
0
20
0
30
0
40
14.034033400000045
210
0
220
0
230
1
100
AcDbArc
50
221.00239450984785
51
222.99760549015213
0
SPLINE
5
125
100
AcDbEntity
8
0
100
AcDbSpline
70
0
71
3
72
14
73
10
74
0
42
0.000000001
43
0.0000000001
44
0.0000000001
40
0
40
0
40
0
40
0
40
0.011719334201607836
40
0.011719334201607836
40
0.023438668403215658
40
0.023438668403215658
40
0.034360691258246347
40
0.034360691258246347
40
0.045282714113276973
40
0.045282714113276973
40
0.045282714113276973
40
0.045282714113276973
10
-10.265079559603016
20
-9.9808337791376491
30
0
10
-10.238322414244861
20
-9.9523717655377641
30
0
10
-10.217380345937229
20
-9.9189555988220022
30
0
10
-10.18948389588048
20
-9.8459767508060096
30
0
10
-10.182796219398647
20
-9.8071117870693563
30
0
10
-10.184630237422148
20
-9.7316628843178741
30
0
10
-10.192132907356575
20
-9.6957300749348487
30
0
10
-10.219638976906985
20
-9.6283118293502756
30
0
10
-10.239414040493424
20
-9.5973860519719434
30
0
10
-10.264242266626169
20
-9.5707588081781374
30
0
0
SPLINE
5
126
100
AcDbEntity
8
0
100
AcDbSpline
70
4
71
5
72
81
73
75
74
0
42
0.000000001
43
0.0000000001
44
0.0000000001
40
0.014008970433919262
40
0.014008970433919262
40
0.014008970433919262
40
0.014008970433919262
40
0.014008970433919262
40
0.014008970433919262
40
0.014285714285714285
40
0.028571428571428571
40
0.042857142857142858
40
0.057142857142857141
40
0.071428571428571425
40
0.085714285714285715
40
0.10000000000000001
40
0.1142857142857143
40
0.12857142857142859
40
0.14285714285714288
40
0.15714285714285717
40
0.17142857142857146
40
0.18571428571428575
40
0.20000000000000004
40
0.21428571428571433
40
0.22857142857142862
40
0.24285714285714291
40
0.25714285714285717
40
0.27142857142857146
40
0.28571428571428575
40
0.30000000000000004
40
0.31428571428571433
40
0.32857142857142863
40
0.34285714285714292
40
0.35714285714285721
40
0.3714285714285715
40
0.38571428571428579
40
0.40000000000000008
40
0.41428571428571437
40
0.42857142857142866
40
0.44285714285714295
40
0.45714285714285724
40
0.47142857142857153
40
0.48571428571428582
40
0.50000000000000011
40
0.51428571428571435
40
0.52857142857142858
40
0.54285714285714282
40
0.55714285714285705
40
0.57142857142857129
40
0.58571428571428552
40
0.59999999999999976
40
0.61428571428571399
40
0.62857142857142823
40
0.64285714285714246
40
0.6571428571428567
40
0.67142857142857093
40
0.68571428571428517
40
0.6999999999999994
40
0.71428571428571364
40
0.72857142857142787
40
0.74285714285714211
40
0.75714285714285634
40
0.77142857142857058
40
0.78571428571428481
40
0.79999999999999905
40
0.81428571428571328
40
0.82857142857142752
40
0.84285714285714175
40
0.85714285714285599
40
0.87142857142857022
40
0.88571428571428445
40
0.89999999999999869
40
0.91428571428571292
40
0.92857142857142716
40
0.94285714285714139
40
0.95714285714285563
40
0.97142857142856986
40
0.9857142857142841
40
1
40
1
40
1
40
1
40
1
40
1
41
1
41
1
41
1
41
1
41
1
41
1
41
1
41
1
41
1
41
1
41
1
41
1
41
1
41
1
41
1
41
1
41
1
41
1
41
1
41
1
41
1
41
1
41
1
41
1
41
1
41
1
41
1
41
1
41
1
41
1
41
1
41
1
41
1
41
1
41
1
41
1
41
1
41
1
41
1
41
1
41
1
41
1
41
1
41
1
41
1
41
1
41
1
41
1
41
1
41
1
41
1
41
1
41
1
41
1
41
1
41
1
41
1
41
1
41
1
41
1
41
1
41
1
41
1
41
1
41
1
41
1
41
1
41
1
41
1
41
1
41
1
41
1
41
1
41
1
41
1
10
-10.265079559603013
20
-9.9808337791376474
30
0
10
-10.265154053273541
20
-9.9809130192746398
30
0
10
-10.269073074239012
20
-9.9850835251091912
30
0
10
-10.276744054151985
20
-9.99343209793936
30
0
10
-10.287951488943921
20
-10.006161082180686
30
0
10
-10.302415454838044
20
-10.02353476899602
30
0
10
-10.319866244749374
20
-10.045662937521076
30
0
10
-10.336981536968286
20
-10.068116730200959
30
0
10
-10.353917216147536
20
-10.090751551337227
30
0
10
-10.370734887554509
20
-10.113508054584013
30
0
10
-10.387431344581113
20
-10.136385631482504
30
0
10
-10.403963937217753
20
-10.159419618234832
30
0
10
-10.420276793724074
20
-10.182657721278215
30
0
10
-10.436328130250683
20
-10.206135476487113
30
0
10
-10.452112781543088
20
-10.229855985494307
30
0
10
-10.467648913058923
20
-10.253801734579053
30
0
10
-10.482968286779041
20
-10.277943229126517
30
0
10
-10.498105548102288
20
-10.302248508273721
30
0
10
-10.513087084984885
20
-10.32669303552554
30
0
10
-10.527922629081218
20
-10.351267154279803
30
0
10
-10.542611312623048
20
-10.375970694941227
30
0
10
-10.557145849656733
20
-10.400809249337959
30
0
10
-10.571517246867188
20
-10.425789974629593
30
0
10
-10.585719736656188
20
-10.450917199200543
30
0
10
-10.599754233717446
20
-10.476189342626316
30
0
10
-10.613625698466308
20
-10.501601257767344
30
0
10
-10.627341422226756
20
-10.527145752654457
30
0
10
-10.640909046809623
20
-10.552815348883165
30
0
10
-10.654334484388844
20
-10.578604128540238
30
0
10
-10.66762055266588
20
-10.604508945422529
30
0
10
-10.680768137900882
20
-10.630528389251236
30
0
10
-10.693776941032674
20
-10.65666212053422
30
0
10
-10.706646345455489
20
-10.682910097389598
30
0
10
-10.719376332487968
20
-10.709271759927896
30
0
10
-10.731968064028255
20
-10.735745510877166
30
0
10
-10.744423387562962
20
-10.762329155179238
30
0
10
-10.756744528898135
20
-10.789020172632142
30
0
10
-10.768933730214524
20
-10.815816039224906
30
0
10
-10.780992869980981
20
-10.842714564758626
30
0
10
-10.792923226470364
20
-10.869714102553022
30
0
10
-10.804725693709511
20
-10.896813356076612
30
0
10
-10.816400918495773
20
-10.924011255966526
30
0
10
-10.827949461456976
20
-10.951306815764617
30
0
10
-10.839371967018954
20
-10.97869897965615
30
0
10
-10.850669272395931
20
-11.006186525056354
30
0
10
-10.861842316622754
20
-11.033768144640206
30
0
10
-10.872892085153145
20
-11.061442496639751
30
0
10
-10.883819544326617
20
-11.089208264150798
30
0
10
-10.894625574083106
20
-11.117064216532583
30
0
10
-10.905310924085407
20
-11.145009248661433
30
0
10
-10.915876253085523
20
-11.173042341734156
30
0
10
-10.926322155198488
20
-11.201162536433165
30
0
10
-10.93664919081607
20
-11.229368902128503
30
0
10
-10.946857919441113
20
-11.257660503718729
30
0
10
-10.956948923135727
20
-11.28603637944779
30
0
10
-10.966922788579783
20
-11.314495565101419
30
0
10
-10.976780096144566
20
-11.343037110902983
30
0
10
-10.9865214074748
20
-11.37166009969625
30
0
10
-10.996147253573502
20
-11.400363666320031
30
0
10
-11.005658126430799
20
-11.429147008998671
30
0
10
-11.015054487975522
20
-11.458009361387532
30
0
10
-11.024336777460224
20
-11.486949968881493
30
0
10
-11.033505419961504
20
-11.515968063906357
30
0
10
-11.042560835911059
20
-11.54506283827031
30
0
10
-11.051503449022491
20
-11.574233424287792
30
0
10
-11.060333677763275
20
-11.603478943865452
30
0
10
-11.069051929214528
20
-11.632798550455314
30
0
10
-11.077658592696784
20
-11.662191472715651
30
0
10
-11.086154034566997
20
-11.691657058193998
30
0
10
-11.094538592567215
20
-11.721194813154636
30
0
10
-11.10281255810291
20
-11.7508043833769
30
0
10
-11.10934343944087
20
-11.774549307276407
30
0
10
-11.114192004010457
20
-11.792390157266357
30
0
10
-11.117402344853771
20
-11.804298344544952
30
0
10
-11.119002006391201
20
-11.810256010005398
30
0
0
ARC
5
127
100
AcDbEntity
8
0
100
AcDbCircle
10
0
20
0
30
0
40
16.220800000000004
210
0
220
0
230
1
100
AcDbArc
50
226.72678700657124
51
229.27321299342861
0
SPLINE
5
128
100
AcDbEntity
8
0
100
AcDbSpline
70
4
71
5
72
81
73
75
74
0
42
0.000000001
43
0.0000000001
44
0.0000000001
40
-1
40
-1
40
-1
40
-1
40
-1
40
-1
40
-0.9857142857142841
40
-0.97142857142856986
40
-0.95714285714285563
40
-0.94285714285714139
40
-0.92857142857142716
40
-0.91428571428571292
40
-0.89999999999999869
40
-0.88571428571428445
40
-0.87142857142857022
40
-0.85714285714285599
40
-0.84285714285714175
40
-0.82857142857142752
40
-0.81428571428571328
40
-0.79999999999999905
40
-0.78571428571428481
40
-0.77142857142857058
40
-0.75714285714285634
40
-0.74285714285714211
40
-0.72857142857142787
40
-0.71428571428571364
40
-0.6999999999999994
40
-0.68571428571428517
40
-0.67142857142857093
40
-0.6571428571428567
40
-0.64285714285714246
40
-0.62857142857142823
40
-0.61428571428571399
40
-0.59999999999999976
40
-0.58571428571428552
40
-0.57142857142857129
40
-0.55714285714285705
40
-0.54285714285714282
40
-0.52857142857142858
40
-0.51428571428571435
40
-0.50000000000000011
40
-0.48571428571428582
40
-0.47142857142857153
40
-0.45714285714285724
40
-0.44285714285714295
40
-0.42857142857142866
40
-0.41428571428571437
40
-0.40000000000000008
40
-0.38571428571428579
40
-0.3714285714285715
40
-0.35714285714285721
40
-0.34285714285714292
40
-0.32857142857142863
40
-0.31428571428571433
40
-0.30000000000000004
40
-0.28571428571428575
40
-0.27142857142857146
40
-0.25714285714285717
40
-0.24285714285714291
40
-0.22857142857142862
40
-0.21428571428571433
40
-0.20000000000000004
40
-0.18571428571428575
40
-0.17142857142857146
40
-0.15714285714285717
40
-0.14285714285714288
40
-0.12857142857142859
40
-0.1142857142857143
40
-0.10000000000000001
40
-0.085714285714285715
40
-0.071428571428571425
40
-0.057142857142857141
40
-0.042857142857142858
40
-0.028571428571428571
40
-0.014285714285714285
40
-0.014008970433943497
40
-0.014008970433943497
40
-0.014008970433943497
40
-0.014008970433943497
40
-0.014008970433943497
40
-0.014008970433943497
41
1
41
1
41
1
41
1
41
1
41
1
41
1
41
1
41
1
41
1
41
1
41
1
41
1
41
1
41
1
41
1
41
1
41
1
41
1
41
1
41
1
41
1
41
1
41
1
41
1
41
1
41
1
41
1
41
1
41
1
41
1
41
1
41
1
41
1
41
1
41
1
41
1
41
1
41
1
41
1
41
1
41
1
41
1
41
1
41
1
41
1
41
1
41
1
41
1
41
1
41
1
41
1
41
1
41
1
41
1
41
1
41
1
41
1
41
1
41
1
41
1
41
1
41
1
41
1
41
1
41
1
41
1
41
1
41
1
41
1
41
1
41
1
41
1
41
1
41
1
10
-10.583305999057085
20
-12.29259886152324
30
0
10
-10.577548180473649
20
-12.290385217483843
30
0
10
-10.566040799485856
20
-12.285947718707042
30
0
10
-10.548804496542383
20
-12.279260838448643
30
0
10
-10.52587231281051
20
-12.270283713556363
30
0
10
-10.4972898118146
20
-12.258960030796246
30
0
10
-10.468790292729164
20
-12.247533868147629
30
0
10
-10.440374138294576
20
-12.236004972827544
30
0
10
-10.412041874845475
20
-12.224373060553553
30
0
10
-10.383794189554854
20
-12.212637835175506
30
0
10
-10.355631890234026
20
-12.200798990132768
30
0
10
-10.327555861345051
20
-12.188856209062619
30
0
10
-10.299567019912757
20
-12.176809167575735
30
0
10
-10.27166627315956
20
-12.164657534977504
30
0
10
-10.243854468796998
20
-12.152400977618445
30
0
10
-10.216132414627019
20
-12.140039152983924
30
0
10
-10.18850090703533
20
-12.127571703105374
30
0
10
-10.160960756453168
20
-12.114998248689288
30
0
10
-10.133512811690943
20
-12.102318384249081
30
0
10
-10.106157988675337
20
-12.089531672124604
30
0
10
-10.078897258246155
20
-12.076637649616814
30
0
10
-10.051731625642383
20
-12.063635838812443
30
0
10
-10.024662111120957
20
-12.050525757033357
30
0
10
-9.9976897320113949
20
-12.037306925936928
30
0
10
-9.9708154767765276
20
-12.023978886830037
30
0
10
-9.9440403295251052
20
-12.01054117966812
30
0
10
-9.9173653064214129
20
-11.996993313866763
30
0
10
-9.89079148954586
20
-11.983334740776607
30
0
10
-9.864320056329241
20
-11.969564830358472
30
0
10
-9.8379523226495085
20
-11.955682836129803
30
0
10
-9.8116896992067044
20
-11.941687934698781
30
0
10
-9.7855336234263905
20
-11.927579286263031
30
0
10
-9.759485493627805
20
-11.913356093584518
30
0
10
-9.7335466132109829
20
-11.899017651830279
30
0
10
-9.7077180995676429
20
-11.884563430467391
30
0
10
-9.6820009923535739
20
-11.869992975052172
30
0
10
-9.6563964226822936
20
-11.855305754109347
30
0
10
-9.6309057734340033
20
-11.840501014034093
30
0
10
-9.6055308158841957
20
-11.825577655681025
30
0
10
-9.5802739245870931
20
-11.810534039809868
30
0
10
-9.5551378440985868
20
-11.795368200353757
30
0
10
-9.5301253134747981
20
-11.780078187132686
30
0
10
-9.5052387088640664
20
-11.764662392226819
30
0
10
-9.4804797402397618
20
-11.749119827063401
30
0
10
-9.4558489624714817
20
-11.733450568745841
30
0
10
-9.4313463527588226
20
-11.717655234879917
30
0
10
-9.4069722174737507
20
-11.701734158375114
30
0
10
-9.3827280518088134
20
-11.685686605240575
30
0
10
-9.3586172792619386
20
-11.669510102078288
30
0
10
-9.3346464033178673
20
-11.653199387692204
30
0
10
-9.3108236602003416
20
-11.636747643840248
30
0
10
-9.2871569646310697
20
-11.620148370906572
30
0
10
-9.2636519540576465
20
-11.603397173672086
30
0
10
-9.2403102958583556
20
-11.586493307653207
30
0
10
-9.217127082481948
20
-11.569442056413289
30
0
10
-9.1940942559190919
20
-11.552251615874187
30
0
10
-9.1712054933847238
20
-11.534928647571146
30
0
10
-9.1484608728385908
20
-11.517474032246199
30
0
10
-9.1258710152178573
20
-11.499879100945773
30
0
10
-9.103463080896681
20
-11.482120175031751
30
0
10
-9.0812724770833775
20
-11.464166139716312
30
0
10
-9.0593318568492549
20
-11.445988490040815
30
0
10
-9.037660536780427
20
-11.427570990742218
30
0
10
-9.016254892319072
20
-11.408918454570298
30
0
10
-8.9950752146583959
20
-11.390068721967806
30
0
10
-8.9740682185148781
20
-11.371072371923287
30
0
10
-8.9531943031218439
20
-11.351968127166215
30
0
10
-8.9324537384230798
20
-11.332759240339803
30
0
10
-8.911911985162897
20
-11.31339064703911
30
0
10
-8.8917291413125668
20
-11.293722430929973
30
0
10
-8.8759625254991228
20
-11.277521655370313
30
0
10
-8.8644747679013047
20
-11.265045074917122
30
0
10
-8.8569737651686946
20
-11.256543453946332
30
0
10
-8.8532357550405099
20
-11.252209965221841
30
0
10
-8.85316473569819
20
-11.252127596785691
30
0
0
SPLINE
5
129
100
AcDbEntity
8
0
100
AcDbSpline
70
0
71
3
72
9
73
5
74
0
42
0.000000001
43
0.0000000001
44
0.0000000001
40
-1
40
-1
40
-1
40
-1
40
-0.5
40
0
40
0
40
0
40
0
10
-8.4454237192846122
20
-11.208430384048441
30
0
10
-8.5055222621562994
20
-11.163146821402119
30
0
10
-8.661077217507323
20
-11.12033128381227
30
0
10
-8.804026787828878
20
-11.195137264443829
30
0
10
-8.85316473569819
20
-11.252127596785693
30
0
0
ARC
5
130
100
AcDbEntity
8
0
100
AcDbCircle
10
0
20
0
30
0
40
14.034033399999995
210
0
220
0
230
1
100
AcDbArc
50
233.00239450984787
51
234.99760549015213
0
SPLINE
5
131
100
AcDbEntity
8
0
100
AcDbSpline
70
0
71
3
72
14
73
10
74
0
42
0.000000001
43
0.0000000001
44
0.0000000001
40
0
40
0
40
0
40
0
40
0.011719334201607833
40
0.011719334201607833
40
0.023438668403215498
40
0.023438668403215498
40
0.034360691258244015
40
0.034360691258244015
40
0.0452827141132724
40
0.0452827141132724
40
0.0452827141132724
40
0.0452827141132724
10
-7.9656309157758018
20
-11.896958662002293
30
0
10
-7.945376063612871
20
-11.863555488354638
30
0
10
-7.9318392414658865
20
-11.826515444224832
30
0
10
-7.9197255514588356
20
-11.74933136103456
30
0
10
-7.9212644970777077
20
-11.709925243877965
30
0
10
-7.9387451463485137
20
-11.636506394461872
30
0
10
-7.953554716098628
20
-11.602918695967963
30
0
10
-7.9944767534664312
20
-11.542692534231723
30
0
10
-8.0202495151324413
20
-11.516554026194569
30
0
10
-8.0500713002336433
20
-11.495670730038775
30
0
0
SPLINE
5
132
100
AcDbEntity
8
0
100
AcDbSpline
70
4
71
5
72
81
73
75
74
0
42
0.000000001
43
0.0000000001
44
0.0000000001
40
0.014008970433916974
40
0.014008970433916974
40
0.014008970433916974
40
0.014008970433916974
40
0.014008970433916974
40
0.014008970433916974
40
0.014285714285714285
40
0.028571428571428571
40
0.042857142857142858
40
0.057142857142857141
40
0.071428571428571425
40
0.085714285714285715
40
0.10000000000000001
40
0.1142857142857143
40
0.12857142857142859
40
0.14285714285714288
40
0.15714285714285717
40
0.17142857142857146
40
0.18571428571428575
40
0.20000000000000004
40
0.21428571428571433
40
0.22857142857142862
40
0.24285714285714291
40
0.25714285714285717
40
0.27142857142857146
40
0.28571428571428575
40
0.30000000000000004
40
0.31428571428571433
40
0.32857142857142863
40
0.34285714285714292
40
0.35714285714285721
40
0.3714285714285715
40
0.38571428571428579
40
0.40000000000000008
40
0.41428571428571437
40
0.42857142857142866
40
0.44285714285714295
40
0.45714285714285724
40
0.47142857142857153
40
0.48571428571428582
40
0.50000000000000011
40
0.51428571428571435
40
0.52857142857142858
40
0.54285714285714282
40
0.55714285714285705
40
0.57142857142857129
40
0.58571428571428552
40
0.59999999999999976
40
0.61428571428571399
40
0.62857142857142823
40
0.64285714285714246
40
0.6571428571428567
40
0.67142857142857093
40
0.68571428571428517
40
0.6999999999999994
40
0.71428571428571364
40
0.72857142857142787
40
0.74285714285714211
40
0.75714285714285634
40
0.77142857142857058
40
0.78571428571428481
40
0.79999999999999905
40
0.81428571428571328
40
0.82857142857142752
40
0.84285714285714175
40
0.85714285714285599
40
0.87142857142857022
40
0.88571428571428445
40
0.89999999999999869
40
0.91428571428571292
40
0.92857142857142716
40
0.94285714285714139
40
0.95714285714285563
40
0.97142857142856986
40
0.9857142857142841
40
1
40
1
40
1
40
1
40
1
40
1
41
1
41
1
41
1
41
1
41
1
41
1
41
1
41
1
41
1
41
1
41
1
41
1
41
1
41
1
41
1
41
1
41
1
41
1
41
1
41
1
41
1
41
1
41
1
41
1
41
1
41
1
41
1
41
1
41
1
41
1
41
1
41
1
41
1
41
1
41
1
41
1
41
1
41
1
41
1
41
1
41
1
41
1
41
1
41
1
41
1
41
1
41
1
41
1
41
1
41
1
41
1
41
1
41
1
41
1
41
1
41
1
41
1
41
1
41
1
41
1
41
1
41
1
41
1
41
1
41
1
41
1
41
1
41
1
41
1
41
1
41
1
41
1
41
1
41
1
41
1
10
-7.9656309157758018
20
-11.896958662002286
30
0
10
-7.9656873066300378
20
-11.897051658657162
30
0
10
-7.9686535906650118
20
-11.901945839208361
30
0
10
-7.9744211753691268
20
-11.911706862095677
30
0
10
-7.9827371961852336
20
-11.926487844208431
30
0
10
-7.9932728971201561
20
-11.946489101887732
30
0
10
-8.0057416404700827
20
-11.971761940075716
30
0
10
-8.0178145164885208
20
-11.997283532856994
30
0
10
-8.0296740665107063
20
-12.022944854537778
30
0
10
-8.0413928883802264
20
-12.048700664087551
30
0
10
-8.0529679720667744
20
-12.074549699652481
30
0
10
-8.0643502527562632
20
-12.10051765781829
30
0
10
-8.0754751609138928
20
-12.126639586134075
30
0
10
-8.0862944374438754
20
-12.152941556579409
30
0
10
-8.0968023850992203
20
-12.179425529092157
30
0
10
-8.1070204136860085
20
-12.206078149479398
30
0
10
-8.1169857233848575
20
-12.232877171341547
30
0
10
-8.1267388475465765
20
-12.259798535420614
30
0
10
-8.1363106989114282
20
-12.286823727767358
30
0
10
-8.1457128041942806
20
-12.313945326124266
30
0
10
-8.1549443498505649
20
-12.341162984182938
30
0
10
-8.1639970465357425
20
-12.36848065674172
30
0
10
-8.172860609403104
20
-12.395903474743763
30
0
10
-8.1815284969685553
20
-12.423434472836789
30
0
10
-8.1900019325262878
20
-12.451072295307892
30
0
10
-8.1982868382451652
20
-12.478812938823193
30
0
10
-8.20639184141071
20
-12.506650884526803
30
0
10
-8.2143259716895756
20
-12.534580406257126
30
0
10
-8.2220962424638682
20
-12.562596944631608
30
0
10
-8.2297060639939126
20
-12.590698008032268
30
0
10
-8.2371565963864075
20
-12.618882401262127
30
0
10
-8.2444476176997661
20
-12.647149730069444
30
0
10
-8.2515785335102692
20
-12.675499825288012
30
0
10
-8.258549441952356
20
-12.703932135379217
30
0
10
-8.2653618116254215
20
-12.732445339547533
30
0
10
-8.2720179060223202
20
-12.761037674816151
30
0
10
-8.2785204262893366
20
-12.789707138826657
30
0
10
-8.2848720903815938
20
-12.818451728899356
30
0
10
-8.2910751910868505
20
-12.847269693252093
30
0
10
-8.2971313211087097
20
-12.87615968695637
30
0
10
-8.3030416245014287
20
-12.905120627691657
30
0
10
-8.3088069562613374
20
-12.934151603939965
30
0
10
-8.3144280698613713
20
-12.963251767360699
30
0
10
-8.3199058151613432
20
-12.992420219194873
30
0
10
-8.3252412652700052
20
-13.021655937640759
30
0
10
-8.3304356105101913
20
-13.050957839177837
30
0
10
-8.3354900937703462
20
-13.080324816246351
30
0
10
-8.3404059340729209
20
-13.109755781632913
30
0
10
-8.3451842479936538
20
-13.139249714539014
30
0
10
-8.3498259985815402
20
-13.168805689854233
30
0
10
-8.354332042014363
20
-13.198422848000925
30
0
10
-8.3587031588776668
20
-13.228100374148351
30
0
10
-8.3629400908061555
20
-13.25783747451505
30
0
10
-8.3670435794947124
20
-13.287633350760979
30
0
10
-8.371014394246334
20
-13.31748718316428
30
0
10
-8.3748533093919342
20
-13.347398150558675
30
0
10
-8.3785610900899687
20
-13.377365444588417
30
0
10
-8.3821384763993727
20
-13.407388284911832
30
0
10
-8.3855861675966015
20
-13.43746593567532
30
0
10
-8.3889048116191454
20
-13.46759771491444
30
0
10
-8.3920950196335991
20
-13.497782969071437
30
0
10
-8.3951573781850133
20
-13.528021051356859
30
0
10
-8.3980924626486981
20
-13.55831129934824
30
0
10
-8.4009008523014295
20
-13.588653009927363
30
0
10
-8.4035831419996292
20
-13.619045422464689
30
0
10
-8.4061399236321233
20
-13.649487765059593
30
0
10
-8.4085717713915482
20
-13.679979294300129
30
0
10
-8.4108792264618195
20
-13.710519336644531
30
0
10
-8.4130627828466018
20
-13.741107330067869
30
0
10
-8.4151228735609021
20
-13.77174286184427
30
0
10
-8.4170598572888995
20
-13.802425646080231
30
0
10
-8.4185111759240154
20
-13.827009533003643
30
0
10
-8.4195444664377259
20
-13.845468590874068
30
0
10
-8.4202088022794808
20
-13.857784023082548
30
0
10
-8.4205348390750956
20
-13.863944087593643
30
0
0
ARC
5
133
100
AcDbEntity
8
0
100
AcDbCircle
10
0
20
0
30
0
40
16.220800000000004
210
0
220
0
230
1
100
AcDbArc
50
238.7267870065713
51
241.27321299342856
0
SPLINE
5
134
100
AcDbEntity
8
0
100
AcDbSpline
70
4
71
5
72
81
73
75
74
0
42
0.000000001
43
0.0000000001
44
0.0000000001
40
-1
40
-1
40
-1
40
-1
40
-1
40
-1
40
-0.9857142857142841
40
-0.97142857142856986
40
-0.95714285714285563
40
-0.94285714285714139
40
-0.92857142857142716
40
-0.91428571428571292
40
-0.89999999999999869
40
-0.88571428571428445
40
-0.87142857142857022
40
-0.85714285714285599
40
-0.84285714285714175
40
-0.82857142857142752
40
-0.81428571428571328
40
-0.79999999999999905
40
-0.78571428571428481
40
-0.77142857142857058
40
-0.75714285714285634
40
-0.74285714285714211
40
-0.72857142857142787
40
-0.71428571428571364
40
-0.6999999999999994
40
-0.68571428571428517
40
-0.67142857142857093
40
-0.6571428571428567
40
-0.64285714285714246
40
-0.62857142857142823
40
-0.61428571428571399
40
-0.59999999999999976
40
-0.58571428571428552
40
-0.57142857142857129
40
-0.55714285714285705
40
-0.54285714285714282
40
-0.52857142857142858
40
-0.51428571428571435
40
-0.50000000000000011
40
-0.48571428571428582
40
-0.47142857142857153
40
-0.45714285714285724
40
-0.44285714285714295
40
-0.42857142857142866
40
-0.41428571428571437
40
-0.40000000000000008
40
-0.38571428571428579
40
-0.3714285714285715
40
-0.35714285714285721
40
-0.34285714285714292
40
-0.32857142857142863
40
-0.31428571428571433
40
-0.30000000000000004
40
-0.28571428571428575
40
-0.27142857142857146
40
-0.25714285714285717
40
-0.24285714285714291
40
-0.22857142857142862
40
-0.21428571428571433
40
-0.20000000000000004
40
-0.18571428571428575
40
-0.17142857142857146
40
-0.15714285714285717
40
-0.14285714285714288
40
-0.12857142857142859
40
-0.1142857142857143
40
-0.10000000000000001
40
-0.085714285714285715
40
-0.071428571428571425
40
-0.057142857142857141
40
-0.042857142857142858
40
-0.028571428571428571
40
-0.014285714285714285
40
-0.014008970433931033
40
-0.014008970433931033
40
-0.014008970433931033
40
-0.014008970433931033
40
-0.014008970433931033
40
-0.014008970433931033
41
1
41
1
41
1
41
1
41
1
41
1
41
1
41
1
41
1
41
1
41
1
41
1
41
1
41
1
41
1
41
1
41
1
41
1
41
1
41
1
41
1
41
1
41
1
41
1
41
1
41
1
41
1
41
1
41
1
41
1
41
1
41
1
41
1
41
1
41
1
41
1
41
1
41
1
41
1
41
1
41
1
41
1
41
1
41
1
41
1
41
1
41
1
41
1
41
1
41
1
41
1
41
1
41
1
41
1
41
1
41
1
41
1
41
1
41
1
41
1
41
1
41
1
41
1
41
1
41
1
41
1
41
1
41
1
41
1
41
1
41
1
41
1
41
1
41
1
41
1
10
-7.7962603569656208
20
-14.224369127887762
30
0
10
-7.7910886030078714
20
-14.221006739484645
30
0
10
-7.7807552937776192
20
-14.2142736916648
30
0
10
-7.7652859259887563
20
-14.204149306895228
30
0
10
-7.7447213147068776
20
-14.190600484626518
30
0
10
-7.7191177359636942
20
-14.173581615393381
30
0
10
-7.6936166325440407
20
-14.156479758612495
30
0
10
-7.6682184313810273
20
-14.13929474660101
30
0
10
-7.6429237064132582
20
-14.122026410719862
30
0
10
-7.6177331913704327
20
-14.104674604161794
30
0
10
-7.5926477401487835
20
-14.087239195018672
30
0
10
-7.5676682836582563
20
-14.069720057731061
30
0
10
-7.5427957863288331
20
-14.052117065658507
30
0
10
-7.5180312043132069
20
-14.034430083955014
30
0
10
-7.4933754361680149
20
-14.016658962511279
30
0
10
-7.4688293432555941
20
-13.998803534248909
30
0
10
-7.4443937789845593
20
-13.980863614599706
30
0
10
-7.4200696149358354
20
-13.962839001056761
30
0
10
-7.3958577656766975
20
-13.944729473471957
30
0
10
-7.3717592181132829
20
-13.926534794180929
30
0
10
-7.3477750180707666
20
-13.908254712444666
30
0
10
-7.323906248184997
20
-13.889888969794391
30
0
10
-7.3001540067722885
20
-13.87143730622299
30
0
10
-7.2765193883840791
20
-13.852899465355469
30
0
10
-7.2530034552505818
20
-13.834275204035226
30
0
10
-7.2296072656240584
20
-13.815564276878494
30
0
10
-7.2063319154613961
20
-13.796766415293746
30
0
10
-7.1831785772675687
20
-13.777881307598083
30
0
10
-7.160148533736189
20
-13.758908582321826
30
0
10
-7.1372432271925792
20
-13.739847782881272
30
0
10
-7.1144642087023726
20
-13.720698397178705
30
0
10
-7.0918130588846768
20
-13.701459902621036
30
0
10
-7.0692913112572064
20
-13.682131810118712
30
0
10
-7.046900387280588
20
-13.662713701233159
30
0
10
-7.0246414902328427
20
-13.643205289343678
30
0
10
-7.0025157315349498
20
-13.623606346093869
30
0
10
-6.9805243280828044
20
-13.603916586794174
30
0
10
-6.9586687892206056
20
-13.584135561824823
30
0
10
-6.9369510760424049
20
-13.564262564328274
30
0
10
-6.9153738520299326
20
-13.544296484583159
30
0
10
-6.8939402105322394
20
-13.524235970111151
30
0
10
-6.8726532362157169
20
-13.504079682830149
30
0
10
-6.8515155876095015
20
-13.483826543986241
30
0
10
-6.8305291428557657
20
-13.463475942132812
30
0
10
-6.8096944286681804
20
-13.443028068052252
30
0
10
-6.7890112943371204
20
-13.422483521113705
30
0
10
-6.7684799703238143
20
-13.401842690650088
30
0
10
-6.7481020717525553
20
-13.381105169578031
30
0
10
-6.7278814615579812
20
-13.360269250334433
30
0
10
-6.7078255949722543
20
-13.339331138843516
30
0
10
-6.6879439458301126
20
-13.318285878265357
30
0
10
-6.6682456072437191
20
-13.297128756579477
30
0
10
-6.6487370072863436
20
-13.275856646704138
30
0
10
-6.6294199316869005
20
-13.254469167091937
30
0
10
-6.6102884816213159
20
-13.232970465510427
30
0
10
-6.5913330711391307
20
-13.211366883426553
30
0
10
-6.5725461306122401
20
-13.189663622224097
30
0
10
-6.5539275531802224
20
-13.167861559607514
30
0
10
-6.5354895300640781
20
-13.145954424277665
30
0
10
-6.5172635511843069
20
-13.123924701990809
30
0
10
-6.4992907191449278
20
-13.101749319464432
30
0
10
-6.4816088999834323
20
-13.079407183596899
30
0
10
-6.4642403636731807
20
-13.056886430048696
30
0
10
-6.447180564234686
20
-13.034191012811526
30
0
10
-6.4303827931234316
20
-13.011349689498521
30
0
10
-6.4137844135041462
20
-12.988400855192575
30
0
10
-6.3973386390737685
20
-12.96537415297626
30
0
10
-6.3810450576146138
20
-12.9422728205392
30
0
10
-6.3649791479302076
20
-12.919056606819854
30
0
10
-6.3493265997086459
20
-12.895621939231553
30
0
10
-6.337272852918197
20
-12.876497125735593
30
0
10
-6.3286301573237234
20
-12.861904749394073
30
0
10
-6.3230606558884475
20
-12.852029363078177
30
0
10
-6.3203053132178937
20
-12.847013395473452
30
0
10
-6.320252971179424
20
-12.846918061233712
30
0
0
SPLINE
5
135
100
AcDbEntity
8
0
100
AcDbSpline
70
0
71
3
72
9
73
5
74
0
42
0.000000001
43
0.0000000001
44
0.0000000001
40
-1
40
-1
40
-1
40
-1
40
-0.5
40
0
40
0
40
0
40
0
10
-5.9305072356379585
20
-12.71940161329775
30
0
10
-5.9987074632315407
20
-12.687602794806709
30
0
10
-6.1597650204039649
20
-12.678064573221175
30
0
10
-6.2840377617235319
20
-12.780956750563684
30
0
10
-6.320252971179424
20
-12.846918061233714
30
0
0
ARC
5
136
100
AcDbEntity
8
0
100
AcDbCircle
10
0
20
0
30
0
40
14.034033400000002
210
0
220
0
230
1
100
AcDbArc
50
245.00239450984787
51
246.99760549015215
0
SPLINE
5
137
100
AcDbEntity
8
0
100
AcDbSpline
70
0
71
3
72
14
73
10
74
0
42
0.000000001
43
0.0000000001
44
0.0000000001
40
0
40
0
40
0
40
0
40
0.011719334201607732
40
0.011719334201607732
40
0.023438668403215769
40
0.023438668403215769
40
0.03436069125824652
40
0.03436069125824652
40
0.045282714113277334
40
0.045282714113277334
40
0.045282714113277334
40
0.045282714113277334
10
-5.3180459775912485
20
-13.293129363395986
30
0
10
-5.3051786528566165
20
-13.256244908675182
30
0
10
-5.2996387009549695
20
-13.217199814797659
30
0
10
-5.3038371973788356
20
-13.139183811238846
30
0
10
-5.3135355057901812
20
-13.100958777073583
30
0
10
-5.3458987980536765
20
-13.032778737015068
30
0
10
-5.3673680183571983
20
-13.003004093006101
30
0
10
-5.4199175341437069
20
-12.952602187383222
30
0
10
-5.4505616005330637
20
-12.932393326914939
30
0
10
-5.4840735894930104
20
-12.918166678648326
30
0
0
SPLINE
5
138
100
AcDbEntity
8
0
100
AcDbSpline
70
4
71
5
72
81
73
75
74
0
42
0.000000001
43
0.0000000001
44
0.0000000001
40
0.014008970433924578
40
0.014008970433924578
40
0.014008970433924578
40
0.014008970433924578
40
0.014008970433924578
40
0.014008970433924578
40
0.014285714285714285
40
0.028571428571428571
40
0.042857142857142858
40
0.057142857142857141
40
0.071428571428571425
40
0.085714285714285715
40
0.10000000000000001
40
0.1142857142857143
40
0.12857142857142859
40
0.14285714285714288
40
0.15714285714285717
40
0.17142857142857146
40
0.18571428571428575
40
0.20000000000000004
40
0.21428571428571433
40
0.22857142857142862
40
0.24285714285714291
40
0.25714285714285717
40
0.27142857142857146
40
0.28571428571428575
40
0.30000000000000004
40
0.31428571428571433
40
0.32857142857142863
40
0.34285714285714292
40
0.35714285714285721
40
0.3714285714285715
40
0.38571428571428579
40
0.40000000000000008
40
0.41428571428571437
40
0.42857142857142866
40
0.44285714285714295
40
0.45714285714285724
40
0.47142857142857153
40
0.48571428571428582
40
0.50000000000000011
40
0.51428571428571435
40
0.52857142857142858
40
0.54285714285714282
40
0.55714285714285705
40
0.57142857142857129
40
0.58571428571428552
40
0.59999999999999976
40
0.61428571428571399
40
0.62857142857142823
40
0.64285714285714246
40
0.6571428571428567
40
0.67142857142857093
40
0.68571428571428517
40
0.6999999999999994
40
0.71428571428571364
40
0.72857142857142787
40
0.74285714285714211
40
0.75714285714285634
40
0.77142857142857058
40
0.78571428571428481
40
0.79999999999999905
40
0.81428571428571328
40
0.82857142857142752
40
0.84285714285714175
40
0.85714285714285599
40
0.87142857142857022
40
0.88571428571428445
40
0.89999999999999869
40
0.91428571428571292
40
0.92857142857142716
40
0.94285714285714139
40
0.95714285714285563
40
0.97142857142856986
40
0.9857142857142841
40
1
40
1
40
1
40
1
40
1
40
1
41
1
41
1
41
1
41
1
41
1
41
1
41
1
41
1
41
1
41
1
41
1
41
1
41
1
41
1
41
1
41
1
41
1
41
1
41
1
41
1
41
1
41
1
41
1
41
1
41
1
41
1
41
1
41
1
41
1
41
1
41
1
41
1
41
1
41
1
41
1
41
1
41
1
41
1
41
1
41
1
41
1
41
1
41
1
41
1
41
1
41
1
41
1
41
1
41
1
41
1
41
1
41
1
41
1
41
1
41
1
41
1
41
1
41
1
41
1
41
1
41
1
41
1
41
1
41
1
41
1
41
1
41
1
41
1
41
1
41
1
41
1
41
1
41
1
41
1
41
1
10
-5.3180459775912485
20
-13.293129363395984
30
0
10
-5.3180818010782644
20
-13.293232052168676
30
0
10
-5.3199657073366016
20
-13.298636008261543
30
0
10
-5.3235778257043478
20
-13.30938287766724
30
0
10
-5.3286389825302631
20
-13.325569857806068
30
0
10
-5.3347859578192205
20
-13.347324535412062
30
0
10
-5.3417277106916909
20
-13.374637498961629
30
0
10
-5.3482305278955682
20
-13.402111475773566
30
0
10
-5.3544956295162782
20
-13.429677775104736
30
0
10
-5.3606034330995032
20
-13.45730723849009
30
0
10
-5.3665512567454776
20
-13.484998005829835
30
0
10
-5.3722857652034435
20
-13.512765011029192
30
0
10
-5.377736513142656
20
-13.540629111003062
30
0
10
-5.3828508753750075
20
-13.56860577436551
30
0
10
-5.3876228716580226
20
-13.596695733700797
30
0
10
-5.3920762204349852
20
-13.62489037798615
30
0
10
-5.3962519342598636
20
-13.653175681311636
30
0
10
-5.4001946629335063
20
-13.681536537529279
30
0
10
-5.4039384929451284
20
-13.709961264384138
30
0
10
-5.4074962422973343
20
-13.738444998351616
30
0
10
-5.4108671872250138
20
-13.766987231545556
30
0
10
-5.4140423972768881
20
-13.79559010889084
30
0
10
-5.4170107455717602
20
-13.824256510867322
30
0
10
-5.4197652026339158
20
-13.852988045757373
30
0
10
-5.4223072468941975
20
-13.881783641810831
30
0
10
-5.4246435034477836
20
-13.910640614464413
30
0
10
-5.4267835584879691
20
-13.939555359175992
30
0
10
-5.4287374348974708
20
-13.968524152287593
30
0
10
-5.4305129407480948
20
-13.997543992214256
30
0
10
-5.4321139298143128
20
-14.026613150818809
30
0
10
-5.4335417853471295
20
-14.05573070022195
30
0
10
-5.4347963722244579
20
-14.084896208643032
30
0
10
-5.4358771441838005
20
-14.114109387024889
30
0
10
-5.4367843118864467
20
-14.143369716284653
30
0
10
-5.4375195864482002
20
-14.172676209828325
30
0
10
-5.4380855484426576
20
-14.202027613811001
30
0
10
-5.4384852563033004
20
-14.231422531230493
30
0
10
-5.4387217849719338
20
-14.26085956826511
30
0
10
-5.4387977413493811
20
-14.290337488110714
30
0
10
-5.4387149629612255
20
-14.319855306370426
30
0
10
-5.4384747938884797
20
-14.349412202237266
30
0
10
-5.4380782599589921
20
-14.379007461875837
30
0
10
-5.4375262745604358
20
-14.408640412139651
30
0
10
-5.4368198558436545
20
-14.438310350605555
30
0
10
-5.4359602659119233
20
-14.468016500912491
30
0
10
-5.4349488943532442
20
-14.497758050699499
30
0
10
-5.4337871871705943
20
-14.527534175020705
30
0
10
-5.4324765627922256
20
-14.557344063869945
30
0
10
-5.4310183256299727
20
-14.587186950904769
30
0
10
-5.4294136100291617
20
-14.617062131459777
30
0
10
-5.4276634321742865
20
-14.646968942750538
30
0
10
-5.425768725006054
20
-14.67690675004517
30
0
10
-5.4237303789891165
20
-14.706874931102767
30
0
10
-5.4215492855947831
20
-14.736872859235977
30
0
10
-5.4192263677446784
20
-14.766899892582902
30
0
10
-5.4167625535788053
20
-14.79695538891419
30
0
10
-5.414158759601678
20
-14.827038716623974
30
0
10
-5.4114158719423262
20
-14.857149266289833
30
0
10
-5.4085347275889015
20
-14.887286463526079
30
0
10
-5.405516102108292
20
-14.917449775984617
30
0
10
-5.4023607291939237
20
-14.94763869145817
30
0
10
-5.3990693170485304
20
-14.977852699240762
30
0
10
-5.395642566199454
20
-15.008091271012701
30
0
10
-5.3920811894513951
20
-15.038353839459003
30
0
10
-5.3883859268054923
20
-15.068639784249315
30
0
10
-5.3845575177035574
20
-15.098948473411502
30
0
10
-5.3805966783547721
20
-15.129279299160313
30
0
10
-5.3765040781540874
20
-15.15963171519094
30
0
10
-5.3722803171615592
20
-15.1900052744692
30
0
10
-5.3679259047403161
20
-15.220399663317137
30
0
10
-5.3634412511770213
20
-15.250814676663344
30
0
10
-5.3597495775207431
20
-15.27516309278554
30
0
10
-5.3569224342248445
20
-15.293433609131114
30
0
10
-5.3550117304009204
20
-15.305618042785964
30
0
10
-5.3540498930822578
20
-15.311711281969302
30
0
0
ARC
5
139
100
AcDbEntity
8
0
100
AcDbCircle
10
0
20
0
30
0
40
16.220800000000001
210
0
220
0
230
1
100
AcDbArc
50
250.72678700657124
51
253.27321299342859
0
SPLINE
5
140
100
AcDbEntity
8
0
100
AcDbSpline
70
4
71
5
72
81
73
75
74
0
42
0.000000001
43
0.0000000001
44
0.0000000001
40
-1
40
-1
40
-1
40
-1
40
-1
40
-1
40
-0.9857142857142841
40
-0.97142857142856986
40
-0.95714285714285563
40
-0.94285714285714139
40
-0.92857142857142716
40
-0.91428571428571292
40
-0.89999999999999869
40
-0.88571428571428445
40
-0.87142857142857022
40
-0.85714285714285599
40
-0.84285714285714175
40
-0.82857142857142752
40
-0.81428571428571328
40
-0.79999999999999905
40
-0.78571428571428481
40
-0.77142857142857058
40
-0.75714285714285634
40
-0.74285714285714211
40
-0.72857142857142787
40
-0.71428571428571364
40
-0.6999999999999994
40
-0.68571428571428517
40
-0.67142857142857093
40
-0.6571428571428567
40
-0.64285714285714246
40
-0.62857142857142823
40
-0.61428571428571399
40
-0.59999999999999976
40
-0.58571428571428552
40
-0.57142857142857129
40
-0.55714285714285705
40
-0.54285714285714282
40
-0.52857142857142858
40
-0.51428571428571435
40
-0.50000000000000011
40
-0.48571428571428582
40
-0.47142857142857153
40
-0.45714285714285724
40
-0.44285714285714295
40
-0.42857142857142866
40
-0.41428571428571437
40
-0.40000000000000008
40
-0.38571428571428579
40
-0.3714285714285715
40
-0.35714285714285721
40
-0.34285714285714292
40
-0.32857142857142863
40
-0.31428571428571433
40
-0.30000000000000004
40
-0.28571428571428575
40
-0.27142857142857146
40
-0.25714285714285717
40
-0.24285714285714291
40
-0.22857142857142862
40
-0.21428571428571433
40
-0.20000000000000004
40
-0.18571428571428575
40
-0.17142857142857146
40
-0.15714285714285717
40
-0.14285714285714288
40
-0.12857142857142859
40
-0.1142857142857143
40
-0.10000000000000001
40
-0.085714285714285715
40
-0.071428571428571425
40
-0.057142857142857141
40
-0.042857142857142858
40
-0.028571428571428571
40
-0.014285714285714285
40
-0.014008970433899344
40
-0.014008970433899344
40
-0.014008970433899344
40
-0.014008970433899344
40
-0.014008970433899344
40
-0.014008970433899344
41
1
41
1
41
1
41
1
41
1
41
1
41
1
41
1
41
1
41
1
41
1
41
1
41
1
41
1
41
1
41
1
41
1
41
1
41
1
41
1
41
1
41
1
41
1
41
1
41
1
41
1
41
1
41
1
41
1
41
1
41
1
41
1
41
1
41
1
41
1
41
1
41
1
41
1
41
1
41
1
41
1
41
1
41
1
41
1
41
1
41
1
41
1
41
1
41
1
41
1
41
1
41
1
41
1
41
1
41
1
41
1
41
1
41
1
41
1
41
1
41
1
41
1
41
1
41
1
41
1
41
1
41
1
41
1
41
1
41
1
41
1
41
1
41
1
41
1
41
1
10
-4.668480726666921
20
-15.534466207267618
30
0
10
-4.6641210677996412
20
-15.530102027008523
30
0
10
-4.6554134455250118
20
-15.521367696644115
30
0
10
-4.6423870984934004
20
-15.508248291559987
30
0
10
-4.6250888318544803
20
-15.490719920462457
30
0
10
-4.603583174614708
20
-15.46874967100738
30
0
10
-4.5821950074481457
20
-15.446719553299364
30
0
10
-4.5609247828216191
20
-15.424629492084215
30
0
10
-4.5397730971938346
20
-15.402479441736585
30
0
10
-4.5187406987836756
20
-15.380269411208289
30
0
10
-4.4978284502529391
20
-15.357999449008712
30
0
10
-4.4770372882742357
20
-15.33566962586926
30
0
10
-4.4563681825324553
20
-15.313280018433133
30
0
10
-4.4358220963221315
20
-15.290830693596373
30
0
10
-4.4153999397737582
20
-15.268321691350359
30
0
10
-4.3951025901643872
20
-15.245753027355054
30
0
10
-4.3749309206275013
20
-15.223124698509153
30
0
10
-4.3548858258014391
20
-15.200436687942869
30
0
10
-4.3349682460393488
20
-15.177688970468077
30
0
10
-4.3151791960943093
20
-15.154881518803275
30
0
10
-4.2955197510692766
20
-15.132014305127981
30
0
10
-4.2759910236805858
20
-15.109087301714229
30
0
10
-4.2565941423022231
20
-15.08610048258949
30
0
10
-4.2373302308704162
20
-15.063053824551213
30
0
10
-4.218200378958195
20
-15.039947310606436
30
0
10
-4.1992056727106197
20
-15.016780920756629
30
0
10
-4.1803472399786141
20
-14.993554620141886
30
0
10
-4.1616262924476235
20
-14.970268347667821
30
0
10
-4.1430441620142187
20
-14.946922006669254
30
0
10
-4.1246023544145372
20
-14.923515450416225
30
0
10
-4.106302493290813
20
-14.900048500486264
30
0
10
-4.0881462333750473
20
-14.87652097433539
30
0
10
-4.0701351763613438
20
-14.852932712398079
30
0
10
-4.0522707996462781
20
-14.82928360091794
30
0
10
-4.0345543398051582
20
-14.805573609713182
30
0
10
-4.0169869314497113
20
-14.781802746494954
30
0
10
-3.9995698240740172
20
-14.757970985801743
30
0
10
-3.9823045875206997
20
-14.734078201649348
30
0
10
-3.9651932869931428
20
-14.710124110361129
30
0
10
-3.9482387584936571
20
-14.686108180234799
30
0
10
-3.9314443089702475
20
-14.662029731490353
30
0
10
-3.9148132338848631
20
-14.637888096624197
30
0
10
-3.8983483579569418
20
-14.61368277319507
30
0
10
-3.8820516454136471
20
-14.589413553605651
30
0
10
-3.8659235717928029
20
-14.565080733979194
30
0
10
-3.8499638650623016
20
-14.540684869252907
30
0
10
-3.8341726697003691
20
-14.516226388167437
30
0
10
-3.8185516501743555
20
-14.491705228338372
30
0
10
-3.8031049400268384
20
-14.467120522666246
30
0
10
-3.7878406204079802
20
-14.442470110014849
30
0
10
-3.7727689887114679
20
-14.417751111584122
30
0
10
-3.7578999190272935
20
-14.392960808886846
30
0
10
-3.7432403491167547
20
-14.36809747964711
30
0
10
-3.7287921050144668
20
-14.343161121929164
30
0
10
-3.7145485544304573
20
-14.318154566427381
30
0
10
-3.7004990024251603
20
-14.293082023001292
30
0
10
-3.6866349633565161
20
-14.267947005557765
30
0
10
-3.6729561502142394
20
-14.242750350403799
30
0
10
-3.6594757916883092
20
-14.217488457980544
30
0
10
-3.6462283309849441
20
-14.19215074389512
30
0
10
-3.6332587697228225
20
-14.166723184783498
30
0
10
-3.6206085319780961
20
-14.141193021270798
30
0
10
-3.608301867806663
20
-14.115553278469612
30
0
10
-3.596333508488494
20
-14.089806878805156
30
0
10
-3.5846517871288648
20
-14.063972240215247
30
0
10
-3.5731874528710383
20
-14.038073895827765
30
0
10
-3.5618885786615073
20
-14.012131113533437
30
0
10
-3.5507540881370083
20
-13.986146974565724
30
0
10
-3.5398661793743753
20
-13.960097800371011
30
0
10
-3.5294280182481179
20
-13.933920888729169
30
0
10
-3.5216139470557022
20
-13.912707883417712
30
0
10
-3.5161940407343084
20
-13.896637468055966
30
0
10
-3.5127994545345231
20
-13.885819918164319
30
0
10
-3.5111472010179012
20
-13.880340693532975
30
0
10
-3.5111158238815285
20
-13.880236560053373
30
0
0
SPLINE
5
141
100
AcDbEntity
8
0
100
AcDbSpline
70
0
71
3
72
9
73
5
74
0
42
0.000000001
43
0.0000000001
44
0.0000000001
40
-1
40
-1
40
-1
40
-1
40
-0.5
40
0
40
0
40
0
40
0
10
-3.1563991280628736
20
-13.674473957585322
30
0
10
-3.2297203631715061
20
-13.657549644205282
30
0
10
-3.3892415340769806
20
-13.681705604676813
30
0
10
-3.4894061312721298
20
-13.808187096848943
30
0
10
-3.5111158238815303
20
-13.880236560053374
30
0
0
ARC
5
142
100
AcDbEntity
8
0
100
AcDbCircle
10
0
20
0
30
0
40
14.03403339999999
210
0
220
0
230
1
100
AcDbArc
50
257.00239450984782
51
258.99760549015213
0
SPLINE
5
143
100
AcDbEntity
8
0
100
AcDbSpline
70
0
71
3
72
14
73
10
74
0
42
0.000000001
43
0.0000000001
44
0.0000000001
40
0
40
0
40
0
40
0
40
0.011719334201607876
40
0.011719334201607876
40
0.023438668403215717
40
0.023438668403215717
40
0.034360691258245375
40
0.034360691258245375
40
0.045282714113275169
40
0.045282714113275169
40
0.045282714113275169
40
0.045282714113275169
10
-2.4380369113700846
20
-14.108326524097478
30
0
10
-2.4331194778989387
20
-14.069572815966072
30
0
10
-2.435818518724377
20
-14.030229130302425
30
0
10
-2.456145707138834
20
-13.954790880092913
30
0
10
-2.4735795157274358
20
-13.919417546336067
30
0
10
-2.5194110198154105
20
-13.859456110549836
30
0
10
-2.5466015827243256
20
-13.834795815843608
30
0
10
-2.6084819109291075
20
-13.796420971465013
30
0
10
-2.6426579892940421
20
-13.78302498274094
30
0
10
-2.6783955473868093
20
-13.776076755159799
30
0
0
SPLINE
5
144
100
AcDbEntity
8
0
100
AcDbSpline
70
4
71
5
72
81
73
75
74
0
42
0.000000001
43
0.0000000001
44
0.0000000001
40
0.014008970433932498
40
0.014008970433932498
40
0.014008970433932498
40
0.014008970433932498
40
0.014008970433932498
40
0.014008970433932498
40
0.014285714285714285
40
0.028571428571428571
40
0.042857142857142858
40
0.057142857142857141
40
0.071428571428571425
40
0.085714285714285715
40
0.10000000000000001
40
0.1142857142857143
40
0.12857142857142859
40
0.14285714285714288
40
0.15714285714285717
40
0.17142857142857146
40
0.18571428571428575
40
0.20000000000000004
40
0.21428571428571433
40
0.22857142857142862
40
0.24285714285714291
40
0.25714285714285717
40
0.27142857142857146
40
0.28571428571428575
40
0.30000000000000004
40
0.31428571428571433
40
0.32857142857142863
40
0.34285714285714292
40
0.35714285714285721
40
0.3714285714285715
40
0.38571428571428579
40
0.40000000000000008
40
0.41428571428571437
40
0.42857142857142866
40
0.44285714285714295
40
0.45714285714285724
40
0.47142857142857153
40
0.48571428571428582
40
0.50000000000000011
40
0.51428571428571435
40
0.52857142857142858
40
0.54285714285714282
40
0.55714285714285705
40
0.57142857142857129
40
0.58571428571428552
40
0.59999999999999976
40
0.61428571428571399
40
0.62857142857142823
40
0.64285714285714246
40
0.6571428571428567
40
0.67142857142857093
40
0.68571428571428517
40
0.6999999999999994
40
0.71428571428571364
40
0.72857142857142787
40
0.74285714285714211
40
0.75714285714285634
40
0.77142857142857058
40
0.78571428571428481
40
0.79999999999999905
40
0.81428571428571328
40
0.82857142857142752
40
0.84285714285714175
40
0.85714285714285599
40
0.87142857142857022
40
0.88571428571428445
40
0.89999999999999869
40
0.91428571428571292
40
0.92857142857142716
40
0.94285714285714139
40
0.95714285714285563
40
0.97142857142856986
40
0.9857142857142841
40
1
40
1
40
1
40
1
40
1
40
1
41
1
41
1
41
1
41
1
41
1
41
1
41
1
41
1
41
1
41
1
41
1
41
1
41
1
41
1
41
1
41
1
41
1
41
1
41
1
41
1
41
1
41
1
41
1
41
1
41
1
41
1
41
1
41
1
41
1
41
1
41
1
41
1
41
1
41
1
41
1
41
1
41
1
41
1
41
1
41
1
41
1
41
1
41
1
41
1
41
1
41
1
41
1
41
1
41
1
41
1
41
1
41
1
41
1
41
1
41
1
41
1
41
1
41
1
41
1
41
1
41
1
41
1
41
1
41
1
41
1
41
1
41
1
41
1
41
1
41
1
41
1
41
1
41
1
41
1
41
1
10
-2.4380369113700846
20
-14.108326524097476
30
0
10
-2.4380506018316019
20
-14.108434416995861
30
0
10
-2.4387697945698279
20
-14.114111969818078
30
0
10
-2.4400685796956676
20
-14.125374995979932
30
0
10
-2.4416536756919776
20
-14.142260525439019
30
0
10
-2.4431432730183822
20
-14.1648178391698
30
0
10
-2.4442546475026421
20
-14.192977220511692
30
0
10
-2.4449032015761678
20
-14.221202836732843
30
0
10
-2.4453000397912867
20
-14.249469334155842
30
0
10
-2.4455298847631339
20
-14.277764911245958
30
0
10
-2.4455904999343869
20
-14.306087190952731
30
0
10
-2.4454266106239881
20
-14.334439691817543
30
0
10
-2.4449649745042512
20
-14.362828168573857
30
0
10
-2.444150900267986
20
-14.391256810417556
30
0
10
-2.4429783860425243
20
-14.419725090561856
30
0
10
-2.4414724222985673
20
-14.448229517497138
30
0
10
-2.4396760415180285
20
-14.47676489880269
30
0
10
-2.4376360585412478
20
-14.505325741651705
30
0
10
-2.4353882438632448
20
-14.533907706054148
30
0
10
-2.4329461465661337
20
-14.562508699777702
30
0
10
-2.4303091642962835
20
-14.591128075555506
30
0
10
-2.4274681157992406
20
-14.619766074695466
30
0
10
-2.4244115184574206
20
-14.648423201323354
30
0
10
-2.4211321620253119
20
-14.677099567066534
30
0
10
-2.4176317154558848
20
-14.705794430978214
30
0
10
-2.4139172172221861
20
-14.734506544593994
30
0
10
-2.4099987934626328
20
-14.763234375221304
30
0
10
-2.4058870222279349
20
-14.791976364447523
30
0
10
-2.4015901650293978
20
-14.820731199668929
30
0
10
-2.3971123507271974
20
-14.849497991757058
30
0
10
-2.3924551252619404
20
-14.87827612070306
30
0
10
-2.3876184462365235
20
-14.907065136068267
30
0
10
-2.3826018394239612
20
-14.935864641537744
30
0
10
-2.3774056188054873
20
-14.964674173170774
30
0
10
-2.3720316632293432
20
-14.993493121693792
30
0
10
-2.3664827575664131
20
-15.022320797192815
30
0
10
-2.3607621838691624
20
-15.051156469077602
30
0
10
-2.3548732396763561
20
-15.079999413301149
30
0
10
-2.3488187320678295
20
-15.108848962091612
30
0
10
-2.3426006630824334
20
-15.137704534606602
30
0
10
-2.3362205180851578
20
-15.166565607425895
30
0
10
-2.3296794489017731
20
-15.195431695594706
30
0
10
-2.3229784889152678
20
-15.224302330580402
30
0
10
-2.3161187800694298
20
-15.253177036994913
30
0
10
-2.3091017183020894
20
-15.282055317848563
30
0
10
-2.3019288317347604
20
-15.310936667444022
30
0
10
-2.294601706287676
20
-15.33982057950338
30
0
10
-2.2871218978027752
20
-15.368706556628876
30
0
10
-2.2794908415189221
20
-15.397594120426941
30
0
10
-2.2717097935014516
20
-15.426482817474465
30
0
10
-2.2637798855294191
20
-15.455372210747083
30
0
10
-2.2557021621247149
20
-15.484261873352605
30
0
10
-2.2474776236643663
20
-15.513151381785597
30
0
10
-2.2391072724345169
20
-15.542040308400633
30
0
10
-2.2305921446393349
20
-15.570928217248239
30
0
10
-2.2219332816637278
20
-15.59981467310446
30
0
10
-2.2131317113026281
20
-15.628699248717551
30
0
10
-2.2041884270270717
20
-15.657581532219005
30
0
10
-2.1951043669565062
20
-15.686461135794472
30
0
10
-2.1858804003912118
20
-15.715337699978356
30
0
10
-2.1765173514855447
20
-15.74421087629978
30
0
10
-2.1670160191480408
20
-15.77308031245655
30
0
10
-2.1573771984416865
20
-15.801945637321847
30
0
10
-2.147601704546104
20
-15.830806444178311
30
0
10
-2.1376903902655657
20
-15.859662280106184
30
0
10
-2.1276441102777008
20
-15.888512680682041
30
0
10
-2.1174636915064604
20
-15.917357200310448
30
0
10
-2.1071499023020652
20
-15.946195443799718
30
0
10
-2.0967034225554553
20
-15.975027098643926
30
0
10
-2.0861248157162637
20
-16.003851963922287
30
0
10
-2.0754145257421475
20
-16.032669924348092
30
0
10
-2.066741203647867
20
-16.055718727047857
30
0
10
-2.0601771862705318
20
-16.073002192632615
30
0
10
-2.0557749497066125
20
-16.084523109515729
30
0
10
-2.0535672751798995
20
-16.090283219580389
30
0
0
ARC
5
145
100
AcDbEntity
8
0
100
AcDbCircle
10
0
20
0
30
0
40
16.220800000000001
210
0
220
0
230
1
100
AcDbArc
50
262.72678700657127
51
265.27321299342861
0
SPLINE
5
146
100
AcDbEntity
8
0
100
AcDbSpline
70
4
71
5
72
81
73
75
74
0
42
0.000000001
43
0.0000000001
44
0.0000000001
40
-1
40
-1
40
-1
40
-1
40
-1
40
-1
40
-0.9857142857142841
40
-0.97142857142856986
40
-0.95714285714285563
40
-0.94285714285714139
40
-0.92857142857142716
40
-0.91428571428571292
40
-0.89999999999999869
40
-0.88571428571428445
40
-0.87142857142857022
40
-0.85714285714285599
40
-0.84285714285714175
40
-0.82857142857142752
40
-0.81428571428571328
40
-0.79999999999999905
40
-0.78571428571428481
40
-0.77142857142857058
40
-0.75714285714285634
40
-0.74285714285714211
40
-0.72857142857142787
40
-0.71428571428571364
40
-0.6999999999999994
40
-0.68571428571428517
40
-0.67142857142857093
40
-0.6571428571428567
40
-0.64285714285714246
40
-0.62857142857142823
40
-0.61428571428571399
40
-0.59999999999999976
40
-0.58571428571428552
40
-0.57142857142857129
40
-0.55714285714285705
40
-0.54285714285714282
40
-0.52857142857142858
40
-0.51428571428571435
40
-0.50000000000000011
40
-0.48571428571428582
40
-0.47142857142857153
40
-0.45714285714285724
40
-0.44285714285714295
40
-0.42857142857142866
40
-0.41428571428571437
40
-0.40000000000000008
40
-0.38571428571428579
40
-0.3714285714285715
40
-0.35714285714285721
40
-0.34285714285714292
40
-0.32857142857142863
40
-0.31428571428571433
40
-0.30000000000000004
40
-0.28571428571428575
40
-0.27142857142857146
40
-0.25714285714285717
40
-0.24285714285714291
40
-0.22857142857142862
40
-0.21428571428571433
40
-0.20000000000000004
40
-0.18571428571428575
40
-0.17142857142857146
40
-0.15714285714285717
40
-0.14285714285714288
40
-0.12857142857142859
40
-0.1142857142857143
40
-0.10000000000000001
40
-0.085714285714285715
40
-0.071428571428571425
40
-0.057142857142857141
40
-0.042857142857142858
40
-0.028571428571428571
40
-0.014285714285714285
40
-0.014008970433928621
40
-0.014008970433928621
40
-0.014008970433928621
40
-0.014008970433928621
40
-0.014008970433928621
40
-0.014008970433928621
41
1
41
1
41
1
41
1
41
1
41
1
41
1
41
1
41
1
41
1
41
1
41
1
41
1
41
1
41
1
41
1
41
1
41
1
41
1
41
1
41
1
41
1
41
1
41
1
41
1
41
1
41
1
41
1
41
1
41
1
41
1
41
1
41
1
41
1
41
1
41
1
41
1
41
1
41
1
41
1
41
1
41
1
41
1
41
1
41
1
41
1
41
1
41
1
41
1
41
1
41
1
41
1
41
1
41
1
41
1
41
1
41
1
41
1
41
1
41
1
41
1
41
1
41
1
41
1
41
1
41
1
41
1
41
1
41
1
41
1
41
1
41
1
41
1
41
1
41
1
10
-1.3366660867569076
20
-16.165632570750642
30
0
10
-1.3333090609925624
20
-16.160457334254556
30
0
10
-1.3266076905507618
20
-16.15010345349447
30
0
10
-1.3165936781490295
20
-16.134562409051853
30
0
10
-1.3033177734114854
20
-16.113820563052922
30
0
10
-1.2868499380920906
20
-16.087859138702044
30
0
10
-1.2705094727156119
20
-16.061863581922971
30
0
10
-1.2542968355076152
20
-16.035833913179136
30
0
10
-1.2382126193787957
20
-16.009770211852953
30
0
10
-1.2222575543364733
20
-15.983672642264068
30
0
10
-1.2064324741055465
20
-15.95754143121929
30
0
10
-1.1907382801841948
20
-15.931376842649566
30
0
10
-1.1751759051323512
20
-15.905179153132078
30
0
10
-1.1597462772857803
20
-15.878948628381238
30
0
10
-1.1444502785717687
20
-15.852685496741266
30
0
10
-1.1292887638408688
20
-15.826389955926089
30
0
10
-1.1142625877912988
20
-15.800062184436825
30
0
10
-1.0993726290188321
20
-15.7737023517781
30
0
10
-1.0846198125645485
20
-15.74731062882263
30
0
10
-1.0700051366788794
20
-15.720887199864102
30
0
10
-1.0555296587554075
20
-15.694432261216456
30
0
10
-1.0411944729599116
20
-15.667946017104375
30
0
10
-1.0270006884086942
20
-15.64142867672504
30
0
10
-1.0129494093013629
20
-15.614880451062415
30
0
10
-0.99904170493419153
20
-15.588301550029847
30
0
10
-0.98527864187529901
20
-15.561692179888077
30
0
10
-0.97166133057714266
20
-15.535052541032359
30
0
10
-0.95819096894916522
20
-15.508382825626938
30
0
10
-0.94486887988062762
20
-15.481683216035872
30
0
10
-0.93169656671059364
20
-15.454953881795745
30
0
10
-0.91867565469693491
20
-15.428194985957251
30
0
10
-0.90580780036481623
20
-15.401406694003555
30
0
10
-0.89309460358302117
20
-15.374589182866963
30
0
10
-0.88053753311474858
20
-15.347742648444939
30
0
10
-0.86813780478831426
20
-15.320867318313718
30
0
10
-0.85589652681822226
20
-15.293963435914968
30
0
10
-0.84381492668785418
20
-15.267031236128005
30
0
10
-0.83189456612859425
20
-15.240070922110323
30
0
10
-0.82013752419386521
20
-15.213082645764215
30
0
10
-0.80854668545964736
20
-15.18606647664441
30
0
10
-0.79712542594340463
20
-15.159022437378873
30
0
10
-0.78587710787513976
20
-15.13195056021563
30
0
10
-0.77480459871080376
20
-15.104850940985164
30
0
10
-0.76390986291639762
20
-15.077723785012441
30
0
10
-0.75319330407060903
20
-15.050569480819597
30
0
10
-0.742654540707956
20
-15.02338851465846
30
0
10
-0.73229362500927986
20
-14.996181335939379
30
0
10
-0.72211219803976767
20
-14.96894822970342
30
0
10
-0.71211448329429161
20
-14.941689207211139
30
0
10
-0.70230883465597915
20
-14.914403834717941
30
0
10
-0.69270592303194711
20
-14.887091437280976
30
0
10
-0.68331597194490168
20
-14.859751408757248
30
0
10
-0.67414612563071075
20
-14.832383506948384
30
0
10
-0.6651981706232174
20
-14.804988109614879
30
0
10
-0.65646503102943954
20
-14.777566606663026
30
0
10
-0.64793537034089466
20
-14.750120892353848
30
0
10
-0.63960015776483692
20
-14.722652639542737
30
0
10
-0.63145893868484848
20
-14.695162606588571
30
0
10
-0.62352540110265364
20
-14.667650022990815
30
0
10
-0.61583543617679759
20
-14.6401116967962
30
0
10
-0.60843597775394942
20
-14.61254326744748
30
0
10
-0.60137019751801246
20
-14.584940866942439
30
0
10
-0.59466326576361361
20
-14.557302714681819
30
0
10
-0.58830942129853514
20
-14.52963057380034
30
0
10
-0.58225429696906805
20
-14.501931717608249
30
0
10
-0.57642505449174708
20
-14.474215745063015
30
0
10
-0.57076689552403137
20
-14.446490706764214
30
0
10
-0.56527812659931675
20
-14.418759392824473
30
0
10
-0.56004407261736944
20
-14.39101573206451
30
0
10
-0.55527649631549048
20
-14.363240633018634
30
0
10
-0.55204361312830008
20
-14.3408665460151
30
0
10
-0.55008337199383095
20
-14.324020445898871
30
0
10
-0.54901206073550446
20
-14.312733511270126
30
0
10
-0.54853510777989123
20
-14.307030498020804
30
0
10
-0.54852606687704653
20
-14.30692211643411
30
0
0
SPLINE
5
147
100
AcDbEntity
8
0
100
AcDbSpline
70
0
71
3
72
9
73
5
74
0
42
0.000000001
43
0.0000000001
44
0.0000000001
40
-1
40
-1
40
-1
40
-1
40
-0.5
40
0
40
0
40
0
40
0
10
-0.24434123250799353
20
-14.031906172520259
30
0
10
-0.31957898532312345
20
-14.030596037957787
30
0
10
-0.47059192932561389
20
-14.087390449100631
30
0
10
-0.54227070885584872
20
-14.231933407968981
30
0
10
-0.54852606687704686
20
-14.306922116434118
30
0
0
ARC
5
148
100
AcDbEntity
8
0
100
AcDbCircle
10
0
20
0
30
0
40
14.034033400000004
210
0
220
0
230
1
100
AcDbArc
50
269.00239450984782
51
270.99760549015213
0
SPLINE
5
149
100
AcDbEntity
8
0
100
AcDbSpline
70
0
71
3
72
14
73
10
74
0
42
0.000000001
43
0.0000000001
44
0.0000000001
40
0
40
0
40
0
40
0
40
0.011719334201607756
40
0.011719334201607756
40
0.023438668403215689
40
0.023438668403215689
40
0.034360691258245139
40
0.034360691258245139
40
0.045282714113274579
40
0.045282714113274579
40
0.045282714113274579
40
0.045282714113274579
10
0.54852606687704186
20
-14.306922116434116
30
0
10
0.54527869364555159
20
-14.26799287789837
30
0
10
0.53445862112853437
20
-14.230070108304055
30
0
10
0.4988911363978748
20
-14.160506624970886
30
0
10
0.47448376872403469
20
-14.129530976047722
30
0
10
0.41718710946418297
20
-14.080408747004515
30
0
10
0.38546356202379173
20
-14.061940574812912
30
0
10
0.31695688867804317
20
-14.03726995652087
30
0
10
0.28074245695709538
20
-14.031272308529338
30
0
10
0.24434123250798942
20
-14.031906172520257
30
0
0
SPLINE
5
150
100
AcDbEntity
8
0
100
AcDbSpline
70
4
71
5
72
81
73
75
74
0
42
0.000000001
43
0.0000000001
44
0.0000000001
40
0.014008970433927482
40
0.014008970433927482
40
0.014008970433927482
40
0.014008970433927482
40
0.014008970433927482
40
0.014008970433927482
40
0.014285714285714285
40
0.028571428571428571
40
0.042857142857142858
40
0.057142857142857141
40
0.071428571428571425
40
0.085714285714285715
40
0.10000000000000001
40
0.1142857142857143
40
0.12857142857142859
40
0.14285714285714288
40
0.15714285714285717
40
0.17142857142857146
40
0.18571428571428575
40
0.20000000000000004
40
0.21428571428571433
40
0.22857142857142862
40
0.24285714285714291
40
0.25714285714285717
40
0.27142857142857146
40
0.28571428571428575
40
0.30000000000000004
40
0.31428571428571433
40
0.32857142857142863
40
0.34285714285714292
40
0.35714285714285721
40
0.3714285714285715
40
0.38571428571428579
40
0.40000000000000008
40
0.41428571428571437
40
0.42857142857142866
40
0.44285714285714295
40
0.45714285714285724
40
0.47142857142857153
40
0.48571428571428582
40
0.50000000000000011
40
0.51428571428571435
40
0.52857142857142858
40
0.54285714285714282
40
0.55714285714285705
40
0.57142857142857129
40
0.58571428571428552
40
0.59999999999999976
40
0.61428571428571399
40
0.62857142857142823
40
0.64285714285714246
40
0.6571428571428567
40
0.67142857142857093
40
0.68571428571428517
40
0.6999999999999994
40
0.71428571428571364
40
0.72857142857142787
40
0.74285714285714211
40
0.75714285714285634
40
0.77142857142857058
40
0.78571428571428481
40
0.79999999999999905
40
0.81428571428571328
40
0.82857142857142752
40
0.84285714285714175
40
0.85714285714285599
40
0.87142857142857022
40
0.88571428571428445
40
0.89999999999999869
40
0.91428571428571292
40
0.92857142857142716
40
0.94285714285714139
40
0.95714285714285563
40
0.97142857142856986
40
0.9857142857142841
40
1
40
1
40
1
40
1
40
1
40
1
41
1
41
1
41
1
41
1
41
1
41
1
41
1
41
1
41
1
41
1
41
1
41
1
41
1
41
1
41
1
41
1
41
1
41
1
41
1
41
1
41
1
41
1
41
1
41
1
41
1
41
1
41
1
41
1
41
1
41
1
41
1
41
1
41
1
41
1
41
1
41
1
41
1
41
1
41
1
41
1
41
1
41
1
41
1
41
1
41
1
41
1
41
1
41
1
41
1
41
1
41
1
41
1
41
1
41
1
41
1
41
1
41
1
41
1
41
1
41
1
41
1
41
1
41
1
41
1
41
1
41
1
41
1
41
1
41
1
41
1
41
1
41
1
41
1
41
1
41
1
10
0.54852606687704175
20
-14.306922116434112
30
0
10
0.54853510777988634
20
-14.307030498020808
30
0
10
0.5490120607354998
20
-14.31273351127013
30
0
10
0.55008337199382629
20
-14.324020445898871
30
0
10
0.55204361312829586
20
-14.3408665460151
30
0
10
0.55527649631548637
20
-14.363240633018634
30
0
10
0.56004407261736477
20
-14.39101573206451
30
0
10
0.56527812659931231
20
-14.418759392824473
30
0
10
0.57076689552402637
20
-14.446490706764216
30
0
10
0.57642505449174264
20
-14.474215745063015
30
0
10
0.58225429696906383
20
-14.501931717608251
30
0
10
0.58830942129853092
20
-14.52963057380034
30
0
10
0.59466326576360862
20
-14.557302714681818
30
0
10
0.60137019751800724
20
-14.584940866942439
30
0
10
0.60843597775394409
20
-14.61254326744748
30
0
10
0.61583543617679315
20
-14.6401116967962
30
0
10
0.62352540110264865
20
-14.66765002299082
30
0
10
0.63145893868484404
20
-14.695162606588577
30
0
10
0.63960015776483248
20
-14.722652639542739
30
0
10
0.64793537034089022
20
-14.750120892353848
30
0
10
0.6564650310294351
20
-14.777566606663029
30
0
10
0.66519817062321263
20
-14.804988109614881
30
0
10
0.67414612563070575
20
-14.832383506948386
30
0
10
0.68331597194489668
20
-14.859751408757248
30
0
10
0.69270592303194156
20
-14.887091437280978
30
0
10
0.70230883465597382
20
-14.914403834717939
30
0
10
0.71211448329428773
20
-14.941689207211141
30
0
10
0.72211219803976356
20
-14.96894822970342
30
0
10
0.73229362500927508
20
-14.996181335939379
30
0
10
0.74265454070795189
20
-15.02338851465846
30
0
10
0.75319330407060459
20
-15.050569480819597
30
0
10
0.76390986291639262
20
-15.077723785012445
30
0
10
0.77480459871080043
20
-15.104850940985168
30
0
10
0.78587710787513498
20
-15.131950560215632
30
0
10
0.79712542594340041
20
-15.159022437378873
30
0
10
0.80854668545964326
20
-15.186066476644413
30
0
10
0.82013752419385966
20
-15.213082645764217
30
0
10
0.83189456612858947
20
-15.240070922110323
30
0
10
0.84381492668784941
20
-15.267031236128011
30
0
10
0.85589652681821726
20
-15.29396343591497
30
0
10
0.86813780478831015
20
-15.320867318313718
30
0
10
0.88053753311474414
20
-15.347742648444942
30
0
10
0.89309460358301562
20
-15.374589182866963
30
0
10
0.90580780036481123
20
-15.401406694003557
30
0
10
0.91867565469692902
20
-15.428194985957253
30
0
10
0.9316965667105892
20
-15.454953881795745
30
0
10
0.94486887988062263
20
-15.48168321603587
30
0
10
0.95819096894916134
20
-15.50838282562694
30
0
10
0.97166133057713799
20
-15.535052541032361
30
0
10
0.98527864187529346
20
-15.561692179888077
30
0
10
0.99904170493418731
20
-15.588301550029849
30
0
10
1.012949409301358
20
-15.614880451062415
30
0
10
1.0270006884086893
20
-15.641428676725042
30
0
10
1.0411944729599065
20
-15.667946017104377
30
0
10
1.0555296587554028
20
-15.694432261216456
30
0
10
1.070005136678875
20
-15.720887199864105
30
0
10
1.0846198125645434
20
-15.74731062882263
30
0
10
1.0993726290188275
20
-15.773702351778102
30
0
10
1.1142625877912935
20
-15.800062184436825
30
0
10
1.1292887638408644
20
-15.826389955926093
30
0
10
1.1444502785717636
20
-15.852685496741268
30
0
10
1.1597462772857754
20
-15.878948628381238
30
0
10
1.1751759051323465
20
-15.905179153132083
30
0
10
1.1907382801841906
20
-15.931376842649566
30
0
10
1.2064324741055421
20
-15.957541431219294
30
0
10
1.2222575543364682
20
-15.983672642264072
30
0
10
1.238212619378791
20
-16.009770211852953
30
0
10
1.2542968355076116
20
-16.03583391317914
30
0
10
1.2705094727156063
20
-16.061863581922971
30
0
10
1.2868499380920855
20
-16.087859138702044
30
0
10
1.30331777341148
20
-16.113820563052922
30
0
10
1.3165936781490242
20
-16.134562409051856
30
0
10
1.3266076905507571
20
-16.15010345349447
30
0
10
1.3333090609925569
20
-16.160457334254556
30
0
10
1.3366660867569025
20
-16.165632570750645
30
0
0
ARC
5
151
100
AcDbEntity
8
0
100
AcDbCircle
10
0
20
0
30
0
40
16.220800000000004
210
-0
220
0
230
1
100
AcDbArc
50
274.72678700657127
51
277.27321299342861
0
SPLINE
5
152
100
AcDbEntity
8
0
100
AcDbSpline
70
4
71
5
72
81
73
75
74
0
42
0.000000001
43
0.0000000001
44
0.0000000001
40
-1
40
-1
40
-1
40
-1
40
-1
40
-1
40
-0.9857142857142841
40
-0.97142857142856986
40
-0.95714285714285563
40
-0.94285714285714139
40
-0.92857142857142716
40
-0.91428571428571292
40
-0.89999999999999869
40
-0.88571428571428445
40
-0.87142857142857022
40
-0.85714285714285599
40
-0.84285714285714175
40
-0.82857142857142752
40
-0.81428571428571328
40
-0.79999999999999905
40
-0.78571428571428481
40
-0.77142857142857058
40
-0.75714285714285634
40
-0.74285714285714211
40
-0.72857142857142787
40
-0.71428571428571364
40
-0.6999999999999994
40
-0.68571428571428517
40
-0.67142857142857093
40
-0.6571428571428567
40
-0.64285714285714246
40
-0.62857142857142823
40
-0.61428571428571399
40
-0.59999999999999976
40
-0.58571428571428552
40
-0.57142857142857129
40
-0.55714285714285705
40
-0.54285714285714282
40
-0.52857142857142858
40
-0.51428571428571435
40
-0.50000000000000011
40
-0.48571428571428582
40
-0.47142857142857153
40
-0.45714285714285724
40
-0.44285714285714295
40
-0.42857142857142866
40
-0.41428571428571437
40
-0.40000000000000008
40
-0.38571428571428579
40
-0.3714285714285715
40
-0.35714285714285721
40
-0.34285714285714292
40
-0.32857142857142863
40
-0.31428571428571433
40
-0.30000000000000004
40
-0.28571428571428575
40
-0.27142857142857146
40
-0.25714285714285717
40
-0.24285714285714291
40
-0.22857142857142862
40
-0.21428571428571433
40
-0.20000000000000004
40
-0.18571428571428575
40
-0.17142857142857146
40
-0.15714285714285717
40
-0.14285714285714288
40
-0.12857142857142859
40
-0.1142857142857143
40
-0.10000000000000001
40
-0.085714285714285715
40
-0.071428571428571425
40
-0.057142857142857141
40
-0.042857142857142858
40
-0.028571428571428571
40
-0.014285714285714285
40
-0.014008970433926789
40
-0.014008970433926789
40
-0.014008970433926789
40
-0.014008970433926789
40
-0.014008970433926789
40
-0.014008970433926789
41
1
41
1
41
1
41
1
41
1
41
1
41
1
41
1
41
1
41
1
41
1
41
1
41
1
41
1
41
1
41
1
41
1
41
1
41
1
41
1
41
1
41
1
41
1
41
1
41
1
41
1
41
1
41
1
41
1
41
1
41
1
41
1
41
1
41
1
41
1
41
1
41
1
41
1
41
1
41
1
41
1
41
1
41
1
41
1
41
1
41
1
41
1
41
1
41
1
41
1
41
1
41
1
41
1
41
1
41
1
41
1
41
1
41
1
41
1
41
1
41
1
41
1
41
1
41
1
41
1
41
1
41
1
41
1
41
1
41
1
41
1
41
1
41
1
41
1
41
1
10
2.0535672751798941
20
-16.090283219580389
30
0
10
2.0557749497066071
20
-16.084523109515732
30
0
10
2.0601771862705274
20
-16.073002192632618
30
0
10
2.0667412036478625
20
-16.055718727047861
30
0
10
2.0754145257421421
20
-16.032669924348095
30
0
10
2.0861248157162589
20
-16.003851963922287
30
0
10
2.0967034225554504
20
-15.975027098643928
30
0
10
2.1071499023020617
20
-15.94619544379972
30
0
10
2.1174636915064546
20
-15.917357200310446
30
0
10
2.1276441102776955
20
-15.888512680682039
30
0
10
2.1376903902655608
20
-15.859662280106184
30
0
10
2.1476017045460996
20
-15.830806444178311
30
0
10
2.1573771984416816
20
-15.801945637321847
30
0
10
2.1670160191480354
20
-15.77308031245655
30
0
10
2.176517351485538
20
-15.744210876299782
30
0
10
2.1858804003912069
20
-15.715337699978358
30
0
10
2.1951043669565005
20
-15.686461135794474
30
0
10
2.2041884270270664
20
-15.657581532219012
30
0
10
2.2131317113026245
20
-15.628699248717551
30
0
10
2.2219332816637221
20
-15.599814673104461
30
0
10
2.2305921446393291
20
-15.570928217248239
30
0
10
2.2391072724345125
20
-15.542040308400633
30
0
10
2.247477623664361
20
-15.513151381785599
30
0
10
2.2557021621247104
20
-15.484261873352603
30
0
10
2.2637798855294142
20
-15.455372210747083
30
0
10
2.2717097935014472
20
-15.426482817474467
30
0
10
2.2794908415189181
20
-15.397594120426941
30
0
10
2.2871218978027703
20
-15.368706556628876
30
0
10
2.2946017062876707
20
-15.339820579503382
30
0
10
2.301928831734755
20
-15.310936667444022
30
0
10
2.309101718302085
20
-15.282055317848569
30
0
10
2.3161187800694263
20
-15.253177036994916
30
0
10
2.3229784889152629
20
-15.224302330580404
30
0
10
2.3296794489017683
20
-15.19543169559471
30
0
10
2.336220518085153
20
-15.166565607425895
30
0
10
2.3426006630824285
20
-15.137704534606602
30
0
10
2.3488187320678251
20
-15.108848962091614
30
0
10
2.3548732396763512
20
-15.079999413301151
30
0
10
2.3607621838691584
20
-15.051156469077604
30
0
10
2.3664827575664087
20
-15.022320797192819
30
0
10
2.3720316632293392
20
-14.993493121693795
30
0
10
2.3774056188054833
20
-14.96467417317078
30
0
10
2.3826018394239581
20
-14.935864641537746
30
0
10
2.3876184462365204
20
-14.907065136068265
30
0
10
2.392455125261935
20
-14.878276120703065
30
0
10
2.397112350727193
20
-14.849497991757064
30
0
10
2.4015901650293938
20
-14.820731199668929
30
0
10
2.40588702222793
20
-14.791976364447525
30
0
10
2.4099987934626292
20
-14.763234375221305
30
0
10
2.4139172172221803
20
-14.734506544594
30
0
10
2.4176317154558808
20
-14.705794430978219
30
0
10
2.4211321620253079
20
-14.677099567066536
30
0
10
2.4244115184574162
20
-14.648423201323356
30
0
10
2.4274681157992357
20
-14.619766074695468
30
0
10
2.4303091642962786
20
-14.591128075555508
30
0
10
2.4329461465661311
20
-14.562508699777704
30
0
10
2.4353882438632404
20
-14.533907706054151
30
0
10
2.4376360585412433
20
-14.505325741651706
30
0
10
2.4396760415180241
20
-14.476764898802692
30
0
10
2.4414724222985629
20
-14.44822951749714
30
0
10
2.4429783860425198
20
-14.419725090561858
30
0
10
2.4441509002679811
20
-14.391256810417556
30
0
10
2.4449649745042472
20
-14.362828168573859
30
0
10
2.4454266106239846
20
-14.334439691817549
30
0
10
2.4455904999343825
20
-14.306087190952733
30
0
10
2.4455298847631308
20
-14.27776491124596
30
0
10
2.4453000397912823
20
-14.249469334155844
30
0
10
2.4449032015761634
20
-14.221202836732843
30
0
10
2.4442546475026381
20
-14.192977220511693
30
0
10
2.4431432730183777
20
-14.1648178391698
30
0
10
2.4416536756919727
20
-14.142260525439021
30
0
10
2.4400685796956627
20
-14.125374995979929
30
0
10
2.4387697945698221
20
-14.114111969818072
30
0
10
2.4380506018315957
20
-14.108434416995852
30
0
10
2.4380369113700788
20
-14.108326524097468
30
0
0
SPLINE
5
153
100
AcDbEntity
8
0
100
AcDbSpline
70
0
71
3
72
9
73
5
74
0
42
0.000000001
43
0.0000000001
44
0.0000000001
40
-1
40
-1
40
-1
40
-1
40
-0.5
40
0
40
0
40
0
40
0
10
2.6783955473868049
20
-13.776076755159789
30
0
10
2.6045295276939995
20
-13.790438058581991
30
0
10
2.4686248008879228
20
-13.877388732099384
30
0
10
2.4285645456410179
20
-14.033675936767311
30
0
10
2.4380369113700788
20
-14.108326524097468
30
0
0
ARC
5
154
100
AcDbEntity
8
0
100
AcDbCircle
10
0
20
0
30
0
40
14.034033399999991
210
-0
220
0
230
1
100
AcDbArc
50
281.00239450984787
51
282.99760549015213
0
SPLINE
5
155
100
AcDbEntity
8
0
100
AcDbSpline
70
0
71
3
72
14
73
10
74
0
42
0.000000001
43
0.0000000001
44
0.0000000001
40
0
40
0
40
0
40
0
40
0.011719334201607938
40
0.011719334201607938
40
0.023438668403215769
40
0.023438668403215769
40
0.034360691258245167
40
0.034360691258245167
40
0.045282714113274579
40
0.045282714113274579
40
0.045282714113274579
40
0.045282714113274579
10
3.511115823881537
20
-13.880236560053413
30
0
10
3.4998455697402528
20
-13.842833185640558
30
0
10
3.4813773546211211
20
-13.807988739120479
30
0
10
3.4321240433287183
20
-13.747340280687938
30
0
10
3.4018098356565307
20
-13.722116101094052
30
0
10
3.335552160174335
20
-13.685979955917668
30
0
10
3.3006820994520814
20
-13.674511053985583
30
0
10
3.2285431513220653
20
-13.664622886182215
30
0
10
3.1918731106874327
20
-13.666285704920359
30
0
10
3.1563991280628674
20
-13.674473957585317
30
0
0
SPLINE
5
156
100
AcDbEntity
8
0
100
AcDbSpline
70
4
71
5
72
81
73
75
74
0
42
0.000000001
43
0.0000000001
44
0.0000000001
40
0.014008970433919184
40
0.014008970433919184
40
0.014008970433919184
40
0.014008970433919184
40
0.014008970433919184
40
0.014008970433919184
40
0.014285714285714285
40
0.028571428571428571
40
0.042857142857142858
40
0.057142857142857141
40
0.071428571428571425
40
0.085714285714285715
40
0.10000000000000001
40
0.1142857142857143
40
0.12857142857142859
40
0.14285714285714288
40
0.15714285714285717
40
0.17142857142857146
40
0.18571428571428575
40
0.20000000000000004
40
0.21428571428571433
40
0.22857142857142862
40
0.24285714285714291
40
0.25714285714285717
40
0.27142857142857146
40
0.28571428571428575
40
0.30000000000000004
40
0.31428571428571433
40
0.32857142857142863
40
0.34285714285714292
40
0.35714285714285721
40
0.3714285714285715
40
0.38571428571428579
40
0.40000000000000008
40
0.41428571428571437
40
0.42857142857142866
40
0.44285714285714295
40
0.45714285714285724
40
0.47142857142857153
40
0.48571428571428582
40
0.50000000000000011
40
0.51428571428571435
40
0.52857142857142858
40
0.54285714285714282
40
0.55714285714285705
40
0.57142857142857129
40
0.58571428571428552
40
0.59999999999999976
40
0.61428571428571399
40
0.62857142857142823
40
0.64285714285714246
40
0.6571428571428567
40
0.67142857142857093
40
0.68571428571428517
40
0.6999999999999994
40
0.71428571428571364
40
0.72857142857142787
40
0.74285714285714211
40
0.75714285714285634
40
0.77142857142857058
40
0.78571428571428481
40
0.79999999999999905
40
0.81428571428571328
40
0.82857142857142752
40
0.84285714285714175
40
0.85714285714285599
40
0.87142857142857022
40
0.88571428571428445
40
0.89999999999999869
40
0.91428571428571292
40
0.92857142857142716
40
0.94285714285714139
40
0.95714285714285563
40
0.97142857142856986
40
0.9857142857142841
40
1
40
1
40
1
40
1
40
1
40
1
41
1
41
1
41
1
41
1
41
1
41
1
41
1
41
1
41
1
41
1
41
1
41
1
41
1
41
1
41
1
41
1
41
1
41
1
41
1
41
1
41
1
41
1
41
1
41
1
41
1
41
1
41
1
41
1
41
1
41
1
41
1
41
1
41
1
41
1
41
1
41
1
41
1
41
1
41
1
41
1
41
1
41
1
41
1
41
1
41
1
41
1
41
1
41
1
41
1
41
1
41
1
41
1
41
1
41
1
41
1
41
1
41
1
41
1
41
1
41
1
41
1
41
1
41
1
41
1
41
1
41
1
41
1
41
1
41
1
41
1
41
1
41
1
41
1
41
1
41
1
10
3.5111158238815365
20
-13.880236560053412
30
0
10
3.5111472010179066
20
-13.880340693533007
30
0
10
3.5127994545345267
20
-13.885819918164344
30
0
10
3.5161940407343106
20
-13.896637468055983
30
0
10
3.5216139470557035
20
-13.912707883417719
30
0
10
3.5294280182481148
20
-13.933920888729169
30
0
10
3.5398661793743718
20
-13.960097800371011
30
0
10
3.5507540881370039
20
-13.986146974565726
30
0
10
3.5618885786615051
20
-14.012131113533435
30
0
10
3.5731874528710375
20
-14.038073895827765
30
0
10
3.5846517871288626
20
-14.063972240215243
30
0
10
3.5963335084884918
20
-14.089806878805156
30
0
10
3.6083018678066594
20
-14.115553278469616
30
0
10
3.6206085319780934
20
-14.141193021270798
30
0
10
3.6332587697228194
20
-14.166723184783498
30
0
10
3.6462283309849406
20
-14.19215074389512
30
0
10
3.6594757916883074
20
-14.217488457980545
30
0
10
3.6729561502142372
20
-14.242750350403799
30
0
10
3.6866349633565125
20
-14.267947005557765
30
0
10
3.7004990024251572
20
-14.29308202300129
30
0
10
3.7145485544304533
20
-14.318154566427383
30
0
10
3.7287921050144641
20
-14.343161121929162
30
0
10
3.7432403491167507
20
-14.36809747964711
30
0
10
3.7578999190272899
20
-14.392960808886846
30
0
10
3.7727689887114657
20
-14.417751111584121
30
0
10
3.7878406204079775
20
-14.442470110014849
30
0
10
3.8031049400268353
20
-14.467120522666244
30
0
10
3.8185516501743533
20
-14.491705228338372
30
0
10
3.8341726697003651
20
-14.516226388167437
30
0
10
3.8499638650622963
20
-14.540684869252908
30
0
10
3.8659235717927984
20
-14.565080733979194
30
0
10
3.8820516454136431
20
-14.589413553605645
30
0
10
3.8983483579569378
20
-14.61368277319507
30
0
10
3.9148132338848587
20
-14.637888096624199
30
0
10
3.931444308970244
20
-14.662029731490357
30
0
10
3.9482387584936536
20
-14.686108180234799
30
0
10
3.9651932869931383
20
-14.710124110361127
30
0
10
3.9823045875206957
20
-14.734078201649346
30
0
10
3.9995698240740127
20
-14.757970985801744
30
0
10
4.016986931449706
20
-14.781802746494954
30
0
10
4.0345543398051547
20
-14.805573609713182
30
0
10
4.0522707996462746
20
-14.82928360091794
30
0
10
4.0701351763613394
20
-14.852932712398079
30
0
10
4.0881462333750429
20
-14.876520974335389
30
0
10
4.1063024932908085
20
-14.900048500486264
30
0
10
4.1246023544145327
20
-14.923515450416222
30
0
10
4.1430441620142142
20
-14.946922006669256
30
0
10
4.1616262924476191
20
-14.970268347667819
30
0
10
4.1803472399786115
20
-14.993554620141886
30
0
10
4.1992056727106144
20
-15.016780920756629
30
0
10
4.2182003789581897
20
-15.039947310606435
30
0
10
4.2373302308704126
20
-15.063053824551211
30
0
10
4.2565941423022178
20
-15.086100482589494
30
0
10
4.2759910236805805
20
-15.109087301714233
30
0
10
4.2955197510692731
20
-15.132014305127981
30
0
10
4.3151791960943058
20
-15.154881518803275
30
0
10
4.3349682460393444
20
-15.177688970468077
30
0
10
4.3548858258014347
20
-15.200436687942871
30
0
10
4.374930920627496
20
-15.223124698509153
30
0
10
4.3951025901643836
20
-15.245753027355056
30
0
10
4.4153999397737547
20
-15.268321691350359
30
0
10
4.4358220963221271
20
-15.290830693596373
30
0
10
4.4563681825324517
20
-15.313280018433131
30
0
10
4.4770372882742313
20
-15.33566962586926
30
0
10
4.4978284502529355
20
-15.357999449008712
30
0
10
4.5187406987836711
20
-15.380269411208289
30
0
10
4.5397730971938302
20
-15.402479441736585
30
0
10
4.5609247828216155
20
-15.424629492084215
30
0
10
4.5821950074481412
20
-15.446719553299364
30
0
10
4.6035831746147036
20
-15.468749671007378
30
0
10
4.6250888318544767
20
-15.490719920462457
30
0
10
4.6423870984933959
20
-15.508248291559987
30
0
10
4.6554134455250082
20
-15.521367696644115
30
0
10
4.6641210677996376
20
-15.530102027008528
30
0
10
4.6684807266669175
20
-15.534466207267618
30
0
0
ARC
5
157
100
AcDbEntity
8
0
100
AcDbCircle
10
0
20
0
30
0
40
16.220800000000001
210
-0
220
0
230
1
100
AcDbArc
50
286.72678700657121
51
289.27321299342856
0
SPLINE
5
158
100
AcDbEntity
8
0
100
AcDbSpline
70
4
71
5
72
81
73
75
74
0
42
0.000000001
43
0.0000000001
44
0.0000000001
40
-1
40
-1
40
-1
40
-1
40
-1
40
-1
40
-0.9857142857142841
40
-0.97142857142856986
40
-0.95714285714285563
40
-0.94285714285714139
40
-0.92857142857142716
40
-0.91428571428571292
40
-0.89999999999999869
40
-0.88571428571428445
40
-0.87142857142857022
40
-0.85714285714285599
40
-0.84285714285714175
40
-0.82857142857142752
40
-0.81428571428571328
40
-0.79999999999999905
40
-0.78571428571428481
40
-0.77142857142857058
40
-0.75714285714285634
40
-0.74285714285714211
40
-0.72857142857142787
40
-0.71428571428571364
40
-0.6999999999999994
40
-0.68571428571428517
40
-0.67142857142857093
40
-0.6571428571428567
40
-0.64285714285714246
40
-0.62857142857142823
40
-0.61428571428571399
40
-0.59999999999999976
40
-0.58571428571428552
40
-0.57142857142857129
40
-0.55714285714285705
40
-0.54285714285714282
40
-0.52857142857142858
40
-0.51428571428571435
40
-0.50000000000000011
40
-0.48571428571428582
40
-0.47142857142857153
40
-0.45714285714285724
40
-0.44285714285714295
40
-0.42857142857142866
40
-0.41428571428571437
40
-0.40000000000000008
40
-0.38571428571428579
40
-0.3714285714285715
40
-0.35714285714285721
40
-0.34285714285714292
40
-0.32857142857142863
40
-0.31428571428571433
40
-0.30000000000000004
40
-0.28571428571428575
40
-0.27142857142857146
40
-0.25714285714285717
40
-0.24285714285714291
40
-0.22857142857142862
40
-0.21428571428571433
40
-0.20000000000000004
40
-0.18571428571428575
40
-0.17142857142857146
40
-0.15714285714285717
40
-0.14285714285714288
40
-0.12857142857142859
40
-0.1142857142857143
40
-0.10000000000000001
40
-0.085714285714285715
40
-0.071428571428571425
40
-0.057142857142857141
40
-0.042857142857142858
40
-0.028571428571428571
40
-0.014285714285714285
40
-0.014008970433943878
40
-0.014008970433943878
40
-0.014008970433943878
40
-0.014008970433943878
40
-0.014008970433943878
40
-0.014008970433943878
41
1
41
1
41
1
41
1
41
1
41
1
41
1
41
1
41
1
41
1
41
1
41
1
41
1
41
1
41
1
41
1
41
1
41
1
41
1
41
1
41
1
41
1
41
1
41
1
41
1
41
1
41
1
41
1
41
1
41
1
41
1
41
1
41
1
41
1
41
1
41
1
41
1
41
1
41
1
41
1
41
1
41
1
41
1
41
1
41
1
41
1
41
1
41
1
41
1
41
1
41
1
41
1
41
1
41
1
41
1
41
1
41
1
41
1
41
1
41
1
41
1
41
1
41
1
41
1
41
1
41
1
41
1
41
1
41
1
41
1
41
1
41
1
41
1
41
1
41
1
10
5.3540498930822524
20
-15.311711281969302
30
0
10
5.3550117304009168
20
-15.305618042785964
30
0
10
5.35692243422484
20
-15.29343360913111
30
0
10
5.3597495775207378
20
-15.27516309278554
30
0
10
5.363441251177016
20
-15.250814676663346
30
0
10
5.3679259047403125
20
-15.220399663317135
30
0
10
5.3722803171615556
20
-15.190005274469199
30
0
10
5.3765040781540847
20
-15.159631715190942
30
0
10
5.3805966783547676
20
-15.129279299160309
30
0
10
5.3845575177035538
20
-15.098948473411504
30
0
10
5.3883859268054888
20
-15.068639784249314
30
0
10
5.3920811894513925
20
-15.038353839459004
30
0
10
5.3956425661994514
20
-15.008091271012701
30
0
10
5.399069317048526
20
-14.977852699240762
30
0
10
5.4023607291939202
20
-14.94763869145817
30
0
10
5.4055161021082876
20
-14.917449775984617
30
0
10
5.4085347275888989
20
-14.887286463526078
30
0
10
5.4114158719423227
20
-14.857149266289833
30
0
10
5.4141587596016745
20
-14.827038716623973
30
0
10
5.4167625535788027
20
-14.79695538891419
30
0
10
5.4192263677446748
20
-14.766899892582906
30
0
10
5.4215492855947787
20
-14.736872859235975
30
0
10
5.4237303789891129
20
-14.706874931102767
30
0
10
5.4257687250060478
20
-14.67690675004517
30
0
10
5.4276634321742829
20
-14.646968942750538
30
0
10
5.4294136100291581
20
-14.617062131459777
30
0
10
5.4310183256299682
20
-14.587186950904769
30
0
10
5.4324765627922211
20
-14.557344063869946
30
0
10
5.4337871871705907
20
-14.527534175020699
30
0
10
5.4349488943532398
20
-14.497758050699501
30
0
10
5.4359602659119188
20
-14.468016500912492
30
0
10
5.4368198558436509
20
-14.438310350605557
30
0
10
5.4375262745604314
20
-14.408640412139649
30
0
10
5.4380782599589867
20
-14.379007461875837
30
0
10
5.4384747938884761
20
-14.349412202237264
30
0
10
5.4387149629612219
20
-14.319855306370426
30
0
10
5.4387977413493784
20
-14.290337488110715
30
0
10
5.4387217849719285
20
-14.260859568265111
30
0
10
5.4384852563032986
20
-14.231422531230493
30
0
10
5.4380855484426522
20
-14.202027613811001
30
0
10
5.4375195864481976
20
-14.172676209828325
30
0
10
5.4367843118864423
20
-14.143369716284653
30
0
10
5.4358771441837961
20
-14.114109387024891
30
0
10
5.4347963722244543
20
-14.084896208643032
30
0
10
5.433541785347126
20
-14.05573070022195
30
0
10
5.4321139298143093
20
-14.026613150818809
30
0
10
5.4305129407480912
20
-13.997543992214254
30
0
10
5.4287374348974682
20
-13.968524152287593
30
0
10
5.4267835584879665
20
-13.939555359175991
30
0
10
5.4246435034477791
20
-13.910640614464413
30
0
10
5.4223072468941949
20
-13.881783641810832
30
0
10
5.419765202633914
20
-13.852988045757371
30
0
10
5.4170107455717575
20
-13.824256510867322
30
0
10
5.4140423972768854
20
-13.79559010889084
30
0
10
5.4108671872250103
20
-13.766987231545558
30
0
10
5.4074962422973307
20
-13.738444998351618
30
0
10
5.4039384929451266
20
-13.709961264384138
30
0
10
5.4001946629335027
20
-13.681536537529277
30
0
10
5.3962519342598592
20
-13.653175681311637
30
0
10
5.3920762204349817
20
-13.624890377986151
30
0
10
5.3876228716580199
20
-13.596695733700798
30
0
10
5.3828508753750057
20
-13.56860577436551
30
0
10
5.3777365131426524
20
-13.540629111003062
30
0
10
5.3722857652034408
20
-13.512765011029193
30
0
10
5.3665512567454758
20
-13.484998005829837
30
0
10
5.3606034330995005
20
-13.457307238490088
30
0
10
5.3544956295162756
20
-13.429677775104736
30
0
10
5.3482305278955655
20
-13.402111475773566
30
0
10
5.3417277106916883
20
-13.374637498961627
30
0
10
5.3347859578192169
20
-13.347324535412064
30
0
10
5.3286389825302631
20
-13.325569857806078
30
0
10
5.3235778257043487
20
-13.309382877667257
30
0
10
5.3199657073366051
20
-13.298636008261562
30
0
10
5.3180818010782724
20
-13.293232052168706
30
0
10
5.3180459775912583
20
-13.293129363396021
30
0
0
SPLINE
5
159
100
AcDbEntity
8
0
100
AcDbSpline
70
0
71
3
72
9
73
5
74
0
42
0.000000001
43
0.0000000001
44
0.0000000001
40
-1
40
-1
40
-1
40
-1
40
-0.5
40
0
40
0
40
0
40
0
10
5.4840735894930317
20
-12.918166678648404
30
0
10
5.4148076024316216
20
-12.947571762182548
30
0
10
5.2999507815266274
20
-13.060878536406136
30
0
10
5.2932598759477578
20
-13.222079486080418
30
0
10
5.3180459775912512
20
-13.293129363396003
30
0
0
ARC
5
160
100
AcDbEntity
8
0
100
AcDbCircle
10
0
20
0
30
0
40
14.034033400000048
210
-0
220
0
230
1
100
AcDbArc
50
293.00239450984787
51
294.99760549015213
0
SPLINE
5
161
100
AcDbEntity
8
0
100
AcDbSpline
70
0
71
3
72
14
73
10
74
0
42
0.000000001
43
0.0000000001
44
0.0000000001
40
0
40
0
40
0
40
0
40
0.011719334201607784
40
0.011719334201607784
40
0.023438668403215585
40
0.023438668403215585
40
0.03436069125824491
40
0.03436069125824491
40
0.045282714113274294
40
0.045282714113274294
40
0.045282714113274294
40
0.045282714113274294
10
6.3202529711794107
20
-12.846918061233701
30
0
10
6.3014524003149859
20
-12.812675257886877
30
0
10
6.2761431922147723
20
-12.782432003956172
30
0
10
6.2153566604077124
20
-12.733349199081356
30
0
10
6.1804604890761619
20
-12.714978906504044
30
0
10
6.1081375757297955
20
-12.693408168139156
30
0
10
6.0716449907043568
20
-12.689439782514913
30
0
10
5.9990265859844349
20
-12.694766225581924
30
0
10
5.9635035931742291
20
-12.704016837891796
30
0
10
5.9305072356379522
20
-12.719401613297741
30
0
0
SPLINE
5
162
100
AcDbEntity
8
0
100
AcDbSpline
70
4
71
5
72
81
73
75
74
0
42
0.000000001
43
0.0000000001
44
0.0000000001
40
0.014008970433922826
40
0.014008970433922826
40
0.014008970433922826
40
0.014008970433922826
40
0.014008970433922826
40
0.014008970433922826
40
0.014285714285714285
40
0.028571428571428571
40
0.042857142857142858
40
0.057142857142857141
40
0.071428571428571425
40
0.085714285714285715
40
0.10000000000000001
40
0.1142857142857143
40
0.12857142857142859
40
0.14285714285714288
40
0.15714285714285717
40
0.17142857142857146
40
0.18571428571428575
40
0.20000000000000004
40
0.21428571428571433
40
0.22857142857142862
40
0.24285714285714291
40
0.25714285714285717
40
0.27142857142857146
40
0.28571428571428575
40
0.30000000000000004
40
0.31428571428571433
40
0.32857142857142863
40
0.34285714285714292
40
0.35714285714285721
40
0.3714285714285715
40
0.38571428571428579
40
0.40000000000000008
40
0.41428571428571437
40
0.42857142857142866
40
0.44285714285714295
40
0.45714285714285724
40
0.47142857142857153
40
0.48571428571428582
40
0.50000000000000011
40
0.51428571428571435
40
0.52857142857142858
40
0.54285714285714282
40
0.55714285714285705
40
0.57142857142857129
40
0.58571428571428552
40
0.59999999999999976
40
0.61428571428571399
40
0.62857142857142823
40
0.64285714285714246
40
0.6571428571428567
40
0.67142857142857093
40
0.68571428571428517
40
0.6999999999999994
40
0.71428571428571364
40
0.72857142857142787
40
0.74285714285714211
40
0.75714285714285634
40
0.77142857142857058
40
0.78571428571428481
40
0.79999999999999905
40
0.81428571428571328
40
0.82857142857142752
40
0.84285714285714175
40
0.85714285714285599
40
0.87142857142857022
40
0.88571428571428445
40
0.89999999999999869
40
0.91428571428571292
40
0.92857142857142716
40
0.94285714285714139
40
0.95714285714285563
40
0.97142857142856986
40
0.9857142857142841
40
1
40
1
40
1
40
1
40
1
40
1
41
1
41
1
41
1
41
1
41
1
41
1
41
1
41
1
41
1
41
1
41
1
41
1
41
1
41
1
41
1
41
1
41
1
41
1
41
1
41
1
41
1
41
1
41
1
41
1
41
1
41
1
41
1
41
1
41
1
41
1
41
1
41
1
41
1
41
1
41
1
41
1
41
1
41
1
41
1
41
1
41
1
41
1
41
1
41
1
41
1
41
1
41
1
41
1
41
1
41
1
41
1
41
1
41
1
41
1
41
1
41
1
41
1
41
1
41
1
41
1
41
1
41
1
41
1
41
1
41
1
41
1
41
1
41
1
41
1
41
1
41
1
41
1
41
1
41
1
41
1
10
6.3202529711794107
20
-12.846918061233701
30
0
10
6.3203053132178821
20
-12.847013395473446
30
0
10
6.3230606558884386
20
-12.85202936307817
30
0
10
6.3286301573237154
20
-12.861904749394068
30
0
10
6.337272852918189
20
-12.876497125735593
30
0
10
6.3493265997086397
20
-12.895621939231559
30
0
10
6.3649791479302031
20
-12.919056606819856
30
0
10
6.3810450576146094
20
-12.942272820539205
30
0
10
6.3973386390737632
20
-12.96537415297626
30
0
10
6.4137844135041426
20
-12.988400855192578
30
0
10
6.4303827931234263
20
-13.011349689498521
30
0
10
6.4471805642346824
20
-13.034191012811529
30
0
10
6.4642403636731753
20
-13.056886430048699
30
0
10
6.481608899983426
20
-13.079407183596901
30
0
10
6.4992907191449225
20
-13.101749319464435
30
0
10
6.5172635511843025
20
-13.123924701990813
30
0
10
6.5354895300640736
20
-13.14595442427767
30
0
10
6.5539275531802179
20
-13.167861559607516
30
0
10
6.5725461306122348
20
-13.189663622224097
30
0
10
6.5913330711391254
20
-13.211366883426559
30
0
10
6.6102884816213114
20
-13.23297046551043
30
0
10
6.629419931686896
20
-13.254469167091944
30
0
10
6.6487370072863392
20
-13.27585664670414
30
0
10
6.6682456072437146
20
-13.297128756579477
30
0
10
6.6879439458301082
20
-13.31828587826536
30
0
10
6.7078255949722498
20
-13.339331138843518
30
0
10
6.7278814615579758
20
-13.360269250334433
30
0
10
6.7481020717525508
20
-13.381105169578035
30
0
10
6.7684799703238081
20
-13.401842690650092
30
0
10
6.789011294337115
20
-13.422483521113705
30
0
10
6.8096944286681733
20
-13.443028068052257
30
0
10
6.8305291428557604
20
-13.463475942132817
30
0
10
6.8515155876094962
20
-13.483826543986241
30
0
10
6.8726532362157124
20
-13.504079682830151
30
0
10
6.893940210532234
20
-13.524235970111153
30
0
10
6.915373852029929
20
-13.54429648458316
30
0
10
6.9369510760423996
20
-13.564262564328276
30
0
10
6.9586687892206012
20
-13.584135561824828
30
0
10
6.9805243280827973
20
-13.603916586794178
30
0
10
7.0025157315349453
20
-13.623606346093869
30
0
10
7.0246414902328365
20
-13.643205289343685
30
0
10
7.0469003872805818
20
-13.662713701233162
30
0
10
7.0692913112572011
20
-13.682131810118715
30
0
10
7.0918130588846715
20
-13.701459902621039
30
0
10
7.1144642087023673
20
-13.72069839717871
30
0
10
7.1372432271925721
20
-13.739847782881274
30
0
10
7.1601485337361837
20
-13.758908582321833
30
0
10
7.1831785772675616
20
-13.777881307598086
30
0
10
7.2063319154613907
20
-13.796766415293746
30
0
10
7.2296072656240522
20
-13.815564276878497
30
0
10
7.2530034552505782
20
-13.834275204035229
30
0
10
7.2765193883840737
20
-13.85289946535547
30
0
10
7.3001540067722805
20
-13.871437306222996
30
0
10
7.3239062481849926
20
-13.889888969794395
30
0
10
7.3477750180707613
20
-13.90825471244467
30
0
10
7.3717592181132776
20
-13.926534794180935
30
0
10
7.3958577656766922
20
-13.944729473471959
30
0
10
7.4200696149358318
20
-13.962839001056761
30
0
10
7.444393778984554
20
-13.980863614599709
30
0
10
7.468829343255587
20
-13.998803534248914
30
0
10
7.4933754361680105
20
-14.016658962511281
30
0
10
7.5180312043131998
20
-14.034430083955016
30
0
10
7.542795786328826
20
-14.052117065658507
30
0
10
7.5676682836582536
20
-14.069720057731065
30
0
10
7.5926477401487773
20
-14.087239195018672
30
0
10
7.6177331913704265
20
-14.104674604161801
30
0
10
7.6429237064132538
20
-14.122026410719865
30
0
10
7.6682184313810193
20
-14.13929474660101
30
0
10
7.6936166325440354
20
-14.156479758612498
30
0
10
7.7191177359636889
20
-14.173581615393383
30
0
10
7.7447213147068705
20
-14.190600484626524
30
0
10
7.7652859259887519
20
-14.20414930689523
30
0
10
7.780755293777613
20
-14.214273691664802
30
0
10
7.7910886030078625
20
-14.221006739484645
30
0
10
7.7962603569656128
20
-14.224369127887764
30
0
0
ARC
5
163
100
AcDbEntity
8
0
100
AcDbCircle
10
0
20
0
30
0
40
16.220800000000001
210
-0
220
0
230
1
100
AcDbArc
50
298.72678700657127
51
301.27321299342861
0
SPLINE
5
164
100
AcDbEntity
8
0
100
AcDbSpline
70
4
71
5
72
81
73
75
74
0
42
0.000000001
43
0.0000000001
44
0.0000000001
40
-1
40
-1
40
-1
40
-1
40
-1
40
-1
40
-0.9857142857142841
40
-0.97142857142856986
40
-0.95714285714285563
40
-0.94285714285714139
40
-0.92857142857142716
40
-0.91428571428571292
40
-0.89999999999999869
40
-0.88571428571428445
40
-0.87142857142857022
40
-0.85714285714285599
40
-0.84285714285714175
40
-0.82857142857142752
40
-0.81428571428571328
40
-0.79999999999999905
40
-0.78571428571428481
40
-0.77142857142857058
40
-0.75714285714285634
40
-0.74285714285714211
40
-0.72857142857142787
40
-0.71428571428571364
40
-0.6999999999999994
40
-0.68571428571428517
40
-0.67142857142857093
40
-0.6571428571428567
40
-0.64285714285714246
40
-0.62857142857142823
40
-0.61428571428571399
40
-0.59999999999999976
40
-0.58571428571428552
40
-0.57142857142857129
40
-0.55714285714285705
40
-0.54285714285714282
40
-0.52857142857142858
40
-0.51428571428571435
40
-0.50000000000000011
40
-0.48571428571428582
40
-0.47142857142857153
40
-0.45714285714285724
40
-0.44285714285714295
40
-0.42857142857142866
40
-0.41428571428571437
40
-0.40000000000000008
40
-0.38571428571428579
40
-0.3714285714285715
40
-0.35714285714285721
40
-0.34285714285714292
40
-0.32857142857142863
40
-0.31428571428571433
40
-0.30000000000000004
40
-0.28571428571428575
40
-0.27142857142857146
40
-0.25714285714285717
40
-0.24285714285714291
40
-0.22857142857142862
40
-0.21428571428571433
40
-0.20000000000000004
40
-0.18571428571428575
40
-0.17142857142857146
40
-0.15714285714285717
40
-0.14285714285714288
40
-0.12857142857142859
40
-0.1142857142857143
40
-0.10000000000000001
40
-0.085714285714285715
40
-0.071428571428571425
40
-0.057142857142857141
40
-0.042857142857142858
40
-0.028571428571428571
40
-0.014285714285714285
40
-0.014008970433922891
40
-0.014008970433922891
40
-0.014008970433922891
40
-0.014008970433922891
40
-0.014008970433922891
40
-0.014008970433922891
41
1
41
1
41
1
41
1
41
1
41
1
41
1
41
1
41
1
41
1
41
1
41
1
41
1
41
1
41
1
41
1
41
1
41
1
41
1
41
1
41
1
41
1
41
1
41
1
41
1
41
1
41
1
41
1
41
1
41
1
41
1
41
1
41
1
41
1
41
1
41
1
41
1
41
1
41
1
41
1
41
1
41
1
41
1
41
1
41
1
41
1
41
1
41
1
41
1
41
1
41
1
41
1
41
1
41
1
41
1
41
1
41
1
41
1
41
1
41
1
41
1
41
1
41
1
41
1
41
1
41
1
41
1
41
1
41
1
41
1
41
1
41
1
41
1
41
1
41
1
10
8.420534839075092
20
-13.863944087593644
30
0
10
8.4202088022794754
20
-13.857784023082552
30
0
10
8.4195444664377206
20
-13.84546859087407
30
0
10
8.4185111759240101
20
-13.827009533003647
30
0
10
8.4170598572888942
20
-13.802425646080232
30
0
10
8.4151228735608985
20
-13.771742861844272
30
0
10
8.4130627828465965
20
-13.741107330067875
30
0
10
8.4108792264618142
20
-13.710519336644531
30
0
10
8.4085717713915447
20
-13.679979294300136
30
0
10
8.4061399236321179
20
-13.649487765059598
30
0
10
8.4035831419996221
20
-13.619045422464691
30
0
10
8.4009008523014259
20
-13.588653009927365
30
0
10
8.3980924626486892
20
-13.558311299348244
30
0
10
8.395157378185008
20
-13.528021051356863
30
0
10
8.3920950196335919
20
-13.497782969071441
30
0
10
8.38890481161914
20
-13.467597714914445
30
0
10
8.3855861675965944
20
-13.43746593567532
30
0
10
8.3821384763993674
20
-13.407388284911836
30
0
10
8.3785610900899634
20
-13.377365444588419
30
0
10
8.3748533093919306
20
-13.34739815055868
30
0
10
8.3710143942463269
20
-13.31748718316428
30
0
10
8.3670435794947089
20
-13.287633350760984
30
0
10
8.3629400908061484
20
-13.257837474515055
30
0
10
8.3587031588776597
20
-13.228100374148354
30
0
10
8.3543320420143594
20
-13.198422848000931
30
0
10
8.3498259985815348
20
-13.168805689854233
30
0
10
8.3451842479936484
20
-13.139249714539016
30
0
10
8.3404059340729138
20
-13.109755781632916
30
0
10
8.3354900937703427
20
-13.080324816246357
30
0
10
8.330435610510186
20
-13.050957839177837
30
0
10
8.3252412652699999
20
-13.021655937640762
30
0
10
8.3199058151613379
20
-12.992420219194878
30
0
10
8.314428069861366
20
-12.963251767360704
30
0
10
8.308806956261332
20
-12.934151603939966
30
0
10
8.3030416245014287
20
-12.905120627691662
30
0
10
8.2971313211087043
20
-12.876159686956372
30
0
10
8.2910751910868452
20
-12.847269693252096
30
0
10
8.284872090381592
20
-12.818451728899358
30
0
10
8.278520426289333
20
-12.789707138826659
30
0
10
8.2720179060223131
20
-12.761037674816153
30
0
10
8.2653618116254197
20
-12.732445339547539
30
0
10
8.2585494419523524
20
-12.703932135379223
30
0
10
8.251578533510262
20
-12.675499825288014
30
0
10
8.2444476176997625
20
-12.647149730069449
30
0
10
8.237156596386404
20
-12.61888240126213
30
0
10
8.2297060639939073
20
-12.59069800803227
30
0
10
8.2220962424638628
20
-12.562596944631615
30
0
10
8.2143259716895738
20
-12.534580406257131
30
0
10
8.2063918414107047
20
-12.50665088452681
30
0
10
8.1982868382451617
20
-12.478812938823198
30
0
10
8.1900019325262861
20
-12.451072295307895
30
0
10
8.18152849696855
20
-12.423434472836789
30
0
10
8.1728606094031004
20
-12.395903474743765
30
0
10
8.1639970465357372
20
-12.368480656741724
30
0
10
8.1549443498505596
20
-12.341162984182938
30
0
10
8.1457128041942752
20
-12.313945326124268
30
0
10
8.1363106989114229
20
-12.286823727767365
30
0
10
8.1267388475465712
20
-12.259798535420622
30
0
10
8.1169857233848539
20
-12.232877171341549
30
0
10
8.1070204136860031
20
-12.206078149479399
30
0
10
8.096802385099215
20
-12.179425529092157
30
0
10
8.0862944374438719
20
-12.15294155657941
30
0
10
8.0754751609138857
20
-12.126639586134081
30
0
10
8.0643502527562578
20
-12.100517657818292
30
0
10
8.0529679720667691
20
-12.074549699652486
30
0
10
8.0413928883802228
20
-12.048700664087557
30
0
10
8.0296740665107009
20
-12.02294485453778
30
0
10
8.0178145164885191
20
-11.997283532856995
30
0
10
8.0057416404700792
20
-11.971761940075723
30
0
10
7.9932728971201499
20
-11.946489101887733
30
0
10
7.98273719618523
20
-11.92648784420844
30
0
10
7.9744211753691232
20
-11.911706862095686
30
0
10
7.9686535906650091
20
-11.901945839208372
30
0
10
7.9656873066300378
20
-11.897051658657176
30
0
10
7.9656309157758045
20
-11.896958662002302
30
0
0
SPLINE
5
165
100
AcDbEntity
8
0
100
AcDbSpline
70
0
71
3
72
9
73
5
74
0
42
0.000000001
43
0.0000000001
44
0.0000000001
40
-1
40
-1
40
-1
40
-1
40
-0.5
40
0
40
0
40
0
40
0
10
8.0500713002336237
20
-11.495670730038754
30
0
10
7.9884326018132636
20
-11.538834450433155
30
0
10
7.8996434810270602
20
-11.673545275623168
30
0
10
7.9266143497965782
20
-11.832614715275099
30
0
10
7.9656309157757956
20
-11.896958662002291
30
0
0
ARC
5
166
100
AcDbEntity
8
0
100
AcDbCircle
10
0
20
0
30
0
40
14.034033399999972
210
-0
220
0
230
1
100
AcDbArc
50
305.00239450984782
51
306.99760549015213
0
SPLINE
5
167
100
AcDbEntity
8
0
100
AcDbSpline
70
0
71
3
72
14
73
10
74
0
42
0.000000001
43
0.0000000001
44
0.0000000001
40
0
40
0
40
0
40
0
40
0.011719334201607829
40
0.011719334201607829
40
0.023438668403215679
40
0.023438668403215679
40
0.03436069125824702
40
0.03436069125824702
40
0.045282714113278222
40
0.045282714113278222
40
0.045282714113278222
40
0.045282714113278222
10
8.8531647356981775
20
-11.252127596785686
30
0
10
8.82765552327254
20
-11.22254193932635
30
0
10
8.7966114560322843
20
-11.198221653305016
30
0
10
8.7269483668366821
20
-11.162849656086371
30
0
10
8.6889953619833644
20
-11.1521361204617
30
0
10
8.6137680691298986
20
-11.146073533682726
30
0
10
8.5772478608777334
20
-11.149779101860535
30
0
10
8.5073237723159174
20
-11.170087364676784
30
0
10
8.4745003525741698
20
-11.186521474411082
30
0
10
8.4454237192846016
20
-11.208430384048434
30
0
0
SPLINE
5
168
100
AcDbEntity
8
0
100
AcDbSpline
70
4
71
5
72
81
73
75
74
0
42
0.000000001
43
0.0000000001
44
0.0000000001
40
0.014008970433939082
40
0.014008970433939082
40
0.014008970433939082
40
0.014008970433939082
40
0.014008970433939082
40
0.014008970433939082
40
0.014285714285714285
40
0.028571428571428571
40
0.042857142857142858
40
0.057142857142857141
40
0.071428571428571425
40
0.085714285714285715
40
0.10000000000000001
40
0.1142857142857143
40
0.12857142857142859
40
0.14285714285714288
40
0.15714285714285717
40
0.17142857142857146
40
0.18571428571428575
40
0.20000000000000004
40
0.21428571428571433
40
0.22857142857142862
40
0.24285714285714291
40
0.25714285714285717
40
0.27142857142857146
40
0.28571428571428575
40
0.30000000000000004
40
0.31428571428571433
40
0.32857142857142863
40
0.34285714285714292
40
0.35714285714285721
40
0.3714285714285715
40
0.38571428571428579
40
0.40000000000000008
40
0.41428571428571437
40
0.42857142857142866
40
0.44285714285714295
40
0.45714285714285724
40
0.47142857142857153
40
0.48571428571428582
40
0.50000000000000011
40
0.51428571428571435
40
0.52857142857142858
40
0.54285714285714282
40
0.55714285714285705
40
0.57142857142857129
40
0.58571428571428552
40
0.59999999999999976
40
0.61428571428571399
40
0.62857142857142823
40
0.64285714285714246
40
0.6571428571428567
40
0.67142857142857093
40
0.68571428571428517
40
0.6999999999999994
40
0.71428571428571364
40
0.72857142857142787
40
0.74285714285714211
40
0.75714285714285634
40
0.77142857142857058
40
0.78571428571428481
40
0.79999999999999905
40
0.81428571428571328
40
0.82857142857142752
40
0.84285714285714175
40
0.85714285714285599
40
0.87142857142857022
40
0.88571428571428445
40
0.89999999999999869
40
0.91428571428571292
40
0.92857142857142716
40
0.94285714285714139
40
0.95714285714285563
40
0.97142857142856986
40
0.9857142857142841
40
1
40
1
40
1
40
1
40
1
40
1
41
1
41
1
41
1
41
1
41
1
41
1
41
1
41
1
41
1
41
1
41
1
41
1
41
1
41
1
41
1
41
1
41
1
41
1
41
1
41
1
41
1
41
1
41
1
41
1
41
1
41
1
41
1
41
1
41
1
41
1
41
1
41
1
41
1
41
1
41
1
41
1
41
1
41
1
41
1
41
1
41
1
41
1
41
1
41
1
41
1
41
1
41
1
41
1
41
1
41
1
41
1
41
1
41
1
41
1
41
1
41
1
41
1
41
1
41
1
41
1
41
1
41
1
41
1
41
1
41
1
41
1
41
1
41
1
41
1
41
1
41
1
41
1
41
1
41
1
41
1
10
8.8531647356981775
20
-11.252127596785684
30
0
10
8.8532357550404974
20
-11.252209965221834
30
0
10
8.8569737651686822
20
-11.256543453946332
30
0
10
8.8644747679012958
20
-11.265045074917122
30
0
10
8.8759625254991157
20
-11.277521655370313
30
0
10
8.8917291413125614
20
-11.293722430929975
30
0
10
8.9119119851628898
20
-11.313390647039114
30
0
10
8.9324537384230744
20
-11.332759240339804
30
0
10
8.9531943031218368
20
-11.351968127166217
30
0
10
8.974068218514871
20
-11.371072371923292
30
0
10
8.9950752146583905
20
-11.390068721967809
30
0
10
9.0162548923190631
20
-11.408918454570298
30
0
10
9.0376605367804181
20
-11.42757099074222
30
0
10
9.059331856849246
20
-11.445988490040815
30
0
10
9.0812724770833739
20
-11.464166139716315
30
0
10
9.1034630808966739
20
-11.482120175031753
30
0
10
9.1258710152178519
20
-11.499879100945773
30
0
10
9.1484608728385872
20
-11.5174740322462
30
0
10
9.1712054933847185
20
-11.534928647571146
30
0
10
9.1940942559190866
20
-11.552251615874194
30
0
10
9.2171270824819391
20
-11.56944205641329
30
0
10
9.2403102958583503
20
-11.586493307653212
30
0
10
9.2636519540576394
20
-11.603397173672089
30
0
10
9.2871569646310643
20
-11.620148370906572
30
0
10
9.3108236602003362
20
-11.63674764384025
30
0
10
9.3346464033178584
20
-11.653199387692206
30
0
10
9.3586172792619315
20
-11.669510102078291
30
0
10
9.3827280518088081
20
-11.685686605240576
30
0
10
9.4069722174737418
20
-11.701734158375119
30
0
10
9.4313463527588155
20
-11.717655234879921
30
0
10
9.4558489624714763
20
-11.733450568745843
30
0
10
9.4804797402397547
20
-11.749119827063407
30
0
10
9.5052387088640611
20
-11.764662392226823
30
0
10
9.5301253134747892
20
-11.780078187132689
30
0
10
9.5551378440985779
20
-11.795368200353762
30
0
10
9.580273924587086
20
-11.810534039809873
30
0
10
9.6055308158841886
20
-11.82557765568103
30
0
10
9.6309057734339962
20
-11.840501014034096
30
0
10
9.6563964226822847
20
-11.855305754109349
30
0
10
9.6820009923535668
20
-11.869992975052174
30
0
10
9.7077180995676358
20
-11.884563430467395
30
0
10
9.7335466132109758
20
-11.899017651830281
30
0
10
9.7594854936277979
20
-11.913356093584522
30
0
10
9.7855336234263834
20
-11.927579286263034
30
0
10
9.8116896992066955
20
-11.941687934698781
30
0
10
9.8379523226495031
20
-11.955682836129808
30
0
10
9.8643200563292321
20
-11.969564830358475
30
0
10
9.8907914895458511
20
-11.983334740776613
30
0
10
9.9173653064214058
20
-11.996993313866767
30
0
10
9.9440403295250963
20
-12.010541179668122
30
0
10
9.9708154767765187
20
-12.02397888683004
30
0
10
9.9976897320113878
20
-12.037306925936932
30
0
10
10.024662111120948
20
-12.050525757033361
30
0
10
10.051731625642372
20
-12.063635838812443
30
0
10
10.078897258246148
20
-12.076637649616815
30
0
10
10.106157988675328
20
-12.089531672124608
30
0
10
10.133512811690935
20
-12.102318384249086
30
0
10
10.160960756453161
20
-12.114998248689293
30
0
10
10.188500907035323
20
-12.127571703105378
30
0
10
10.21613241462701
20
-12.140039152983928
30
0
10
10.243854468796991
20
-12.152400977618447
30
0
10
10.271666273159552
20
-12.164657534977508
30
0
10
10.29956701991275
20
-12.17680916757574
30
0
10
10.327555861345044
20
-12.188856209062624
30
0
10
10.355631890234015
20
-12.200798990132773
30
0
10
10.383794189554846
20
-12.212637835175508
30
0
10
10.412041874845466
20
-12.224373060553557
30
0
10
10.440374138294569
20
-12.236004972827546
30
0
10
10.468790292729155
20
-12.247533868147633
30
0
10
10.497289811814593
20
-12.258960030796249
30
0
10
10.525872312810503
20
-12.270283713556367
30
0
10
10.548804496542374
20
-12.279260838448646
30
0
10
10.566040799485847
20
-12.285947718707044
30
0
10
10.57754818047364
20
-12.290385217483845
30
0
10
10.583305999057075
20
-12.292598861523246
30
0
0
ARC
5
169
100
AcDbEntity
8
0
100
AcDbCircle
10
0
20
0
30
0
40
16.220800000000001
210
-0
220
0
230
1
100
AcDbArc
50
310.72678700657121
51
313.27321299342856
0
SPLINE
5
170
100
AcDbEntity
8
0
100
AcDbSpline
70
4
71
5
72
81
73
75
74
0
42
0.000000001
43
0.0000000001
44
0.0000000001
40
-1
40
-1
40
-1
40
-1
40
-1
40
-1
40
-0.9857142857142841
40
-0.97142857142856986
40
-0.95714285714285563
40
-0.94285714285714139
40
-0.92857142857142716
40
-0.91428571428571292
40
-0.89999999999999869
40
-0.88571428571428445
40
-0.87142857142857022
40
-0.85714285714285599
40
-0.84285714285714175
40
-0.82857142857142752
40
-0.81428571428571328
40
-0.79999999999999905
40
-0.78571428571428481
40
-0.77142857142857058
40
-0.75714285714285634
40
-0.74285714285714211
40
-0.72857142857142787
40
-0.71428571428571364
40
-0.6999999999999994
40
-0.68571428571428517
40
-0.67142857142857093
40
-0.6571428571428567
40
-0.64285714285714246
40
-0.62857142857142823
40
-0.61428571428571399
40
-0.59999999999999976
40
-0.58571428571428552
40
-0.57142857142857129
40
-0.55714285714285705
40
-0.54285714285714282
40
-0.52857142857142858
40
-0.51428571428571435
40
-0.50000000000000011
40
-0.48571428571428582
40
-0.47142857142857153
40
-0.45714285714285724
40
-0.44285714285714295
40
-0.42857142857142866
40
-0.41428571428571437
40
-0.40000000000000008
40
-0.38571428571428579
40
-0.3714285714285715
40
-0.35714285714285721
40
-0.34285714285714292
40
-0.32857142857142863
40
-0.31428571428571433
40
-0.30000000000000004
40
-0.28571428571428575
40
-0.27142857142857146
40
-0.25714285714285717
40
-0.24285714285714291
40
-0.22857142857142862
40
-0.21428571428571433
40
-0.20000000000000004
40
-0.18571428571428575
40
-0.17142857142857146
40
-0.15714285714285717
40
-0.14285714285714288
40
-0.12857142857142859
40
-0.1142857142857143
40
-0.10000000000000001
40
-0.085714285714285715
40
-0.071428571428571425
40
-0.057142857142857141
40
-0.042857142857142858
40
-0.028571428571428571
40
-0.014285714285714285
40
-0.0140089704339113
40
-0.0140089704339113
40
-0.0140089704339113
40
-0.0140089704339113
40
-0.0140089704339113
40
-0.0140089704339113
41
1
41
1
41
1
41
1
41
1
41
1
41
1
41
1
41
1
41
1
41
1
41
1
41
1
41
1
41
1
41
1
41
1
41
1
41
1
41
1
41
1
41
1
41
1
41
1
41
1
41
1
41
1
41
1
41
1
41
1
41
1
41
1
41
1
41
1
41
1
41
1
41
1
41
1
41
1
41
1
41
1
41
1
41
1
41
1
41
1
41
1
41
1
41
1
41
1
41
1
41
1
41
1
41
1
41
1
41
1
41
1
41
1
41
1
41
1
41
1
41
1
41
1
41
1
41
1
41
1
41
1
41
1
41
1
41
1
41
1
41
1
41
1
41
1
41
1
41
1
10
11.119002006391192
20
-11.810256010005402
30
0
10
11.11740234485376
20
-11.804298344544954
30
0
10
11.11419200401045
20
-11.792390157266361
30
0
10
11.109343439440863
20
-11.774549307276413
30
0
10
11.102812558102901
20
-11.750804383376902
30
0
10
11.094538592567208
20
-11.721194813154641
30
0
10
11.086154034566988
20
-11.691657058194004
30
0
10
11.077658592696778
20
-11.662191472715653
30
0
10
11.069051929214522
20
-11.63279855045532
30
0
10
11.060333677763268
20
-11.603478943865454
30
0
10
11.051503449022482
20
-11.574233424287799
30
0
10
11.042560835911052
20
-11.545062838270315
30
0
10
11.033505419961497
20
-11.515968063906364
30
0
10
11.024336777460215
20
-11.486949968881497
30
0
10
11.015054487975513
20
-11.458009361387536
30
0
10
11.005658126430792
20
-11.429147008998674
30
0
10
10.996147253573497
20
-11.400363666320034
30
0
10
10.986521407474793
20
-11.371660099696255
30
0
10
10.976780096144559
20
-11.343037110902989
30
0
10
10.966922788579776
20
-11.314495565101424
30
0
10
10.95694892313572
20
-11.286036379447795
30
0
10
10.946857919441104
20
-11.257660503718732
30
0
10
10.936649190816063
20
-11.229368902128504
30
0
10
10.926322155198482
20
-11.20116253643317
30
0
10
10.915876253085518
20
-11.17304234173416
30
0
10
10.9053109240854
20
-11.145009248661434
30
0
10
10.894625574083101
20
-11.11706421653259
30
0
10
10.883819544326609
20
-11.0892082641508
30
0
10
10.87289208515314
20
-11.061442496639755
30
0
10
10.861842316622745
20
-11.033768144640208
30
0
10
10.850669272395926
20
-11.006186525056359
30
0
10
10.839371967018947
20
-10.978698979656151
30
0
10
10.827949461456967
20
-10.951306815764621
30
0
10
10.816400918495768
20
-10.924011255966528
30
0
10
10.804725693709504
20
-10.896813356076615
30
0
10
10.792923226470357
20
-10.869714102553028
30
0
10
10.780992869980972
20
-10.84271456475863
30
0
10
10.768933730214517
20
-10.815816039224913
30
0
10
10.756744528898125
20
-10.789020172632149
30
0
10
10.744423387562955
20
-10.762329155179241
30
0
10
10.731968064028248
20
-10.73574551087717
30
0
10
10.719376332487961
20
-10.709271759927903
30
0
10
10.706646345455479
20
-10.6829100973896
30
0
10
10.693776941032665
20
-10.656662120534222
30
0
10
10.680768137900873
20
-10.630528389251239
30
0
10
10.66762055266587
20
-10.604508945422532
30
0
10
10.654334484388841
20
-10.578604128540244
30
0
10
10.640909046809616
20
-10.552815348883167
30
0
10
10.627341422226751
20
-10.527145752654461
30
0
10
10.613625698466302
20
-10.501601257767348
30
0
10
10.599754233717441
20
-10.476189342626318
30
0
10
10.585719736656181
20
-10.450917199200546
30
0
10
10.571517246867185
20
-10.4257899746296
30
0
10
10.557145849656727
20
-10.400809249337966
30
0
10
10.542611312623047
20
-10.375970694941232
30
0
10
10.52792262908121
20
-10.35126715427981
30
0
10
10.513087084984875
20
-10.326693035525542
30
0
10
10.498105548102279
20
-10.302248508273726
30
0
10
10.482968286779037
20
-10.277943229126523
30
0
10
10.467648913058916
20
-10.25380173457906
30
0
10
10.452112781543082
20
-10.229855985494311
30
0
10
10.436328130250676
20
-10.206135476487114
30
0
10
10.420276793724071
20
-10.182657721278218
30
0
10
10.403963937217746
20
-10.159419618234837
30
0
10
10.387431344581104
20
-10.136385631482508
30
0
10
10.370734887554502
20
-10.113508054584015
30
0
10
10.353917216147529
20
-10.090751551337235
30
0
10
10.336981536968279
20
-10.068116730200963
30
0
10
10.319866244749367
20
-10.04566293752108
30
0
10
10.302415454838041
20
-10.023534768996026
30
0
10
10.287951488943914
20
-10.006161082180686
30
0
10
10.276744054151976
20
-9.9934320979393583
30
0
10
10.269073074239001
20
-9.9850835251091912
30
0
10
10.265154053273529
20
-9.9809130192746345
30
0
10
10.265079559602999
20
-9.9808337791376402
30
0
0
SPLINE
5
171
100
AcDbEntity
8
0
100
AcDbSpline
70
0
71
3
72
9
73
5
74
0
42
0.000000001
43
0.0000000001
44
0.0000000001
40
-1
40
-1
40
-1
40
-1
40
-0.5
40
0
40
0
40
0
40
0
10
10.264242266626223
20
-9.570758808178212
30
0
10
10.212924763743185
20
-9.6257947037291167
30
0
10
10.154083853711606
20
-9.7760220704104519
30
0
10
10.21353774044365
20
-9.9260079022273491
30
0
10
10.265079559603013
20
-9.9808337791376562
30
0
0
ARC
5
172
100
AcDbEntity
8
0
100
AcDbCircle
10
0
20
0
30
0
40
14.034033400000052
210
-0
220
0
230
1
100
AcDbArc
50
317.00239450984776
51
318.99760549015218
0
SPLINE
5
173
100
AcDbEntity
8
0
100
AcDbSpline
70
0
71
3
72
14
73
10
74
0
42
0.000000001
43
0.0000000001
44
0.0000000001
40
0
40
0
40
0
40
0
40
0.011719334201607787
40
0.011719334201607787
40
0.023438668403215582
40
0.023438668403215582
40
0.034360691258245382
40
0.034360691258245382
40
0.045282714113274891
40
0.045282714113274891
40
0.045282714113274891
40
0.045282714113274891
10
10.999150719069171
20
-9.1655651626593748
30
0
10
10.968047740072095
20
-9.1419296862862396
30
0
10
10.932625588396153
20
-9.1245952813750986
30
0
10
10.857130553090437
20
-9.1044800178247733
30
0
10
10.817779443146165
20
-9.1018914720688002
30
0
10
10.74293556446391
20
-9.1116020010095191
30
0
10
10.70798384132905
20
-9.1228195718787255
30
0
10
10.64381008712852
20
-9.1572220859092877
30
0
10
10.615120781402199
20
-9.1801214436130145
30
0
10
10.59123466075927
20
-9.2075969630000003
30
0
0
SPLINE
5
174
100
AcDbEntity
8
0
100
AcDbSpline
70
4
71
5
72
81
73
75
74
0
42
0.000000001
43
0.0000000001
44
0.0000000001
40
0.01400897043392451
40
0.01400897043392451
40
0.01400897043392451
40
0.01400897043392451
40
0.01400897043392451
40
0.01400897043392451
40
0.014285714285714285
40
0.028571428571428571
40
0.042857142857142858
40
0.057142857142857141
40
0.071428571428571425
40
0.085714285714285715
40
0.10000000000000001
40
0.1142857142857143
40
0.12857142857142859
40
0.14285714285714288
40
0.15714285714285717
40
0.17142857142857146
40
0.18571428571428575
40
0.20000000000000004
40
0.21428571428571433
40
0.22857142857142862
40
0.24285714285714291
40
0.25714285714285717
40
0.27142857142857146
40
0.28571428571428575
40
0.30000000000000004
40
0.31428571428571433
40
0.32857142857142863
40
0.34285714285714292
40
0.35714285714285721
40
0.3714285714285715
40
0.38571428571428579
40
0.40000000000000008
40
0.41428571428571437
40
0.42857142857142866
40
0.44285714285714295
40
0.45714285714285724
40
0.47142857142857153
40
0.48571428571428582
40
0.50000000000000011
40
0.51428571428571435
40
0.52857142857142858
40
0.54285714285714282
40
0.55714285714285705
40
0.57142857142857129
40
0.58571428571428552
40
0.59999999999999976
40
0.61428571428571399
40
0.62857142857142823
40
0.64285714285714246
40
0.6571428571428567
40
0.67142857142857093
40
0.68571428571428517
40
0.6999999999999994
40
0.71428571428571364
40
0.72857142857142787
40
0.74285714285714211
40
0.75714285714285634
40
0.77142857142857058
40
0.78571428571428481
40
0.79999999999999905
40
0.81428571428571328
40
0.82857142857142752
40
0.84285714285714175
40
0.85714285714285599
40
0.87142857142857022
40
0.88571428571428445
40
0.89999999999999869
40
0.91428571428571292
40
0.92857142857142716
40
0.94285714285714139
40
0.95714285714285563
40
0.97142857142856986
40
0.9857142857142841
40
1
40
1
40
1
40
1
40
1
40
1
41
1
41
1
41
1
41
1
41
1
41
1
41
1
41
1
41
1
41
1
41
1
41
1
41
1
41
1
41
1
41
1
41
1
41
1
41
1
41
1
41
1
41
1
41
1
41
1
41
1
41
1
41
1
41
1
41
1
41
1
41
1
41
1
41
1
41
1
41
1
41
1
41
1
41
1
41
1
41
1
41
1
41
1
41
1
41
1
41
1
41
1
41
1
41
1
41
1
41
1
41
1
41
1
41
1
41
1
41
1
41
1
41
1
41
1
41
1
41
1
41
1
41
1
41
1
41
1
41
1
41
1
41
1
41
1
41
1
41
1
41
1
41
1
41
1
41
1
41
1
10
10.999150719069171
20
-9.1655651626593748
30
0
10
10.999237311829305
20
-9.1656309653960317
30
0
10
11.003794620435558
20
-9.1690925809886625
30
0
10
11.012899294652296
20
-9.175848874982627
30
0
10
11.026730044122065
20
-9.1856643731124148
30
0
10
11.045520452190853
20
-9.1982330591038792
30
0
10
11.069351504545658
20
-9.213275228311316
30
0
10
11.09347132819388
20
-9.2279497007252882
30
0
10
11.117752413930646
20
-9.2424266214122746
30
0
10
11.142142180019503
20
-9.2567734615418864
30
0
10
11.166639686153029
20
-9.2709870956734335
30
0
10
11.191275616817979
20
-9.2850214137996225
30
0
10
11.216091576923562
20
-9.2988158635707876
30
0
10
11.241118540073424
20
-9.312325175523462
30
0
10
11.26635905099317
20
-9.3255438884900634
30
0
10
11.291797590711422
20
-9.3384918990982584
30
0
10
11.317408146218975
20
-9.35120387836022
30
0
10
11.343162553168105
20
-9.363717622703545
30
0
10
11.36903916776969
20
-9.3760619402906187
30
0
10
11.395029403556316
20
-9.388247518854584
30
0
10
11.421133001155276
20
-9.4002735131084663
30
0
10
11.447354760172558
20
-9.4121320925066243
30
0
10
11.473700858502687
20
-9.4238135648734094
30
0
10
11.500174997940551
20
-9.4353117417667303
30
0
10
11.526775702330916
20
-9.4466276980688573
30
0
10
11.553498371235378
20
-9.4577669050440534
30
0
10
11.580336614234017
20
-9.4687373658391429
30
0
10
11.607283792676572
20
-9.4795474621084548
30
0
10
11.634334639059212
20
-9.4902036922287856
30
0
10
11.661486318944018
20
-9.5007091873337206
30
0
10
11.688737522417272
20
-9.5110649762426558
30
0
10
11.716087880586185
20
-9.5212707970192962
30
0
10
11.743537287345465
20
-9.5313260408135569
30
0
10
11.771085183920038
20
-9.541230747570804
30
0
10
11.798730103239397
20
-9.550986239784562
30
0
10
11.826470055385073
20
-9.5605945842667737
30
0
10
11.854302766621114
20
-9.5700582580631277
30
0
10
11.882225961135049
20
-9.5793797549024617
30
0
10
11.91023765707957
20
-9.5885611719013024
30
0
10
11.938336350410994
20
-9.5976039524549623
30
0
10
11.966520845151612
20
-9.606509121217135
30
0
10
11.994790145405378
20
-9.6152774332208217
30
0
10
12.023143328719627
20
-9.6239095491356146
30
0
10
12.051579412424333
20
-9.63240622021981
30
0
10
12.080097268144886
20
-9.6407684068961945
30
0
10
12.108695693873797
20
-9.6489971797081502
30
0
10
12.137373458201417
20
-9.6570936589639373
30
0
10
12.166129352447683
20
-9.6650589433633165
30
0
10
12.194962244692178
20
-9.6728940366628251
30
0
10
12.223871114226302
20
-9.6805997999353934
30
0
10
12.252855016686324
20
-9.6881769948182477
30
0
10
12.281913060111819
20
-9.6956263124477911
30
0
10
12.311044377547812
20
-9.7029484074232251
30
0
10
12.340248097499419
20
-9.7101439339270925
30
0
10
12.369523324321248
20
-9.7172135713637982
30
0
10
12.398869160405841
20
-9.724158003987144
30
0
10
12.428284721844854
20
-9.7309779082677821
30
0
10
12.4577691552142
20
-9.7376739386426117
30
0
10
12.487321655597059
20
-9.7442467136397308
30
0
10
12.516941477036962
20
-9.7506968063624697
30
0
10
12.546627905672096
20
-9.7570247563139958
30
0
10
12.576380236945543
20
-9.7632310792183024
30
0
10
12.606197751920556
20
-9.7693162780567295
30
0
10
12.636079690779759
20
-9.7752808554368436
30
0
10
12.666025234881007
20
-9.7811253234489453
30
0
10
12.696033554682987
20
-9.7868501900538476
30
0
10
12.726103850826771
20
-9.7924559485909963
30
0
10
12.756235396891196
20
-9.797943066875348
30
0
10
12.786427582292729
20
-9.8033119774567687
30
0
10
12.816679951304049
20
-9.8085630678365607
30
0
10
12.84699218210511
20
-9.8136966648499797
30
0
10
12.871289691817063
20
-9.8177097489310121
30
0
10
12.889539620767563
20
-9.8206668759237363
30
0
10
12.901718145745189
20
-9.822614885667468
30
0
10
12.907810384653136
20
-9.8235830384763787
30
0
0
ARC
5
175
100
AcDbEntity
8
0
100
AcDbCircle
10
0
20
0
30
0
40
16.220800000000004
210
-0
220
0
230
1
100
AcDbArc
50
322.72678700657127
51
325.27321299342861
0
SPLINE
5
176
100
AcDbEntity
8
0
100
AcDbSpline
70
4
71
5
72
81
73
75
74
0
42
0.000000001
43
0.0000000001
44
0.0000000001
40
-1
40
-1
40
-1
40
-1
40
-1
40
-1
40
-0.9857142857142841
40
-0.97142857142856986
40
-0.95714285714285563
40
-0.94285714285714139
40
-0.92857142857142716
40
-0.91428571428571292
40
-0.89999999999999869
40
-0.88571428571428445
40
-0.87142857142857022
40
-0.85714285714285599
40
-0.84285714285714175
40
-0.82857142857142752
40
-0.81428571428571328
40
-0.79999999999999905
40
-0.78571428571428481
40
-0.77142857142857058
40
-0.75714285714285634
40
-0.74285714285714211
40
-0.72857142857142787
40
-0.71428571428571364
40
-0.6999999999999994
40
-0.68571428571428517
40
-0.67142857142857093
40
-0.6571428571428567
40
-0.64285714285714246
40
-0.62857142857142823
40
-0.61428571428571399
40
-0.59999999999999976
40
-0.58571428571428552
40
-0.57142857142857129
40
-0.55714285714285705
40
-0.54285714285714282
40
-0.52857142857142858
40
-0.51428571428571435
40
-0.50000000000000011
40
-0.48571428571428582
40
-0.47142857142857153
40
-0.45714285714285724
40
-0.44285714285714295
40
-0.42857142857142866
40
-0.41428571428571437
40
-0.40000000000000008
40
-0.38571428571428579
40
-0.3714285714285715
40
-0.35714285714285721
40
-0.34285714285714292
40
-0.32857142857142863
40
-0.31428571428571433
40
-0.30000000000000004
40
-0.28571428571428575
40
-0.27142857142857146
40
-0.25714285714285717
40
-0.24285714285714291
40
-0.22857142857142862
40
-0.21428571428571433
40
-0.20000000000000004
40
-0.18571428571428575
40
-0.17142857142857146
40
-0.15714285714285717
40
-0.14285714285714288
40
-0.12857142857142859
40
-0.1142857142857143
40
-0.10000000000000001
40
-0.085714285714285715
40
-0.071428571428571425
40
-0.057142857142857141
40
-0.042857142857142858
40
-0.028571428571428571
40
-0.014285714285714285
40
-0.014008970433911767
40
-0.014008970433911767
40
-0.014008970433911767
40
-0.014008970433911767
40
-0.014008970433911767
40
-0.014008970433911767
41
1
41
1
41
1
41
1
41
1
41
1
41
1
41
1
41
1
41
1
41
1
41
1
41
1
41
1
41
1
41
1
41
1
41
1
41
1
41
1
41
1
41
1
41
1
41
1
41
1
41
1
41
1
41
1
41
1
41
1
41
1
41
1
41
1
41
1
41
1
41
1
41
1
41
1
41
1
41
1
41
1
41
1
41
1
41
1
41
1
41
1
41
1
41
1
41
1
41
1
41
1
41
1
41
1
41
1
41
1
41
1
41
1
41
1
41
1
41
1
41
1
41
1
41
1
41
1
41
1
41
1
41
1
41
1
41
1
41
1
41
1
41
1
41
1
41
1
41
1
10
13.331515431136744
20
-9.2404030728839395
30
0
10
13.328712057742713
20
-9.2349081850428121
30
0
10
13.323096019197624
20
-9.2239276876200016
30
0
10
13.314644086109841
20
-9.2074847762649839
30
0
10
13.303319072922154
20
-9.185616582504581
30
0
10
13.289069737575563
20
-9.1583743065972065
30
0
10
13.274727157707609
20
-9.1312252700819787
30
0
10
13.260291121927349
20
-9.1041698800255961
30
0
10
13.245761402526634
20
-9.0772086895949897
30
0
10
13.231137776806786
20
-9.0503424131548584
30
0
10
13.216420024325824
20
-9.0235718861355618
30
0
10
13.201607922905549
20
-8.9968980212228882
30
0
10
13.186701245788871
20
-8.9703217643260302
30
0
10
13.17169975892333
20
-8.9438440522645397
30
0
10
13.156603219097189
20
-8.917465762981962
30
0
10
13.14141137011044
20
-8.8911877356575637
30
0
10
13.126123939200491
20
-8.8650107997322696
30
0
10
13.110740633864765
20
-8.8389358008446433
30
0
10
13.095261139562826
20
-8.8129636255401316
30
0
10
13.079685116772481
20
-8.7870952304758028
30
0
10
13.064012206809796
20
-8.7613316295383328
30
0
10
13.048242039455646
20
-8.7356738724154237
30
0
10
13.032374241321955
20
-8.7101230242285599
30
0
10
13.016408443026386
20
-8.6846801467346282
30
0
10
13.000344291711093
20
-8.6593462709280509
30
0
10
12.984181432719062
20
-8.6341224236142811
30
0
10
12.967919484371448
20
-8.6090096666709766
30
0
10
12.95155801413264
20
-8.584009133600274
30
0
10
12.935096518489919
20
-8.5591220612399095
30
0
10
12.91853439259674
20
-8.5343498362879906
30
0
10
12.901870965030213
20
-8.5096939477844753
30
0
10
12.885105550840379
20
-8.4851559130638101
30
0
10
12.868237503320712
20
-8.4607372061191732
30
0
10
12.851266257741807
20
-8.4364391968855266
30
0
10
12.834191403276289
20
-8.4122630520891981
30
0
10
12.817012596643593
20
-8.388209853192933
30
0
10
12.799729427513469
20
-8.3642807806681923
30
0
10
12.782341290959778
20
-8.3404772885927585
30
0
10
12.764847279007059
20
-8.3168012534308726
30
0
10
12.747246009603481
20
-8.2932552080759674
30
0
10
12.729535814336701
20
-8.2698420875589189
30
0
10
12.711715040019334
20
-8.2465648197803318
30
0
10
12.693782335915033
20
-8.2234259359451478
30
0
10
12.675736897607436
20
-8.20042723999331
30
0
10
12.657578859777239
20
-8.1775692756952854
30
0
10
12.639308834263613
20
-8.154851955818188
30
0
10
12.620927184176926
20
-8.1322755502571233
30
0
10
12.602433335837377
20
-8.10984162273677
30
0
10
12.58382518724947
20
-8.0875538365412574
30
0
10
12.565098185837796
20
-8.0654192094732942
30
0
10
12.546246411631142
20
-8.0434466453381024
30
0
10
12.527264227932928
20
-8.0216446948945634
30
0
10
12.508147852875268
20
-8.0000194241332441
30
0
10
12.48889672034143
20
-7.9785725691180831
30
0
10
12.469515571972067
20
-7.9572986968991515
30
0
10
12.450011716499578
20
-7.9361889369026182
30
0
10
12.430391118055615
20
-7.9152363046602545
30
0
10
12.410654660706427
20
-7.894440785642125
30
0
10
12.390794833178127
20
-7.8738138487551907
30
0
10
12.370790925578813
20
-7.8533849806778786
30
0
10
12.350615694631809
20
-7.8331926470350872
30
0
10
12.330244204706982
20
-7.8132723016006844
30
0
10
12.30966232861282
20
-7.7936448521896162
30
0
10
12.288874473864899
20
-7.7743061910304254
30
0
10
12.26791412291151
20
-7.7552128714419872
30
0
10
12.246826007835402
20
-7.7363066130991882
30
0
10
12.225644499831605
20
-7.7175439845450979
30
0
10
12.204372861941824
20
-7.6989249142509237
30
0
10
12.18296317392069
20
-7.6805202601577962
30
0
10
12.161293020705275
20
-7.6625038684429514
30
0
10
12.14353293456732
20
-7.648517065973607
30
0
10
12.129923904479201
20
-7.6383963972954936
30
0
10
12.120684787989013
20
-7.6318251472160465
30
0
10
12.115984310114783
20
-7.6285605872154116
30
0
10
12.11589496935882
20
-7.6284985667705243
30
0
0
SPLINE
5
177
100
AcDbEntity
8
0
100
AcDbSpline
70
0
71
3
72
9
73
5
74
0
42
0.000000001
43
0.0000000001
44
0.0000000001
40
-1
40
-1
40
-1
40
-1
40
-0.5
40
0
40
0
40
0
40
0
10
12.029816592668183
20
-7.2275588008040339
30
0
10
11.99106310644714
20
-7.2920615387843588
30
0
10
11.964742037288582
20
-7.4512397901622265
30
0
10
12.054080521841644
20
-7.585586913581853
30
0
10
12.115894969358845
20
-7.6284985667705403
30
0
0
ARC
5
178
100
AcDbEntity
8
0
100
AcDbCircle
10
0
20
0
30
0
40
14.034033399999966
210
-0
220
0
230
1
100
AcDbArc
50
329.00239450984787
51
330.99760549015213
0
SPLINE
5
179
100
AcDbEntity
8
0
100
AcDbSpline
70
0
71
3
72
14
73
10
74
0
42
0.000000001
43
0.0000000001
44
0.0000000001
40
0
40
0
40
0
40
0
40
0.011719334201607947
40
0.011719334201607947
40
0.023438668403215707
40
0.023438668403215707
40
0.034360691258245424
40
0.034360691258245424
40
0.04528271411327519
40
0.04528271411327519
40
0.04528271411327519
40
0.04528271411327519
10
12.664421036235886
20
-6.6784235496635773
30
0
10
12.629083640098202
20
-6.6617712381097434
30
0
10
12.590831521989152
20
-6.6521803109831126
30
0
10
12.512804035881562
20
-6.6482009146419916
30
0
10
12.473774653178475
20
-6.6538504906254641
30
0
10
12.402585225306614
20
-6.6789097385748732
30
0
10
12.370729545307022
20
-6.6971490504606104
30
0
10
12.315110826466171
20
-6.7441422607607713
30
0
10
12.29180949508207
20
-6.7725060546189635
30
0
10
12.274157825176196
20
-6.804347371716208
30
0
0
SPLINE
5
180
100
AcDbEntity
8
0
100
AcDbSpline
70
4
71
5
72
81
73
75
74
0
42
0.000000001
43
0.0000000001
44
0.0000000001
40
0.014008970433924914
40
0.014008970433924914
40
0.014008970433924914
40
0.014008970433924914
40
0.014008970433924914
40
0.014008970433924914
40
0.014285714285714285
40
0.028571428571428571
40
0.042857142857142858
40
0.057142857142857141
40
0.071428571428571425
40
0.085714285714285715
40
0.10000000000000001
40
0.1142857142857143
40
0.12857142857142859
40
0.14285714285714288
40
0.15714285714285717
40
0.17142857142857146
40
0.18571428571428575
40
0.20000000000000004
40
0.21428571428571433
40
0.22857142857142862
40
0.24285714285714291
40
0.25714285714285717
40
0.27142857142857146
40
0.28571428571428575
40
0.30000000000000004
40
0.31428571428571433
40
0.32857142857142863
40
0.34285714285714292
40
0.35714285714285721
40
0.3714285714285715
40
0.38571428571428579
40
0.40000000000000008
40
0.41428571428571437
40
0.42857142857142866
40
0.44285714285714295
40
0.45714285714285724
40
0.47142857142857153
40
0.48571428571428582
40
0.50000000000000011
40
0.51428571428571435
40
0.52857142857142858
40
0.54285714285714282
40
0.55714285714285705
40
0.57142857142857129
40
0.58571428571428552
40
0.59999999999999976
40
0.61428571428571399
40
0.62857142857142823
40
0.64285714285714246
40
0.6571428571428567
40
0.67142857142857093
40
0.68571428571428517
40
0.6999999999999994
40
0.71428571428571364
40
0.72857142857142787
40
0.74285714285714211
40
0.75714285714285634
40
0.77142857142857058
40
0.78571428571428481
40
0.79999999999999905
40
0.81428571428571328
40
0.82857142857142752
40
0.84285714285714175
40
0.85714285714285599
40
0.87142857142857022
40
0.88571428571428445
40
0.89999999999999869
40
0.91428571428571292
40
0.92857142857142716
40
0.94285714285714139
40
0.95714285714285563
40
0.97142857142856986
40
0.9857142857142841
40
1
40
1
40
1
40
1
40
1
40
1
41
1
41
1
41
1
41
1
41
1
41
1
41
1
41
1
41
1
41
1
41
1
41
1
41
1
41
1
41
1
41
1
41
1
41
1
41
1
41
1
41
1
41
1
41
1
41
1
41
1
41
1
41
1
41
1
41
1
41
1
41
1
41
1
41
1
41
1
41
1
41
1
41
1
41
1
41
1
41
1
41
1
41
1
41
1
41
1
41
1
41
1
41
1
41
1
41
1
41
1
41
1
41
1
41
1
41
1
41
1
41
1
41
1
41
1
41
1
41
1
41
1
41
1
41
1
41
1
41
1
41
1
41
1
41
1
41
1
41
1
41
1
41
1
41
1
41
1
41
1
10
12.664421036235884
20
-6.6784235496635747
30
0
10
12.664519417894686
20
-6.6784699108053855
30
0
10
12.669696848724525
20
-6.6809083640540754
30
0
10
12.680007276473034
20
-6.6856240486033771
30
0
10
12.695576547695621
20
-6.6923494800415009
30
0
10
12.716569517020762
20
-6.7007367645756926
30
0
10
12.743007246538058
20
-6.7104954719067216
30
0
10
12.769650988541137
20
-6.7198344785735582
30
0
10
12.796411395355635
20
-6.7289467222191242
30
0
10
12.823251062327149
20
-6.7379091319638302
30
0
10
12.850168419880571
20
-6.7467188461662699
30
0
10
12.87718389516343
20
-6.755324382769925
30
0
10
12.904325594376431
20
-6.7636578624922095
30
0
10
12.931614402224991
20
-6.771668565341761
30
0
10
12.959051672385755
20
-6.7793506204124023
30
0
10
12.986626361755611
20
-6.7867267161183298
30
0
10
13.014320234280776
20
-6.7938361742356355
30
0
10
13.042113599391275
20
-6.8007218209464551
30
0
10
13.069991275820446
20
-6.8074163348824923
30
0
10
13.097947086840469
20
-6.8139319554512365
30
0
10
13.125980603001501
20
-6.820267909763885
30
0
10
13.154094890964645
20
-6.8264155404968037
30
0
10
13.182293978505976
20
-6.8323640828151477
30
0
10
13.210580199877827
20
-6.8381067138626905
30
0
10
13.238952334663086
20
-6.8436447919428804
30
0
10
13.267407020493774
20
-6.8489846252446531
30
0
10
13.29593967054376
20
-6.8541353706698889
30
0
10
13.324545533877146
20
-6.8591066069666562
30
0
10
13.353220809186205
20
-6.8639057856822649
30
0
10
13.381963374971564
20
-6.8685365588402814
30
0
10
13.410772163847842
20
-6.8730002051243213
30
0
10
13.439646760523829
20
-6.8772965450191403
30
0
10
13.468586934625835
20
-6.8814250050400254
30
0
10
13.497592147894471
20
-6.8853857404353072
30
0
10
13.526661240280104
20
-6.8891803498199629
30
0
10
13.555792695063126
20
-6.8928112685684511
30
0
10
13.584984803200921
20
-6.8962813923333535
30
0
10
13.614235857088367
20
-6.8995936335175703
30
0
10
13.643544354201321
20
-6.9027504554598256
30
0
10
13.672909123461812
20
-6.905753582722042
30
0
10
13.702329208064601
20
-6.9086042662245282
30
0
10
13.731803790856551
20
-6.9113034515594229
30
0
10
13.76133210690373
20
-6.9138519767477993
30
0
10
13.790913351205191
20
-6.91625078093975
30
0
10
13.820546619727146
20
-6.9185010381727867
30
0
10
13.85023095930733
20
-6.9206040455077611
30
0
10
13.879965398370546
20
-6.9225611547959716
30
0
10
13.909748983081805
20
-6.9243736920266734
30
0
10
13.939580814948588
20
-6.9260428743613911
30
0
10
13.969460074594359
20
-6.9275697562738046
30
0
10
13.999385996645284
20
-6.9289552791018032
30
0
10
14.029357852327745
20
-6.9302003043277942
30
0
10
14.059374929730646
20
-6.9313056524964907
30
0
10
14.08943651241556
20
-6.9322721446889606
30
0
10
14.119541865565202
20
-6.9331006316781307
30
0
10
14.149690253451361
20
-6.9337919693883077
30
0
10
14.179880952127375
20
-6.9343470032825056
30
0
10
14.210113262883596
20
-6.9347665509334639
30
0
10
14.240386526991786
20
-6.9350513847045665
30
0
10
14.270700133951308
20
-6.9352022202685344
30
0
10
14.301053497668953
20
-6.9352197337593129
30
0
10
14.331446036209105
20
-6.9351045761167063
30
0
10
14.361877150921218
20
-6.9348573888060594
30
0
10
14.39234620308974
20
-6.9344788214266835
30
0
10
14.422852498431364
20
-6.9339695450837375
30
0
10
14.453395331143259
20
-6.9333302291092149
30
0
10
14.483974021905425
20
-6.9325615222579735
30
0
10
14.514587957434962
20
-6.9316640331535471
30
0
10
14.545236630423215
20
-6.9306383118410011
30
0
10
14.575919675667651
20
-6.929484832104845
30
0
10
14.606636846333634
20
-6.92820398054835
30
0
10
14.63123776425887
20
-6.9270776327868822
30
0
10
14.649703709748385
20
-6.9261757658744756
30
0
10
14.662021118735273
20
-6.9255491492117516
30
0
10
14.66818151789365
20
-6.925229497866713
30
0
0
ARC
5
181
100
AcDbEntity
8
0
100
AcDbCircle
10
0
20
0
30
0
40
16.220800000000004
210
-0
220
0
230
1
100
AcDbArc
50
334.72678700657127
51
337.27321299342856
0
SPLINE
5
182
100
AcDbEntity
8
0
100
AcDbSpline
70
4
71
5
72
81
73
75
74
0
42
0.000000001
43
0.0000000001
44
0.0000000001
40
-1
40
-1
40
-1
40
-1
40
-1
40
-1
40
-0.9857142857142841
40
-0.97142857142856986
40
-0.95714285714285563
40
-0.94285714285714139
40
-0.92857142857142716
40
-0.91428571428571292
40
-0.89999999999999869
40
-0.88571428571428445
40
-0.87142857142857022
40
-0.85714285714285599
40
-0.84285714285714175
40
-0.82857142857142752
40
-0.81428571428571328
40
-0.79999999999999905
40
-0.78571428571428481
40
-0.77142857142857058
40
-0.75714285714285634
40
-0.74285714285714211
40
-0.72857142857142787
40
-0.71428571428571364
40
-0.6999999999999994
40
-0.68571428571428517
40
-0.67142857142857093
40
-0.6571428571428567
40
-0.64285714285714246
40
-0.62857142857142823
40
-0.61428571428571399
40
-0.59999999999999976
40
-0.58571428571428552
40
-0.57142857142857129
40
-0.55714285714285705
40
-0.54285714285714282
40
-0.52857142857142858
40
-0.51428571428571435
40
-0.50000000000000011
40
-0.48571428571428582
40
-0.47142857142857153
40
-0.45714285714285724
40
-0.44285714285714295
40
-0.42857142857142866
40
-0.41428571428571437
40
-0.40000000000000008
40
-0.38571428571428579
40
-0.3714285714285715
40
-0.35714285714285721
40
-0.34285714285714292
40
-0.32857142857142863
40
-0.31428571428571433
40
-0.30000000000000004
40
-0.28571428571428575
40
-0.27142857142857146
40
-0.25714285714285717
40
-0.24285714285714291
40
-0.22857142857142862
40
-0.21428571428571433
40
-0.20000000000000004
40
-0.18571428571428575
40
-0.17142857142857146
40
-0.15714285714285717
40
-0.14285714285714288
40
-0.12857142857142859
40
-0.1142857142857143
40
-0.10000000000000001
40
-0.085714285714285715
40
-0.071428571428571425
40
-0.057142857142857141
40
-0.042857142857142858
40
-0.028571428571428571
40
-0.014285714285714285
40
-0.014008970433934122
40
-0.014008970433934122
40
-0.014008970433934122
40
-0.014008970433934122
40
-0.014008970433934122
40
-0.014008970433934122
41
1
41
1
41
1
41
1
41
1
41
1
41
1
41
1
41
1
41
1
41
1
41
1
41
1
41
1
41
1
41
1
41
1
41
1
41
1
41
1
41
1
41
1
41
1
41
1
41
1
41
1
41
1
41
1
41
1
41
1
41
1
41
1
41
1
41
1
41
1
41
1
41
1
41
1
41
1
41
1
41
1
41
1
41
1
41
1
41
1
41
1
41
1
41
1
41
1
41
1
41
1
41
1
41
1
41
1
41
1
41
1
41
1
41
1
41
1
41
1
41
1
41
1
41
1
41
1
41
1
41
1
41
1
41
1
41
1
41
1
41
1
41
1
41
1
41
1
41
1
10
14.961377659833033
20
-6.2667001811040208
30
0
10
14.957493095451797
20
-6.2619082238482671
30
0
10
14.949716807038092
20
-6.252335316708888
30
0
10
14.938030895464927
20
-6.2380089781168557
30
0
10
14.922406707847255
20
-6.2189732594981217
30
0
10
14.902804767020308
20
-6.1952888960857351
30
0
10
14.883131004848183
20
-6.1717151211871668
30
0
10
14.863385299193258
20
-6.1482523769243791
30
0
10
14.843567542333226
20
-6.1249012517194608
30
0
10
14.823677664960684
20
-6.1016624906281987
30
0
10
14.80371562514657
20
-6.0785369566572474
30
0
10
14.783681395325864
20
-6.0555255887414727
30
0
10
14.763574950362239
20
-6.0326293592651261
30
0
10
14.743396256093583
20
-6.0098492332382536
30
0
10
14.72314525715764
20
-5.9871861199857923
30
0
10
14.702821877428171
20
-5.9646408936158952
30
0
10
14.682426022553564
20
-5.9422144221547502
30
0
10
14.66195758224127
20
-5.9199075935764043
30
0
10
14.64141643314748
20
-5.8977213404497757
30
0
10
14.620802442069563
20
-5.8756566691173262
30
0
10
14.600115468960581
20
-5.8537146458844491
30
0
10
14.579355369933937
20
-5.8318963744735459
30
0
10
14.558522001212173
20
-5.8102029743623831
30
0
10
14.53761522223653
20
-5.7886355609048215
30
0
10
14.516634902215742
20
-5.7671952159288429
30
0
10
14.495580907727753
20
-5.7458830175390823
30
0
10
14.474453086211096
20
-5.7247000837641213
30
0
10
14.453251250250458
20
-5.7036476132655647
30
0
10
14.431975164489092
20
-5.6827269205394515
30
0
10
14.410624525608558
20
-5.6619394877358804
30
0
10
14.389198986446974
20
-5.6412869109523811
30
0
10
14.36769819249376
20
-5.6207708167751136
30
0
10
14.346121817634893
20
-5.600392781444798
30
0
10
14.32446959430715
20
-5.5801542623738953
30
0
10
14.302741363236766
20
-5.5600564862087642
30
0
10
14.280937013493425
20
-5.5401005821516494
30
0
10
14.259056389147398
20
-5.5202877901903165
30
0
10
14.237099200811404
20
-5.5006196583986942
30
0
10
14.215064950490275
20
-5.4810982110144817
30
0
10
14.192952812951486
20
-5.4617262129260489
30
0
10
14.17076176646874
20
-5.4425068819092361
30
0
10
14.148490802725522
20
-5.4234434255999791
30
0
10
14.126139126769424
20
-5.4045386007241962
30
0
10
14.10370632682271
20
-5.3857943390489798
30
0
10
14.08119264767921
20
-5.3672111444604154
30
0
10
14.058598669671216
20
-5.34878880442335
30
0
10
14.035924804088605
20
-5.3305275074401486
30
0
10
14.013170814904505
20
-5.3124289023390814
30
0
10
13.990335407696648
20
-5.2944970093821713
30
0
10
13.967415588457559
20
-5.2767396395499544
30
0
10
13.944407417786802
20
-5.2591667329093656
30
0
10
13.92130715996586
20
-5.2417878252998111
30
0
10
13.898112376960105
20
-5.2246096364499532
30
0
10
13.874822875971798
20
-5.2076339821888507
30
0
10
13.851442165451559
20
-5.1908545624470488
30
0
10
13.827975550122451
20
-5.1742611809231249
30
0
10
13.804427411632933
20
-5.1578457657635397
30
0
10
13.780798611709352
20
-5.1416081189481684
30
0
10
13.757084187737
20
-5.1255610204424791
30
0
10
13.733270013009985
20
-5.1097376183988867
30
0
10
13.709337437035693
20
-5.0941812020718018
30
0
10
13.685269440341408
20
-5.0789316348941016
30
0
10
13.661056551427809
20
-5.0640123050030823
30
0
10
13.636702227441969
20
-5.049418278017928
30
0
10
13.612230186087416
20
-5.0351000952793061
30
0
10
13.587672064782637
20
-5.0209914497040788
30
0
10
13.56305245372193
20
-5.0070427127435737
30
0
10
13.538374529770046
20
-4.9932531360075592
30
0
10
13.513606152048299
20
-4.9797019922003862
30
0
10
13.488663725209234
20
-4.9665847800659266
30
0
10
13.468383719814042
20
-4.9565961523266138
30
0
10
13.452967874347969
20
-4.9495261209973123
30
0
10
13.442564415005398
20
-4.9450193888294205
30
0
10
13.437287913660914
20
-4.9428034515998327
30
0
10
13.437187630439267
20
-4.9427613614381034
30
0
0
SPLINE
5
183
100
AcDbEntity
8
0
100
AcDbSpline
70
0
71
3
72
9
73
5
74
0
42
0.000000001
43
0.0000000001
44
0.0000000001
40
-1
40
-1
40
-1
40
-1
40
-0.5
40
0
40
0
40
0
40
0
10
13.269630208146079
20
-4.5684797921597999
30
0
10
13.24513445189476
20
-4.6396302934013143
30
0
10
13.252483580633951
20
-4.8008025760684605
30
0
10
13.367802142539391
20
-4.9136393771283329
30
0
10
13.437187630439269
20
-4.9427613614381043
30
0
0
ARC
5
184
100
AcDbEntity
8
0
100
AcDbCircle
10
0
20
0
30
0
40
14.034033399999995
210
-0
220
0
230
1
100
AcDbArc
50
341.00239450984782
51
342.99760549015207
0
SPLINE
5
185
100
AcDbEntity
8
0
100
AcDbSpline
70
0
71
3
72
14
73
10
74
0
42
0.000000001
43
0.0000000001
44
0.0000000001
40
0
40
0
40
0
40
0
40
0.011719334201607872
40
0.011719334201607872
40
0.023438668403215658
40
0.023438668403215658
40
0.034360691258245681
40
0.034360691258245681
40
0.045282714113275682
40
0.045282714113275682
40
0.045282714113275682
40
0.045282714113275682
10
13.776195383484575
20
-3.899402780915775
30
0
10
13.738167983985139
20
-3.8904614201028034
30
0
10
13.698757700558378
20
-3.8890331402984883
30
0
10
13.62160793920923
20
-3.9013635298819387
30
0
10
13.584606055055211
20
-3.9150043140247055
30
0
10
13.520182397596518
20
-3.9543170715997995
30
0
10
13.492815006808689
20
-3.9787809790507334
30
0
10
13.44818212822908
20
-4.0363110568319351
30
0
10
13.431287151180884
20
-4.0688996529484074
30
0
10
13.42064139468906
20
-4.1037151494071695
30
0
0
SPLINE
5
186
100
AcDbEntity
8
0
100
AcDbSpline
70
4
71
5
72
81
73
75
74
0
42
0.000000001
43
0.0000000001
44
0.0000000001
40
0.014008970433930866
40
0.014008970433930866
40
0.014008970433930866
40
0.014008970433930866
40
0.014008970433930866
40
0.014008970433930866
40
0.014285714285714285
40
0.028571428571428571
40
0.042857142857142858
40
0.057142857142857141
40
0.071428571428571425
40
0.085714285714285715
40
0.10000000000000001
40
0.1142857142857143
40
0.12857142857142859
40
0.14285714285714288
40
0.15714285714285717
40
0.17142857142857146
40
0.18571428571428575
40
0.20000000000000004
40
0.21428571428571433
40
0.22857142857142862
40
0.24285714285714291
40
0.25714285714285717
40
0.27142857142857146
40
0.28571428571428575
40
0.30000000000000004
40
0.31428571428571433
40
0.32857142857142863
40
0.34285714285714292
40
0.35714285714285721
40
0.3714285714285715
40
0.38571428571428579
40
0.40000000000000008
40
0.41428571428571437
40
0.42857142857142866
40
0.44285714285714295
40
0.45714285714285724
40
0.47142857142857153
40
0.48571428571428582
40
0.50000000000000011
40
0.51428571428571435
40
0.52857142857142858
40
0.54285714285714282
40
0.55714285714285705
40
0.57142857142857129
40
0.58571428571428552
40
0.59999999999999976
40
0.61428571428571399
40
0.62857142857142823
40
0.64285714285714246
40
0.6571428571428567
40
0.67142857142857093
40
0.68571428571428517
40
0.6999999999999994
40
0.71428571428571364
40
0.72857142857142787
40
0.74285714285714211
40
0.75714285714285634
40
0.77142857142857058
40
0.78571428571428481
40
0.79999999999999905
40
0.81428571428571328
40
0.82857142857142752
40
0.84285714285714175
40
0.85714285714285599
40
0.87142857142857022
40
0.88571428571428445
40
0.89999999999999869
40
0.91428571428571292
40
0.92857142857142716
40
0.94285714285714139
40
0.95714285714285563
40
0.97142857142856986
40
0.9857142857142841
40
1
40
1
40
1
40
1
40
1
40
1
41
1
41
1
41
1
41
1
41
1
41
1
41
1
41
1
41
1
41
1
41
1
41
1
41
1
41
1
41
1
41
1
41
1
41
1
41
1
41
1
41
1
41
1
41
1
41
1
41
1
41
1
41
1
41
1
41
1
41
1
41
1
41
1
41
1
41
1
41
1
41
1
41
1
41
1
41
1
41
1
41
1
41
1
41
1
41
1
41
1
41
1
41
1
41
1
41
1
41
1
41
1
41
1
41
1
41
1
41
1
41
1
41
1
41
1
41
1
41
1
41
1
41
1
41
1
41
1
41
1
41
1
41
1
41
1
41
1
41
1
41
1
41
1
41
1
41
1
41
1
10
13.776195383484573
20
-3.8994027809157745
30
0
10
13.776301254291468
20
-3.8994276742583764
30
0
10
13.781872528773553
20
-3.9007363930551593
30
0
10
13.792938094886305
20
-3.9032053701166278
30
0
10
13.80956543599963
20
-3.9065468012370381
30
0
10
13.83184347308616
20
-3.910386119733154
30
0
10
13.859732424123745
20
-3.9144348628499417
30
0
10
13.887735625105286
20
-3.9180302443647719
30
0
10
13.915805794809042
20
-3.9213795621962118
30
0
10
13.943922340425543
20
-3.9245658412437558
30
0
10
13.972083131709972
20
-3.927586608732744
30
0
10
14.000297445706241
20
-3.9303872605703298
30
0
10
14.028578661530736
20
-3.9328955571914048
30
0
10
14.056936662228775
20
-3.9350575447836924
30
0
10
14.085371551265911
20
-3.9368671992891957
30
0
10
14.113877244043863
20
-3.9383490093160711
30
0
10
14.142444078467351
20
-3.9395452288540316
30
0
10
14.171061698316523
20
-3.9405018421300819
30
0
10
14.199722048341394
20
-3.9412539700322347
30
0
10
14.228421631506372
20
-3.9418148687214898
30
0
10
14.257159867053506
20
-3.9421838714861588
30
0
10
14.285937954671198
20
-3.9423518725912059
30
0
10
14.314757595983941
20
-3.9423075050175216
30
0
10
14.343619655683478
20
-3.9420436096863098
30
0
10
14.37252322242891
20
-3.9415617689578109
30
0
10
14.401466318874284
20
-3.9408688522475126
30
0
10
14.430446362253591
20
-3.9399747700117942
30
0
10
14.459460696983978
20
-3.9388898794552119
30
0
10
14.488507154089209
20
-3.9376222596272044
30
0
10
14.517584417728173
20
-3.9361759238303855
30
0
10
14.546691709693679
20
-3.934552344727964
30
0
10
14.575828586446315
20
-3.9327514330714335
30
0
10
14.604994703412421
20
-3.9307726758054793
30
0
10
14.634189566372825
20
-3.9286163366963049
30
0
10
14.663412372998499
20
-3.9262842206131925
30
0
10
14.692662146056616
20
-3.9237790250555675
30
0
10
14.721937815891273
20
-3.9211039377289909
30
0
10
14.751238317735218
20
-3.9182621624244449
30
0
10
14.780562694054993
20
-3.9152564210431242
30
0
10
14.809910157920072
20
-3.9120886439419369
30
0
10
14.839280033514664
20
-3.908760253636578
30
0
10
14.868671718142048
20
-3.9052723449514182
30
0
10
14.898084637818314
20
-3.9016258966334689
30
0
10
14.927518200393997
20
-3.8978219946792447
30
0
10
14.956971765686744
20
-3.8938619754299171
30
0
10
14.986444671037287
20
-3.8897473057760239
30
0
10
15.01593624716736
20
-3.8854795100295108
30
0
10
15.045445836774237
20
-3.8810600835170277
30
0
10
15.07497281406172
20
-3.8764904036093082
30
0
10
15.104516596796024
20
-3.8717716720952033
30
0
10
15.134076632043714
20
-3.8669049688722827
30
0
10
15.1636523860689
20
-3.8618912881180529
30
0
10
15.193243333118291
20
-3.8567315804609952
30
0
10
15.222848943121694
20
-3.8514267979955088
30
0
10
15.252468674205
20
-3.8459779256801974
30
0
10
15.282101984674089
20
-3.8403859537018636
30
0
10
15.311748342183911
20
-3.8346518595650996
30
0
10
15.341407233276236
20
-3.8287765882466229
30
0
10
15.371078174200996
20
-3.8227610321891277
30
0
10
15.400760716595181
20
-3.8166060183563881
30
0
10
15.430454427749275
20
-3.8103123299628323
30
0
10
15.460158873782351
20
-3.8038807247148854
30
0
10
15.489873602493955
20
-3.7973119545267786
30
0
10
15.51959812418529
20
-3.7906067875989544
30
0
10
15.549331899275426
20
-3.7837660247209257
30
0
10
15.579074376546949
20
-3.776790467342845
30
0
10
15.608825026408359
20
-3.76968089128128
30
0
10
15.638583375518401
20
-3.7624380193685685
30
0
10
15.668349042015137
20
-3.7550624951053702
30
0
10
15.698121767181918
20
-3.747554857852748
30
0
10
15.727901389957387
20
-3.739915537085563
30
0
10
15.751730537934268
20
-3.7336989842835862
30
0
10
15.769605449535465
20
-3.7289775393777629
30
0
10
15.781523412653407
20
-3.725803682463579
30
0
10
15.787482733058118
20
-3.7242101972622277
30
0
0
ARC
5
187
100
AcDbEntity
8
0
100
AcDbCircle
10
0
20
0
30
0
40
16.220800000000004
210
-0
220
0
230
1
100
AcDbArc
50
346.72678700657127
51
349.27321299342861
0
SPLINE
5
188
100
AcDbEntity
8
0
100
AcDbSpline
70
4
71
5
72
81
73
75
74
0
42
0.000000001
43
0.0000000001
44
0.0000000001
40
-1
40
-1
40
-1
40
-1
40
-1
40
-1
40
-0.9857142857142841
40
-0.97142857142856986
40
-0.95714285714285563
40
-0.94285714285714139
40
-0.92857142857142716
40
-0.91428571428571292
40
-0.89999999999999869
40
-0.88571428571428445
40
-0.87142857142857022
40
-0.85714285714285599
40
-0.84285714285714175
40
-0.82857142857142752
40
-0.81428571428571328
40
-0.79999999999999905
40
-0.78571428571428481
40
-0.77142857142857058
40
-0.75714285714285634
40
-0.74285714285714211
40
-0.72857142857142787
40
-0.71428571428571364
40
-0.6999999999999994
40
-0.68571428571428517
40
-0.67142857142857093
40
-0.6571428571428567
40
-0.64285714285714246
40
-0.62857142857142823
40
-0.61428571428571399
40
-0.59999999999999976
40
-0.58571428571428552
40
-0.57142857142857129
40
-0.55714285714285705
40
-0.54285714285714282
40
-0.52857142857142858
40
-0.51428571428571435
40
-0.50000000000000011
40
-0.48571428571428582
40
-0.47142857142857153
40
-0.45714285714285724
40
-0.44285714285714295
40
-0.42857142857142866
40
-0.41428571428571437
40
-0.40000000000000008
40
-0.38571428571428579
40
-0.3714285714285715
40
-0.35714285714285721
40
-0.34285714285714292
40
-0.32857142857142863
40
-0.31428571428571433
40
-0.30000000000000004
40
-0.28571428571428575
40
-0.27142857142857146
40
-0.25714285714285717
40
-0.24285714285714291
40
-0.22857142857142862
40
-0.21428571428571433
40
-0.20000000000000004
40
-0.18571428571428575
40
-0.17142857142857146
40
-0.15714285714285717
40
-0.14285714285714288
40
-0.12857142857142859
40
-0.1142857142857143
40
-0.10000000000000001
40
-0.085714285714285715
40
-0.071428571428571425
40
-0.057142857142857141
40
-0.042857142857142858
40
-0.028571428571428571
40
-0.014285714285714285
40
-0.014008970433922333
40
-0.014008970433922333
40
-0.014008970433922333
40
-0.014008970433922333
40
-0.014008970433922333
40
-0.014008970433922333
41
1
41
1
41
1
41
1
41
1
41
1
41
1
41
1
41
1
41
1
41
1
41
1
41
1
41
1
41
1
41
1
41
1
41
1
41
1
41
1
41
1
41
1
41
1
41
1
41
1
41
1
41
1
41
1
41
1
41
1
41
1
41
1
41
1
41
1
41
1
41
1
41
1
41
1
41
1
41
1
41
1
41
1
41
1
41
1
41
1
41
1
41
1
41
1
41
1
41
1
41
1
41
1
41
1
41
1
41
1
41
1
41
1
41
1
41
1
41
1
41
1
41
1
41
1
41
1
41
1
41
1
41
1
41
1
41
1
41
1
41
1
41
1
41
1
41
1
41
1
10
15.937355892139333
20
-3.019112420446068
30
0
10
15.932559910874566
20
-3.0152328253021272
30
0
10
15.922963233710696
20
-3.0074858904240758
30
0
10
15.908554074063119
20
-2.9959022543369018
30
0
10
15.889313563987525
20
-2.9805309631069883
30
0
10
15.865215716554911
20
-2.9614396325208951
30
0
10
15.841070609890719
20
-2.9424714063215758
30
0
10
15.816878216448661
20
-2.9236267423634028
30
0
10
15.792638553200245
20
-2.9049062386067632
30
0
10
15.768351707258407
20
-2.8863106382360004
30
0
10
15.744017817039516
20
-2.8678407941165514
30
0
10
15.719637050796443
20
-2.8494976303963866
30
0
10
15.69520958611221
20
-2.83128210343697
30
0
10
15.670735590208087
20
-2.8131951642632607
30
0
10
15.646215197990919
20
-2.7952377138397284
30
0
10
15.621648516735306
20
-2.7774106230007001
30
0
10
15.59703563462423
20
-2.7597147604207088
30
0
10
15.572376628395492
20
-2.7421510176005501
30
0
10
15.547671571292618
20
-2.7247203323748947
30
0
10
15.522920542254138
20
-2.7074237167895894
30
0
10
15.498123625990832
20
-2.6902622429660985
30
0
10
15.473280911237159
20
-2.6732370204235383
30
0
10
15.44839249011007
20
-2.656349174069415
30
0
10
15.423458457017443
20
-2.6395998241082452
30
0
10
15.398478908950811
20
-2.6229900559205079
30
0
10
15.373453939554263
20
-2.6065209517916665
30
0
10
15.348383632051384
20
-2.5901936370380092
30
0
10
15.323268052338083
20
-2.5740093230933447
30
0
10
15.29810724349983
20
-2.5579693446622356
30
0
10
15.272901217002751
20
-2.5420752145697016
30
0
10
15.247649965118624
20
-2.5263285662137154
30
0
10
15.222353479270041
20
-2.5107310643425294
30
0
10
15.197011768188236
20
-2.4952843185551381
30
0
10
15.171624873169971
20
-2.4799898100455642
30
0
10
15.146192893456119
20
-2.464848771769879
30
0
10
15.120715955314797
20
-2.4498623313182573
30
0
10
15.095194164031673
20
-2.4350317340013734
30
0
10
15.069627558405932
20
-2.4203585542310222
30
0
10
15.044016072187494
20
-2.4058448755494712
30
0
10
15.018359473029745
20
-2.391493574001136
30
0
10
14.992657430546785
20
-2.3773080094745742
30
0
10
14.966909625361238
20
-2.3632915291519723
30
0
10
14.941115853047863
20
-2.349446994798075
30
0
10
14.915276112464218
20
-2.3357763815796337
30
0
10
14.889390747818609
20
-2.3222801314761159
30
0
10
14.863460282573136
20
-2.3089579159388993
30
0
10
14.837485158221838
20
-2.2958098338391459
30
0
10
14.811465486706282
20
-2.2828375470470244
30
0
10
14.785400837749904
20
-2.2700452570977059
30
0
10
14.759289906765646
20
-2.2574412267722153
30
0
10
14.733130907094537
20
-2.2450359979705876
30
0
10
14.706922167264985
20
-2.2328396748508039
30
0
10
14.680662699629405
20
-2.2208593371952401
30
0
10
14.654352693135239
20
-2.2090968012376386
30
0
10
14.627994269706958
20
-2.1975451751322734
30
0
10
14.601590498216424
20
-2.1861933824774309
30
0
10
14.57514398632985
20
-2.1750326168130001
30
0
10
14.548655535772095
20
-2.1640625052830851
30
0
10
14.522122949477716
20
-2.1532965803658692
30
0
10
14.495539301331661
20
-2.1427702029544045
30
0
10
14.468895348741398
20
-2.1325295939844895
30
0
10
14.442182732224261
20
-2.1226172843247015
30
0
10
14.415397049923078
20
-2.1130581202608507
30
0
10
14.38854065752251
20
-2.1038465564588984
30
0
10
14.361626471403872
20
-2.0949292838620344
30
0
10
14.334671651614377
20
-2.0862348665668073
30
0
10
14.30768993263812
20
-2.0777096479385286
30
0
10
14.280684266318644
20
-2.0693522354337706
30
0
10
14.253639695854584
20
-2.0612468519225251
30
0
10
14.226515099131785
20
-2.0536021044820947
30
0
10
14.204601508029375
20
-2.0480482024357696
30
0
10
14.18805259360564
20
-2.0443378027501358
30
0
10
14.176939472505277
20
-2.0420925543152304
30
0
10
14.171317556118748
20
-2.0410220869468656
30
0
10
14.171210713289405
20
-2.0410017666103282
30
0
0
SPLINE
5
189
100
AcDbEntity
8
0
100
AcDbSpline
70
0
71
3
72
9
73
5
74
0
42
0.000000001
43
0.0000000001
44
0.0000000001
40
-1
40
-1
40
-1
40
-1
40
-0.5
40
0
40
0
40
0
40
0
10
13.92949730877762
20
-1.7097362945999177
30
0
10
13.920329864587888
20
-1.7844249407803812
30
0
10
13.96102799903389
20
-1.9405472525938325
30
0
10
14.097286663776586
20
-2.0269422216365935
30
0
10
14.171210713289407
20
-2.0410017666103291
30
0
0
ARC
5
190
100
AcDbEntity
8
0
100
AcDbCircle
10
0
20
0
30
0
40
14.034033399999988
210
-0
220
0
230
1
100
AcDbArc
50
353.00239450984787
51
354.99760549015218
0
SPLINE
5
191
100
AcDbEntity
8
0
100
AcDbSpline
70
0
71
3
72
14
73
10
74
0
42
0.000000001
43
0.0000000001
44
0.0000000001
40
0
40
0
40
0
40
0
40
0.011719334201607912
40
0.011719334201607912
40
0.023438668403215672
40
0.023438668403215672
40
0.034360691258245021
40
0.034360691258245021
40
0.045282714113274322
40
0.045282714113274322
40
0.045282714113274322
40
0.045282714113274322
10
14.285883886955231
20
-0.94995939923140216
30
0
10
14.246828463927875
20
-0.94911976953223087
30
0
10
14.207982433680673
20
-0.95591655973132994
30
0
10
14.135082211866557
20
-0.98401783804678633
30
0
10
14.101724986153876
20
-1.0050536626260682
30
0
10
14.046882722078312
20
-1.0569017736772777
30
0
10
14.025199706802987
20
-1.0865210865469495
30
0
10
13.993503339450868
20
-1.1520736913502079
30
0
10
13.983753108306676
20
-1.1874628116972337
30
0
10
13.980578535871601
20
-1.2237308832589753
30
0
0
SPLINE
5
192
100
AcDbEntity
8
0
100
AcDbSpline
70
4
71
5
72
81
73
75
74
0
42
0.000000001
43
0.0000000001
44
0.0000000001
40
0.014008970433926432
40
0.014008970433926432
40
0.014008970433926432
40
0.014008970433926432
40
0.014008970433926432
40
0.014008970433926432
40
0.014285714285714285
40
0.028571428571428571
40
0.042857142857142858
40
0.057142857142857141
40
0.071428571428571425
40
0.085714285714285715
40
0.10000000000000001
40
0.1142857142857143
40
0.12857142857142859
40
0.14285714285714288
40
0.15714285714285717
40
0.17142857142857146
40
0.18571428571428575
40
0.20000000000000004
40
0.21428571428571433
40
0.22857142857142862
40
0.24285714285714291
40
0.25714285714285717
40
0.27142857142857146
40
0.28571428571428575
40
0.30000000000000004
40
0.31428571428571433
40
0.32857142857142863
40
0.34285714285714292
40
0.35714285714285721
40
0.3714285714285715
40
0.38571428571428579
40
0.40000000000000008
40
0.41428571428571437
40
0.42857142857142866
40
0.44285714285714295
40
0.45714285714285724
40
0.47142857142857153
40
0.48571428571428582
40
0.50000000000000011
40
0.51428571428571435
40
0.52857142857142858
40
0.54285714285714282
40
0.55714285714285705
40
0.57142857142857129
40
0.58571428571428552
40
0.59999999999999976
40
0.61428571428571399
40
0.62857142857142823
40
0.64285714285714246
40
0.6571428571428567
40
0.67142857142857093
40
0.68571428571428517
40
0.6999999999999994
40
0.71428571428571364
40
0.72857142857142787
40
0.74285714285714211
40
0.75714285714285634
40
0.77142857142857058
40
0.78571428571428481
40
0.79999999999999905
40
0.81428571428571328
40
0.82857142857142752
40
0.84285714285714175
40
0.85714285714285599
40
0.87142857142857022
40
0.88571428571428445
40
0.89999999999999869
40
0.91428571428571292
40
0.92857142857142716
40
0.94285714285714139
40
0.95714285714285563
40
0.97142857142856986
40
0.9857142857142841
40
1
40
1
40
1
40
1
40
1
40
1
41
1
41
1
41
1
41
1
41
1
41
1
41
1
41
1
41
1
41
1
41
1
41
1
41
1
41
1
41
1
41
1
41
1
41
1
41
1
41
1
41
1
41
1
41
1
41
1
41
1
41
1
41
1
41
1
41
1
41
1
41
1
41
1
41
1
41
1
41
1
41
1
41
1
41
1
41
1
41
1
41
1
41
1
41
1
41
1
41
1
41
1
41
1
41
1
41
1
41
1
41
1
41
1
41
1
41
1
41
1
41
1
41
1
41
1
41
1
41
1
41
1
41
1
41
1
41
1
41
1
41
1
41
1
41
1
41
1
41
1
41
1
41
1
41
1
41
1
41
1
10
14.285883886955229
20
-0.94995939923140216
30
0
10
14.285992619847931
20
-0.94996173681627294
30
0
10
14.291714246553457
20
-0.95008352386980144
30
0
10
14.303051332692846
20
-0.95019788729838606
30
0
10
14.320010049103429
20
-0.95000928152715702
30
0
10
14.342599496828793
20
-0.94913283734382459
30
0
10
14.370720788400288
20
-0.94729466674413954
30
0
10
14.398859574103135
20
-0.94498928768221135
30
0
10
14.427012705584472
20
-0.94242929843848022
30
0
10
14.455177301884369
20
-0.93970019110502234
30
0
10
14.483350765190202
20
-0.93679998984603829
30
0
10
14.511530816990948
20
-0.93367335499323689
30
0
10
14.53971552458707
20
-0.93024684391461832
30
0
10
14.567903337427303
20
-0.92646562701748869
30
0
10
14.59609310424414
20
-0.92232379037227974
30
0
10
14.62428396487031
20
-0.91784655251141323
30
0
10
14.65247525344893
20
-0.91307725293612307
30
0
10
14.680666400726796
20
-0.90806302418689921
30
0
10
14.708856829523661
20
-0.90283989445673674
30
0
10
14.737045875333408
20
-0.89742155730229145
30
0
10
14.765232831471877
20
-0.89180748132749232
30
0
10
14.793416978222639
20
-0.88598851035021853
30
0
10
14.821597616689443
20
-0.87995317196037537
30
0
10
14.849774104212273
20
-0.87369428374269142
30
0
10
14.8779458783564
20
-0.8672135829574662
30
0
10
14.906112433217418
20
-0.86051820002032098
30
0
10
14.934273302968691
20
-0.85361836580763018
30
0
10
14.962428043442131
20
-0.84652476332090443
30
0
10
14.990576212787678
20
-0.83924574601848156
30
0
10
15.018717358331028
20
-0.83178551308143611
30
0
10
15.046851025054584
20
-0.82414566679012702
30
0
10
15.074976760555526
20
-0.81632621206337019
30
0
10
15.103094121119767
20
-0.80832671869822958
30
0
10
15.131202678168073
20
-0.80014754745093175
30
0
10
15.159302022157661
20
-0.79179063056361854
30
0
10
15.187391758052247
20
-0.78325880976701012
30
0
10
15.215471502331736
20
-0.77455542550162071
30
0
10
15.243540879602197
20
-0.76568383292547004
30
0
10
15.271599519169651
20
-0.75664689354208392
30
0
10
15.299647052643655
20
-0.74744665913749675
30
0
10
15.327683114734272
20
-0.73808466165202535
30
0
10
15.355707343541923
20
-0.72856209729319554
30
0
10
15.383719381118572
20
-0.71888004275801387
30
0
10
15.411718874046016
20
-0.70903968342616308
30
0
10
15.439705473972374
20
-0.69904245953794797
30
0
10
15.467678837702765
20
-0.68888994370343681
30
0
10
15.495638627506533
20
-0.67858376607547788
30
0
10
15.523584511340482
20
-0.66812552596517083
30
0
10
15.551516163455046
20
-0.6575167007547339
30
0
10
15.579433264205594
20
-0.64675858702426536
30
0
10
15.607335497264943
20
-0.63585235603430212
30
0
10
15.635222547261742
20
-0.62479909120711774
30
0
10
15.663094097578437
20
-0.61359983170794385
30
0
10
15.690949827679706
20
-0.6022556190334144
30
0
10
15.718789412317097
20
-0.59076752928038934
30
0
10
15.746612527505215
20
-0.57913664362225559
30
0
10
15.774418855766662
20
-0.56736402888354409
30
0
10
15.80220809133521
20
-0.55545071614493013
30
0
10
15.829979946581156
20
-0.5433976789243905
30
0
10
15.857734154874734
20
-0.53120581933446931
30
0
10
15.88547045580161
20
-0.51887599343984403
30
0
10
15.913188582498217
20
-0.50640903259815573
30
0
10
15.940888248977522
20
-0.4938057663102674
30
0
10
15.968569135959687
20
-0.48106704780370046
30
0
10
15.996230882148406
20
-0.46819377255398476
30
0
10
16.023873115002548
20
-0.45518683910220237
30
0
10
16.051495477804803
20
-0.44204711641973371
30
0
10
16.079097657842844
20
-0.42877540995648
30
0
10
16.106679415390637
20
-0.41537242854462531
30
0
10
16.134240609524593
20
-0.40183875354911303
30
0
10
16.16178117199577
20
-0.38817483854629353
30
0
10
16.18379710191277
20
-0.37713977389158437
30
0
10
16.200299760215341
20
-0.36880510079073336
30
0
10
16.211297405287347
20
-0.36322271640209791
30
0
10
16.216795196040714
20
-0.36042504029412392
30
0
0
ARC
5
193
100
AcDbEntity
8
0
100
AcDbCircle
10
0
20
0
30
0
40
16.220800000000008
210
-0
220
0
230
1
100
AcDbArc
50
-1.2732129934285463
51
1.2732129934285707
0
SPLINE
5
194
100
AcDbEntity
8
0
100
AcDbSpline
70
4
71
5
72
81
73
75
74
0
42
0.000000001
43
0.0000000001
44
0.0000000001
40
-1
40
-1
40
-1
40
-1
40
-1
40
-1
40
-0.9857142857142841
40
-0.97142857142856986
40
-0.95714285714285563
40
-0.94285714285714139
40
-0.92857142857142716
40
-0.91428571428571292
40
-0.89999999999999869
40
-0.88571428571428445
40
-0.87142857142857022
40
-0.85714285714285599
40
-0.84285714285714175
40
-0.82857142857142752
40
-0.81428571428571328
40
-0.79999999999999905
40
-0.78571428571428481
40
-0.77142857142857058
40
-0.75714285714285634
40
-0.74285714285714211
40
-0.72857142857142787
40
-0.71428571428571364
40
-0.6999999999999994
40
-0.68571428571428517
40
-0.67142857142857093
40
-0.6571428571428567
40
-0.64285714285714246
40
-0.62857142857142823
40
-0.61428571428571399
40
-0.59999999999999976
40
-0.58571428571428552
40
-0.57142857142857129
40
-0.55714285714285705
40
-0.54285714285714282
40
-0.52857142857142858
40
-0.51428571428571435
40
-0.50000000000000011
40
-0.48571428571428582
40
-0.47142857142857153
40
-0.45714285714285724
40
-0.44285714285714295
40
-0.42857142857142866
40
-0.41428571428571437
40
-0.40000000000000008
40
-0.38571428571428579
40
-0.3714285714285715
40
-0.35714285714285721
40
-0.34285714285714292
40
-0.32857142857142863
40
-0.31428571428571433
40
-0.30000000000000004
40
-0.28571428571428575
40
-0.27142857142857146
40
-0.25714285714285717
40
-0.24285714285714291
40
-0.22857142857142862
40
-0.21428571428571433
40
-0.20000000000000004
40
-0.18571428571428575
40
-0.17142857142857146
40
-0.15714285714285717
40
-0.14285714285714288
40
-0.12857142857142859
40
-0.1142857142857143
40
-0.10000000000000001
40
-0.085714285714285715
40
-0.071428571428571425
40
-0.057142857142857141
40
-0.042857142857142858
40
-0.028571428571428571
40
-0.014285714285714285
40
-0.014008970433927558
40
-0.014008970433927558
40
-0.014008970433927558
40
-0.014008970433927558
40
-0.014008970433927558
40
-0.014008970433927558
41
1
41
1
41
1
41
1
41
1
41
1
41
1
41
1
41
1
41
1
41
1
41
1
41
1
41
1
41
1
41
1
41
1
41
1
41
1
41
1
41
1
41
1
41
1
41
1
41
1
41
1
41
1
41
1
41
1
41
1
41
1
41
1
41
1
41
1
41
1
41
1
41
1
41
1
41
1
41
1
41
1
41
1
41
1
41
1
41
1
41
1
41
1
41
1
41
1
41
1
41
1
41
1
41
1
41
1
41
1
41
1
41
1
41
1
41
1
41
1
41
1
41
1
41
1
41
1
41
1
41
1
41
1
41
1
41
1
41
1
41
1
41
1
41
1
41
1
41
1
10
16.21679519604071
20
0.36042504029412004
30
0
10
16.211297405287347
20
0.36322271640209458
30
0
10
16.200299760215341
20
0.36880510079072948
30
0
10
16.18379710191277
20
0.37713977389158104
30
0
10
16.16178117199577
20
0.38817483854628909
30
0
10
16.134240609524596
20
0.40183875354911025
30
0
10
16.106679415390637
20
0.41537242854462142
30
0
10
16.079097657842841
20
0.42877540995647667
30
0
10
16.051495477804803
20
0.44204711641973093
30
0
10
16.023873115002552
20
0.45518683910219848
30
0
10
15.996230882148406
20
0.46819377255398198
30
0
10
15.968569135959685
20
0.48106704780369713
30
0
10
15.940888248977526
20
0.49380576631026352
30
0
10
15.913188582498217
20
0.5064090325981524
30
0
10
15.885470455801606
20
0.51887599343984014
30
0
10
15.857734154874734
20
0.53120581933446653
30
0
10
15.829979946581156
20
0.54339767892438662
30
0
10
15.802208091335208
20
0.5554507161449268
30
0
10
15.774418855766665
20
0.56736402888354132
30
0
10
15.746612527505215
20
0.57913664362225226
30
0
10
15.718789412317095
20
0.59076752928038601
30
0
10
15.690949827679708
20
0.60225561903341163
30
0
10
15.663094097578437
20
0.61359983170793941
30
0
10
15.635222547261741
20
0.62479909120711441
30
0
10
15.607335497264943
20
0.63585235603429768
30
0
10
15.579433264205594
20
0.64675858702426203
30
0
10
15.551516163455046
20
0.65751670075473057
30
0
10
15.523584511340482
20
0.66812552596516805
30
0
10
15.495638627506537
20
0.67858376607547566
30
0
10
15.467678837702763
20
0.68888994370343348
30
0
10
15.439705473972374
20
0.69904245953794431
30
0
10
15.411718874046015
20
0.70903968342616008
30
0
10
15.383719381118572
20
0.71888004275801054
30
0
10
15.355707343541923
20
0.72856209729319277
30
0
10
15.327683114734272
20
0.73808466165202258
30
0
10
15.299647052643657
20
0.74744665913749397
30
0
10
15.27159951916965
20
0.75664689354208026
30
0
10
15.243540879602197
20
0.76568383292546649
30
0
10
15.215471502331738
20
0.77455542550161649
30
0
10
15.187391758052248
20
0.78325880976700735
30
0
10
15.159302022157659
20
0.79179063056361632
30
0
10
15.131202678168073
20
0.80014754745092787
30
0
10
15.103094121119764
20
0.8083267186982257
30
0
10
15.074976760555526
20
0.81632621206336609
30
0
10
15.046851025054584
20
0.82414566679012458
30
0
10
15.018717358331031
20
0.83178551308143356
30
0
10
14.990576212787676
20
0.83924574601847857
30
0
10
14.962428043442131
20
0.84652476332090143
30
0
10
14.934273302968688
20
0.85361836580762707
30
0
10
14.906112433217418
20
0.86051820002031798
30
0
10
14.8779458783564
20
0.86721358295746398
30
0
10
14.849774104212273
20
0.87369428374268754
30
0
10
14.821597616689445
20
0.87995317196037171
30
0
10
14.793416978222638
20
0.88598851035021609
30
0
10
14.765232831471877
20
0.89180748132748899
30
0
10
14.737045875333408
20
0.89742155730228723
30
0
10
14.708856829523667
20
0.90283989445673374
30
0
10
14.680666400726794
20
0.90806302418689588
30
0
10
14.65247525344893
20
0.91307725293611952
30
0
10
14.624283964870312
20
0.91784655251141012
30
0
10
14.596093104244144
20
0.92232379037227608
30
0
10
14.567903337427307
20
0.92646562701748536
30
0
10
14.539715524587072
20
0.93024684391461554
30
0
10
14.511530816990945
20
0.93367335499323301
30
0
10
14.483350765190202
20
0.93679998984603463
30
0
10
14.455177301884369
20
0.93970019110501934
30
0
10
14.427012705584472
20
0.94242929843847745
30
0
10
14.398859574103135
20
0.94498928768220769
30
0
10
14.370720788400288
20
0.94729466674413676
30
0
10
14.342599496828793
20
0.94913283734382126
30
0
10
14.320010049103429
20
0.95000928152715391
30
0
10
14.303051332692851
20
0.95019788729838206
30
0
10
14.291714246553459
20
0.95008352386979744
30
0
10
14.285992619847931
20
0.94996173681626928
30
0
10
14.285883886955229
20
0.94995939923139838
30
0
0
SPLINE
5
195
100
AcDbEntity
8
0
100
AcDbSpline
70
0
71
3
72
9
73
5
74
0
42
0.000000001
43
0.0000000001
44
0.0000000001
40
-1
40
-1
40
-1
40
-1
40
-0.5
40
0
40
0
40
0
40
0
10
13.980578535871599
20
1.2237308832589751
30
0
10
13.987140065044819
20
1.148768344373533
30
0
10
14.059408501431033
20
1.0045192975979857
30
0
10
14.210652111520121
20
0.94834203528856065
30
0
10
14.285883886955231
20
0.94995939923139838
30
0
0
ARC
5
196
100
AcDbEntity
8
0
100
AcDbCircle
10
0
20
0
30
0
40
14.034033399999997
210
0
220
-0
230
1
100
AcDbArc
50
5.002394509847802
51
6.9976054901520932
0
SPLINE
5
197
100
AcDbEntity
8
0
100
AcDbSpline
70
0
71
3
72
14
73
10
74
0
42
0.000000001
43
0.0000000001
44
0.0000000001
40
0
40
0
40
0
40
0
40
0.01171933420160777
40
0.01171933420160777
40
0.023438668403215689
40
0.023438668403215689
40
0.034360691258243897
40
0.034360691258243897
40
0.045282714113272123
40
0.045282714113272123
40
0.045282714113272123
40
0.045282714113272123
10
14.171210713289399
20
2.0410017666103171
30
0
10
14.132834176129132
20
2.0337029693488429
30
0
10
14.096250156987228
20
2.018978161492647
30
0
10
14.030785564215499
20
1.9763341551524627
30
0
10
14.00253086777353
20
1.9488226566118663
30
0
10
13.959666867183579
20
1.8867052033323204
30
0
10
13.944615879234943
20
1.8532249911455489
30
0
10
13.927241306459647
20
1.7825148227064376
30
0
10
13.92506195310726
20
1.7458718525038643
30
0
10
13.929497308777638
20
1.7097362945999088
30
0
0
SPLINE
5
198
100
AcDbEntity
8
0
100
AcDbSpline
70
4
71
5
72
81
73
75
74
0
42
0.000000001
43
0.0000000001
44
0.0000000001
40
0.014008970433918824
40
0.014008970433918824
40
0.014008970433918824
40
0.014008970433918824
40
0.014008970433918824
40
0.014008970433918824
40
0.014285714285714285
40
0.028571428571428571
40
0.042857142857142858
40
0.057142857142857141
40
0.071428571428571425
40
0.085714285714285715
40
0.10000000000000001
40
0.1142857142857143
40
0.12857142857142859
40
0.14285714285714288
40
0.15714285714285717
40
0.17142857142857146
40
0.18571428571428575
40
0.20000000000000004
40
0.21428571428571433
40
0.22857142857142862
40
0.24285714285714291
40
0.25714285714285717
40
0.27142857142857146
40
0.28571428571428575
40
0.30000000000000004
40
0.31428571428571433
40
0.32857142857142863
40
0.34285714285714292
40
0.35714285714285721
40
0.3714285714285715
40
0.38571428571428579
40
0.40000000000000008
40
0.41428571428571437
40
0.42857142857142866
40
0.44285714285714295
40
0.45714285714285724
40
0.47142857142857153
40
0.48571428571428582
40
0.50000000000000011
40
0.51428571428571435
40
0.52857142857142858
40
0.54285714285714282
40
0.55714285714285705
40
0.57142857142857129
40
0.58571428571428552
40
0.59999999999999976
40
0.61428571428571399
40
0.62857142857142823
40
0.64285714285714246
40
0.6571428571428567
40
0.67142857142857093
40
0.68571428571428517
40
0.6999999999999994
40
0.71428571428571364
40
0.72857142857142787
40
0.74285714285714211
40
0.75714285714285634
40
0.77142857142857058
40
0.78571428571428481
40
0.79999999999999905
40
0.81428571428571328
40
0.82857142857142752
40
0.84285714285714175
40
0.85714285714285599
40
0.87142857142857022
40
0.88571428571428445
40
0.89999999999999869
40
0.91428571428571292
40
0.92857142857142716
40
0.94285714285714139
40
0.95714285714285563
40
0.97142857142856986
40
0.9857142857142841
40
1
40
1
40
1
40
1
40
1
40
1
41
1
41
1
41
1
41
1
41
1
41
1
41
1
41
1
41
1
41
1
41
1
41
1
41
1
41
1
41
1
41
1
41
1
41
1
41
1
41
1
41
1
41
1
41
1
41
1
41
1
41
1
41
1
41
1
41
1
41
1
41
1
41
1
41
1
41
1
41
1
41
1
41
1
41
1
41
1
41
1
41
1
41
1
41
1
41
1
41
1
41
1
41
1
41
1
41
1
41
1
41
1
41
1
41
1
41
1
41
1
41
1
41
1
41
1
41
1
41
1
41
1
41
1
41
1
41
1
41
1
41
1
41
1
41
1
41
1
41
1
41
1
41
1
41
1
41
1
41
1
10
14.171210713289399
20
2.0410017666103171
30
0
10
14.171317556118744
20
2.0410220869468541
30
0
10
14.176939472505268
20
2.0420925543152193
30
0
10
14.188052593605633
20
2.0443378027501251
30
0
10
14.204601508029375
20
2.0480482024357598
30
0
10
14.226515099131785
20
2.0536021044820854
30
0
10
14.253639695854584
20
2.0612468519225153
30
0
10
14.280684266318646
20
2.0693522354337595
30
0
10
14.30768993263812
20
2.0777096479385184
30
0
10
14.334671651614379
20
2.0862348665667962
30
0
10
14.361626471403872
20
2.094929283862025
30
0
10
14.38854065752251
20
2.1038465564588886
30
0
10
14.415397049923079
20
2.1130581202608405
30
0
10
14.442182732224257
20
2.1226172843246904
30
0
10
14.468895348741398
20
2.1325295939844806
30
0
10
14.495539301331661
20
2.1427702029543951
30
0
10
14.522122949477716
20
2.1532965803658595
30
0
10
14.548655535772095
20
2.1640625052830753
30
0
10
14.57514398632985
20
2.1750326168129903
30
0
10
14.601590498216424
20
2.1861933824774211
30
0
10
14.627994269706958
20
2.1975451751322623
30
0
10
14.654352693135241
20
2.2090968012376289
30
0
10
14.680662699629405
20
2.220859337195229
30
0
10
14.706922167264985
20
2.2328396748507942
30
0
10
14.733130907094537
20
2.245035997970577
30
0
10
14.759289906765645
20
2.257441226772205
30
0
10
14.785400837749908
20
2.2700452570976948
30
0
10
14.811465486706281
20
2.2828375470470137
30
0
10
14.837485158221838
20
2.2958098338391362
30
0
10
14.863460282573133
20
2.3089579159388887
30
0
10
14.889390747818609
20
2.3222801314761057
30
0
10
14.915276112464218
20
2.3357763815796244
30
0
10
14.941115853047863
20
2.3494469947980661
30
0
10
14.966909625361238
20
2.3632915291519616
30
0
10
14.992657430546785
20
2.3773080094745631
30
0
10
15.018359473029745
20
2.3914935740011254
30
0
10
15.044016072187492
20
2.4058448755494606
30
0
10
15.069627558405932
20
2.4203585542310129
30
0
10
15.095194164031671
20
2.4350317340013632
30
0
10
15.120715955314797
20
2.4498623313182466
30
0
10
15.146192893456119
20
2.4648487717698679
30
0
10
15.171624873169973
20
2.4799898100455526
30
0
10
15.197011768188238
20
2.495284318555127
30
0
10
15.222353479270041
20
2.5107310643425196
30
0
10
15.247649965118622
20
2.5263285662137056
30
0
10
15.272901217002753
20
2.5420752145696901
30
0
10
15.298107243499832
20
2.5579693446622249
30
0
10
15.323268052338083
20
2.5740093230933336
30
0
10
15.348383632051384
20
2.590193637037999
30
0
10
15.373453939554263
20
2.6065209517916541
30
0
10
15.398478908950807
20
2.6229900559204964
30
0
10
15.423458457017444
20
2.6395998241082355
30
0
10
15.44839249011007
20
2.6563491740694039
30
0
10
15.473280911237159
20
2.6732370204235267
30
0
10
15.498123625990832
20
2.690262242966087
30
0
10
15.522920542254138
20
2.7074237167895792
30
0
10
15.547671571292618
20
2.7247203323748841
30
0
10
15.572376628395492
20
2.7421510176005399
30
0
10
15.59703563462423
20
2.7597147604206973
30
0
10
15.621648516735307
20
2.7774106230006885
30
0
10
15.646215197990918
20
2.7952377138397182
30
0
10
15.670735590208089
20
2.8131951642632504
30
0
10
15.695209586112206
20
2.8312821034369589
30
0
10
15.719637050796443
20
2.8494976303963773
30
0
10
15.744017817039515
20
2.8678407941165407
30
0
10
15.768351707258407
20
2.8863106382359893
30
0
10
15.79263855320024
20
2.9049062386067517
30
0
10
15.816878216448657
20
2.9236267423633917
30
0
10
15.841070609890721
20
2.9424714063215651
30
0
10
15.865215716554912
20
2.9614396325208836
30
0
10
15.889313563987525
20
2.9805309631069772
30
0
10
15.908554074063122
20
2.9959022543368912
30
0
10
15.922963233710696
20
3.0074858904240647
30
0
10
15.932559910874565
20
3.0152328253021166
30
0
10
15.937355892139335
20
3.0191124204460569
30
0
0
ARC
5
199
100
AcDbEntity
8
0
100
AcDbCircle
10
0
20
0
30
0
40
16.220800000000001
210
0
220
-0
230
1
100
AcDbArc
50
10.726787006571222
51
13.273212993428579
0
SPLINE
5
200
100
AcDbEntity
8
0
100
AcDbSpline
70
4
71
5
72
81
73
75
74
0
42
0.000000001
43
0.0000000001
44
0.0000000001
40
-1
40
-1
40
-1
40
-1
40
-1
40
-1
40
-0.9857142857142841
40
-0.97142857142856986
40
-0.95714285714285563
40
-0.94285714285714139
40
-0.92857142857142716
40
-0.91428571428571292
40
-0.89999999999999869
40
-0.88571428571428445
40
-0.87142857142857022
40
-0.85714285714285599
40
-0.84285714285714175
40
-0.82857142857142752
40
-0.81428571428571328
40
-0.79999999999999905
40
-0.78571428571428481
40
-0.77142857142857058
40
-0.75714285714285634
40
-0.74285714285714211
40
-0.72857142857142787
40
-0.71428571428571364
40
-0.6999999999999994
40
-0.68571428571428517
40
-0.67142857142857093
40
-0.6571428571428567
40
-0.64285714285714246
40
-0.62857142857142823
40
-0.61428571428571399
40
-0.59999999999999976
40
-0.58571428571428552
40
-0.57142857142857129
40
-0.55714285714285705
40
-0.54285714285714282
40
-0.52857142857142858
40
-0.51428571428571435
40
-0.50000000000000011
40
-0.48571428571428582
40
-0.47142857142857153
40
-0.45714285714285724
40
-0.44285714285714295
40
-0.42857142857142866
40
-0.41428571428571437
40
-0.40000000000000008
40
-0.38571428571428579
40
-0.3714285714285715
40
-0.35714285714285721
40
-0.34285714285714292
40
-0.32857142857142863
40
-0.31428571428571433
40
-0.30000000000000004
40
-0.28571428571428575
40
-0.27142857142857146
40
-0.25714285714285717
40
-0.24285714285714291
40
-0.22857142857142862
40
-0.21428571428571433
40
-0.20000000000000004
40
-0.18571428571428575
40
-0.17142857142857146
40
-0.15714285714285717
40
-0.14285714285714288
40
-0.12857142857142859
40
-0.1142857142857143
40
-0.10000000000000001
40
-0.085714285714285715
40
-0.071428571428571425
40
-0.057142857142857141
40
-0.042857142857142858
40
-0.028571428571428571
40
-0.014285714285714285
40
-0.014008970433924975
40
-0.014008970433924975
40
-0.014008970433924975
40
-0.014008970433924975
40
-0.014008970433924975
40
-0.014008970433924975
41
1
41
1
41
1
41
1
41
1
41
1
41
1
41
1
41
1
41
1
41
1
41
1
41
1
41
1
41
1
41
1
41
1
41
1
41
1
41
1
41
1
41
1
41
1
41
1
41
1
41
1
41
1
41
1
41
1
41
1
41
1
41
1
41
1
41
1
41
1
41
1
41
1
41
1
41
1
41
1
41
1
41
1
41
1
41
1
41
1
41
1
41
1
41
1
41
1
41
1
41
1
41
1
41
1
41
1
41
1
41
1
41
1
41
1
41
1
41
1
41
1
41
1
41
1
41
1
41
1
41
1
41
1
41
1
41
1
41
1
41
1
41
1
41
1
41
1
41
1
10
15.787482733058116
20
3.724210197262217
30
0
10
15.781523412653407
20
3.7258036824635674
30
0
10
15.769605449535467
20
3.7289775393777509
30
0
10
15.751730537934268
20
3.7336989842835751
30
0
10
15.727901389957385
20
3.7399155370855515
30
0
10
15.69812176718192
20
3.7475548578527365
30
0
10
15.668349042015137
20
3.7550624951053599
30
0
10
15.638583375518401
20
3.7624380193685574
30
0
10
15.608825026408358
20
3.7696808912812685
30
0
10
15.579074376546949
20
3.7767904673428339
30
0
10
15.549331899275426
20
3.7837660247209159
30
0
10
15.519598124185292
20
3.7906067875989438
30
0
10
15.489873602493953
20
3.797311954526768
30
0
10
15.460158873782353
20
3.8038807247148743
30
0
10
15.430454427749273
20
3.8103123299628212
30
0
10
15.400760716595183
20
3.8166060183563784
30
0
10
15.371078174200999
20
3.822761032189117
30
0
10
15.341407233276236
20
3.8287765882466123
30
0
10
15.311748342183913
20
3.8346518595650898
30
0
10
15.282101984674089
20
3.8403859537018521
30
0
10
15.252468674205
20
3.8459779256801863
30
0
10
15.222848943121694
20
3.8514267979954986
30
0
10
15.193243333118287
20
3.8567315804609841
30
0
10
15.163652386068902
20
3.8618912881180418
30
0
10
15.134076632043714
20
3.8669049688722721
30
0
10
15.104516596796024
20
3.8717716720951936
30
0
10
15.07497281406172
20
3.8764904036092975
30
0
10
15.045445836774237
20
3.8810600835170179
30
0
10
15.015936247167364
20
3.8854795100294997
30
0
10
14.986444671037287
20
3.8897473057760132
30
0
10
14.956971765686744
20
3.8938619754299064
30
0
10
14.927518200393997
20
3.8978219946792341
30
0
10
14.898084637818316
20
3.9016258966334574
30
0
10
14.86867171814205
20
3.9052723449514075
30
0
10
14.839280033514669
20
3.9087602536365673
30
0
10
14.809910157920072
20
3.9120886439419262
30
0
10
14.780562694054993
20
3.9152564210431127
30
0
10
14.751238317735218
20
3.9182621624244343
30
0
10
14.72193781589127
20
3.9211039377289802
30
0
10
14.692662146056616
20
3.9237790250555564
30
0
10
14.663412372998501
20
3.9262842206131818
30
0
10
14.634189566372825
20
3.9286163366962934
30
0
10
14.604994703412423
20
3.9307726758054686
30
0
10
14.575828586446313
20
3.9327514330714228
30
0
10
14.546691709693679
20
3.9345523447279533
30
0
10
14.517584417728177
20
3.9361759238303744
30
0
10
14.488507154089213
20
3.9376222596271941
30
0
10
14.459460696983976
20
3.9388898794552012
30
0
10
14.430446362253592
20
3.9399747700117826
30
0
10
14.401466318874284
20
3.9408688522475019
30
0
10
14.372523222428912
20
3.9415617689577993
30
0
10
14.343619655683478
20
3.9420436096862987
30
0
10
14.314757595983941
20
3.9423075050175123
30
0
10
14.285937954671198
20
3.942351872591197
30
0
10
14.257159867053506
20
3.9421838714861486
30
0
10
14.228421631506372
20
3.9418148687214805
30
0
10
14.199722048341396
20
3.9412539700322249
30
0
10
14.171061698316523
20
3.9405018421300704
30
0
10
14.142444078467349
20
3.9395452288540209
30
0
10
14.113877244043863
20
3.9383490093160605
30
0
10
14.085371551265908
20
3.9368671992891864
30
0
10
14.056936662228775
20
3.9350575447836817
30
0
10
14.028578661530736
20
3.9328955571913955
30
0
10
14.000297445706241
20
3.9303872605703196
30
0
10
13.972083131709974
20
3.9275866087327334
30
0
10
13.943922340425544
20
3.9245658412437461
30
0
10
13.915805794809042
20
3.9213795621962015
30
0
10
13.887735625105291
20
3.9180302443647621
30
0
10
13.859732424123747
20
3.9144348628499315
30
0
10
13.831843473086163
20
3.9103861197331451
30
0
10
13.809565435999627
20
3.9065468012370279
30
0
10
13.792938094886299
20
3.9032053701166181
30
0
10
13.781872528773548
20
3.9007363930551486
30
0
10
13.776301254291461
20
3.8994276742583658
30
0
10
13.776195383484565
20
3.8994027809157625
30
0
0
SPLINE
5
201
100
AcDbEntity
8
0
100
AcDbSpline
70
0
71
3
72
9
73
5
74
0
42
0.000000001
43
0.0000000001
44
0.0000000001
40
-1
40
-1
40
-1
40
-1
40
-0.5
40
0
40
0
40
0
40
0
10
13.420641394689074
20
4.1037151494071606
30
0
10
13.44264512691467
20
4.0317549404762083
30
0
10
13.543325387788576
20
3.9056835342663891
30
0
10
13.702943871715792
20
3.8821791946216306
30
0
10
13.776195383484565
20
3.8994027809157616
30
0
0
ARC
5
202
100
AcDbEntity
8
0
100
AcDbCircle
10
0
20
0
30
0
40
14.034033400000006
210
0
220
-0
230
1
100
AcDbArc
50
17.002394509847804
51
18.997605490152132
0
SPLINE
5
203
100
AcDbEntity
8
0
100
AcDbSpline
70
0
71
3
72
14
73
10
74
0
42
0.000000001
43
0.0000000001
44
0.0000000001
40
0
40
0
40
0
40
0
40
0.01171933420160781
40
0.01171933420160781
40
0.02343866840321563
40
0.02343866840321563
40
0.034360691258242468
40
0.034360691258242468
40
0.045282714113269257
40
0.045282714113269257
40
0.045282714113269257
40
0.045282714113269257
10
13.437187630439244
20
4.9427613614380839
30
0
10
13.401167217971029
20
4.9276431296798053
30
0
10
13.368444107120524
20
4.9056338489272946
30
0
10
13.31327626022928
20
4.8503108622680955
30
0
10
13.291358958873616
20
4.8175260742672252
30
0
10
13.262346584279353
20
4.747854109540274
30
0
10
13.254585424053413
20
4.71197624396485
30
0
10
13.252291998057672
20
4.6391988855557118
30
0
10
13.257778770696284
20
4.6029035391279258
30
0
10
13.269630208146118
20
4.5684797921598053
30
0
0
SPLINE
5
204
100
AcDbEntity
8
0
100
AcDbSpline
70
4
71
5
72
81
73
75
74
0
42
0.000000001
43
0.0000000001
44
0.0000000001
40
0.014008970433918173
40
0.014008970433918173
40
0.014008970433918173
40
0.014008970433918173
40
0.014008970433918173
40
0.014008970433918173
40
0.014285714285714285
40
0.028571428571428571
40
0.042857142857142858
40
0.057142857142857141
40
0.071428571428571425
40
0.085714285714285715
40
0.10000000000000001
40
0.1142857142857143
40
0.12857142857142859
40
0.14285714285714288
40
0.15714285714285717
40
0.17142857142857146
40
0.18571428571428575
40
0.20000000000000004
40
0.21428571428571433
40
0.22857142857142862
40
0.24285714285714291
40
0.25714285714285717
40
0.27142857142857146
40
0.28571428571428575
40
0.30000000000000004
40
0.31428571428571433
40
0.32857142857142863
40
0.34285714285714292
40
0.35714285714285721
40
0.3714285714285715
40
0.38571428571428579
40
0.40000000000000008
40
0.41428571428571437
40
0.42857142857142866
40
0.44285714285714295
40
0.45714285714285724
40
0.47142857142857153
40
0.48571428571428582
40
0.50000000000000011
40
0.51428571428571435
40
0.52857142857142858
40
0.54285714285714282
40
0.55714285714285705
40
0.57142857142857129
40
0.58571428571428552
40
0.59999999999999976
40
0.61428571428571399
40
0.62857142857142823
40
0.64285714285714246
40
0.6571428571428567
40
0.67142857142857093
40
0.68571428571428517
40
0.6999999999999994
40
0.71428571428571364
40
0.72857142857142787
40
0.74285714285714211
40
0.75714285714285634
40
0.77142857142857058
40
0.78571428571428481
40
0.79999999999999905
40
0.81428571428571328
40
0.82857142857142752
40
0.84285714285714175
40
0.85714285714285599
40
0.87142857142857022
40
0.88571428571428445
40
0.89999999999999869
40
0.91428571428571292
40
0.92857142857142716
40
0.94285714285714139
40
0.95714285714285563
40
0.97142857142856986
40
0.9857142857142841
40
1
40
1
40
1
40
1
40
1
40
1
41
1
41
1
41
1
41
1
41
1
41
1
41
1
41
1
41
1
41
1
41
1
41
1
41
1
41
1
41
1
41
1
41
1
41
1
41
1
41
1
41
1
41
1
41
1
41
1
41
1
41
1
41
1
41
1
41
1
41
1
41
1
41
1
41
1
41
1
41
1
41
1
41
1
41
1
41
1
41
1
41
1
41
1
41
1
41
1
41
1
41
1
41
1
41
1
41
1
41
1
41
1
41
1
41
1
41
1
41
1
41
1
41
1
41
1
41
1
41
1
41
1
41
1
41
1
41
1
41
1
41
1
41
1
41
1
41
1
41
1
41
1
41
1
41
1
41
1
41
1
10
13.437187630439242
20
4.9427613614380812
30
0
10
13.437287913660894
20
4.9428034515998114
30
0
10
13.442564415005382
20
4.9450193888294027
30
0
10
13.45296787434796
20
4.9495261209972972
30
0
10
13.468383719814042
20
4.9565961523266013
30
0
10
13.488663725209237
20
4.9665847800659169
30
0
10
13.5136061520483
20
4.9797019922003756
30
0
10
13.538374529770053
20
4.9932531360075503
30
0
10
13.563052453721934
20
5.0070427127435648
30
0
10
13.587672064782641
20
5.02099144970407
30
0
10
13.612230186087418
20
5.0351000952792972
30
0
10
13.636702227441971
20
5.0494182780179191
30
0
10
13.661056551427816
20
5.0640123050030716
30
0
10
13.685269440341411
20
5.0789316348940927
30
0
10
13.709337437035698
20
5.0941812020717929
30
0
10
13.733270013009991
20
5.1097376183988761
30
0
10
13.757084187737004
20
5.1255610204424702
30
0
10
13.780798611709354
20
5.1416081189481577
30
0
10
13.804427411632936
20
5.1578457657635308
30
0
10
13.827975550122456
20
5.174261180923116
30
0
10
13.851442165451564
20
5.1908545624470399
30
0
10
13.874822875971802
20
5.2076339821888427
30
0
10
13.898112376960107
20
5.2246096364499417
30
0
10
13.921307159965865
20
5.2417878252998023
30
0
10
13.944407417786804
20
5.2591667329093568
30
0
10
13.967415588457568
20
5.2767396395499446
30
0
10
13.990335407696652
20
5.2944970093821624
30
0
10
14.013170814904509
20
5.3124289023390698
30
0
10
14.035924804088609
20
5.3305275074401379
30
0
10
14.05859866967122
20
5.3487888044233411
30
0
10
14.081192647679213
20
5.3672111444604065
30
0
10
14.103706326822712
20
5.3857943390489691
30
0
10
14.126139126769427
20
5.4045386007241856
30
0
10
14.148490802725529
20
5.4234434255999684
30
0
10
14.170761766468743
20
5.4425068819092264
30
0
10
14.192952812951489
20
5.46172621292604
30
0
10
14.21506495049028
20
5.4810982110144728
30
0
10
14.237099200811405
20
5.5006196583986853
30
0
10
14.259056389147402
20
5.5202877901903067
30
0
10
14.280937013493427
20
5.5401005821516378
30
0
10
14.30274136323677
20
5.5600564862087545
30
0
10
14.324469594307152
20
5.5801542623738847
30
0
10
14.3461218176349
20
5.6003927814447874
30
0
10
14.367698192493766
20
5.6207708167751029
30
0
10
14.389198986446981
20
5.6412869109523722
30
0
10
14.41062452560856
20
5.6619394877358706
30
0
10
14.431975164489097
20
5.6827269205394408
30
0
10
14.45325125025046
20
5.703647613265554
30
0
10
14.474453086211101
20
5.7247000837641107
30
0
10
14.495580907727756
20
5.7458830175390707
30
0
10
14.516634902215745
20
5.7671952159288313
30
0
10
14.537615222236536
20
5.788635560904809
30
0
10
14.558522001212179
20
5.8102029743623724
30
0
10
14.579355369933943
20
5.8318963744735361
30
0
10
14.600115468960585
20
5.8537146458844402
30
0
10
14.620802442069568
20
5.8756566691173155
30
0
10
14.641416433147485
20
5.8977213404497668
30
0
10
14.661957582241275
20
5.9199075935763945
30
0
10
14.682426022553567
20
5.9422144221547404
30
0
10
14.702821877428176
20
5.9646408936158855
30
0
10
14.723145257157642
20
5.9871861199857825
30
0
10
14.743396256093584
20
6.009849233238242
30
0
10
14.763574950362246
20
6.0326293592651155
30
0
10
14.783681395325868
20
6.055525588741463
30
0
10
14.803715625146571
20
6.0785369566572376
30
0
10
14.823677664960693
20
6.1016624906281889
30
0
10
14.843567542333229
20
6.124901251719451
30
0
10
14.863385299193261
20
6.1482523769243684
30
0
10
14.883131004848185
20
6.171715121187157
30
0
10
14.902804767020314
20
6.1952888960857244
30
0
10
14.922406707847259
20
6.2189732594981102
30
0
10
14.938030895464934
20
6.2380089781168451
30
0
10
14.949716807038097
20
6.2523353167088782
30
0
10
14.957493095451802
20
6.2619082238482582
30
0
10
14.961377659833037
20
6.2667001811040102
30
0
0
ARC
5
205
100
AcDbEntity
8
0
100
AcDbCircle
10
0
20
0
30
0
40
16.220800000000004
210
0
220
-0
230
1
100
AcDbArc
50
22.726787006571257
51
25.273212993428558
0
SPLINE
5
206
100
AcDbEntity
8
0
100
AcDbSpline
70
4
71
5
72
81
73
75
74
0
42
0.000000001
43
0.0000000001
44
0.0000000001
40
-1
40
-1
40
-1
40
-1
40
-1
40
-1
40
-0.9857142857142841
40
-0.97142857142856986
40
-0.95714285714285563
40
-0.94285714285714139
40
-0.92857142857142716
40
-0.91428571428571292
40
-0.89999999999999869
40
-0.88571428571428445
40
-0.87142857142857022
40
-0.85714285714285599
40
-0.84285714285714175
40
-0.82857142857142752
40
-0.81428571428571328
40
-0.79999999999999905
40
-0.78571428571428481
40
-0.77142857142857058
40
-0.75714285714285634
40
-0.74285714285714211
40
-0.72857142857142787
40
-0.71428571428571364
40
-0.6999999999999994
40
-0.68571428571428517
40
-0.67142857142857093
40
-0.6571428571428567
40
-0.64285714285714246
40
-0.62857142857142823
40
-0.61428571428571399
40
-0.59999999999999976
40
-0.58571428571428552
40
-0.57142857142857129
40
-0.55714285714285705
40
-0.54285714285714282
40
-0.52857142857142858
40
-0.51428571428571435
40
-0.50000000000000011
40
-0.48571428571428582
40
-0.47142857142857153
40
-0.45714285714285724
40
-0.44285714285714295
40
-0.42857142857142866
40
-0.41428571428571437
40
-0.40000000000000008
40
-0.38571428571428579
40
-0.3714285714285715
40
-0.35714285714285721
40
-0.34285714285714292
40
-0.32857142857142863
40
-0.31428571428571433
40
-0.30000000000000004
40
-0.28571428571428575
40
-0.27142857142857146
40
-0.25714285714285717
40
-0.24285714285714291
40
-0.22857142857142862
40
-0.21428571428571433
40
-0.20000000000000004
40
-0.18571428571428575
40
-0.17142857142857146
40
-0.15714285714285717
40
-0.14285714285714288
40
-0.12857142857142859
40
-0.1142857142857143
40
-0.10000000000000001
40
-0.085714285714285715
40
-0.071428571428571425
40
-0.057142857142857141
40
-0.042857142857142858
40
-0.028571428571428571
40
-0.014285714285714285
40
-0.014008970433924458
40
-0.014008970433924458
40
-0.014008970433924458
40
-0.014008970433924458
40
-0.014008970433924458
40
-0.014008970433924458
41
1
41
1
41
1
41
1
41
1
41
1
41
1
41
1
41
1
41
1
41
1
41
1
41
1
41
1
41
1
41
1
41
1
41
1
41
1
41
1
41
1
41
1
41
1
41
1
41
1
41
1
41
1
41
1
41
1
41
1
41
1
41
1
41
1
41
1
41
1
41
1
41
1
41
1
41
1
41
1
41
1
41
1
41
1
41
1
41
1
41
1
41
1
41
1
41
1
41
1
41
1
41
1
41
1
41
1
41
1
41
1
41
1
41
1
41
1
41
1
41
1
41
1
41
1
41
1
41
1
41
1
41
1
41
1
41
1
41
1
41
1
41
1
41
1
41
1
41
1
10
14.668181517893654
20
6.9252294978667015
30
0
10
14.662021118735279
20
6.92554914921174
30
0
10
14.64970370974839
20
6.9261757658744649
30
0
10
14.631237764258875
20
6.9270776327868706
30
0
10
14.60663684633364
20
6.9282039805483393
30
0
10
14.575919675667654
20
6.9294848321048352
30
0
10
14.545236630423219
20
6.9306383118409904
30
0
10
14.514587957434966
20
6.9316640331535373
30
0
10
14.48397402190543
20
6.9325615222579637
30
0
10
14.453395331143264
20
6.933330229109206
30
0
10
14.422852498431373
20
6.9339695450837269
30
0
10
14.392346203089746
20
6.9344788214266728
30
0
10
14.361877150921224
20
6.9348573888060505
30
0
10
14.33144603620911
20
6.9351045761166974
30
0
10
14.301053497668958
20
6.9352197337593013
30
0
10
14.27070013395131
20
6.9352022202685237
30
0
10
14.240386526991795
20
6.9350513847045558
30
0
10
14.210113262883601
20
6.9347665509334542
30
0
10
14.179880952127375
20
6.9343470032824968
30
0
10
14.149690253451368
20
6.9337919693882988
30
0
10
14.119541865565207
20
6.933100631678121
30
0
10
14.08943651241556
20
6.9322721446889517
30
0
10
14.059374929730652
20
6.9313056524964809
30
0
10
14.029357852327751
20
6.9302003043277836
30
0
10
13.999385996645286
20
6.9289552791017917
30
0
10
13.969460074594362
20
6.9275697562737948
30
0
10
13.939580814948592
20
6.9260428743613813
30
0
10
13.909748983081807
20
6.9243736920266619
30
0
10
13.879965398370548
20
6.9225611547959618
30
0
10
13.850230959307337
20
6.9206040455077522
30
0
10
13.82054661972715
20
6.9185010381727778
30
0
10
13.790913351205196
20
6.9162507809397402
30
0
10
13.761332106903739
20
6.9138519767477895
30
0
10
13.731803790856556
20
6.9113034515594141
30
0
10
13.702329208064604
20
6.9086042662245184
30
0
10
13.672909123461814
20
6.9057535827220313
30
0
10
13.643544354201325
20
6.9027504554598149
30
0
10
13.614235857088373
20
6.8995936335175596
30
0
10
13.584984803200925
20
6.8962813923333428
30
0
10
13.555792695063131
20
6.8928112685684422
30
0
10
13.526661240280111
20
6.8891803498199531
30
0
10
13.497592147894476
20
6.8853857404352965
30
0
10
13.468586934625842
20
6.8814250050400165
30
0
10
13.439646760523836
20
6.8772965450191315
30
0
10
13.410772163847845
20
6.8730002051243115
30
0
10
13.381963374971571
20
6.8685365588402716
30
0
10
13.353220809186206
20
6.8639057856822561
30
0
10
13.324545533877149
20
6.8591066069666482
30
0
10
13.295939670543763
20
6.85413537066988
30
0
10
13.267407020493778
20
6.8489846252446451
30
0
10
13.23895233466309
20
6.8436447919428716
30
0
10
13.21058019987783
20
6.8381067138626817
30
0
10
13.182293978505978
20
6.8323640828151389
30
0
10
13.154094890964652
20
6.8264155404967948
30
0
10
13.125980603001508
20
6.8202679097638752
30
0
10
13.097947086840476
20
6.8139319554512268
30
0
10
13.069991275820454
20
6.8074163348824834
30
0
10
13.04211359939128
20
6.8007218209464444
30
0
10
13.014320234280781
20
6.7938361742356257
30
0
10
12.986626361755613
20
6.78672671611832
30
0
10
12.959051672385762
20
6.7793506204123943
30
0
10
12.931614402224994
20
6.771668565341753
30
0
10
12.904325594376436
20
6.7636578624921997
30
0
10
12.877183895163435
20
6.7553243827699134
30
0
10
12.850168419880577
20
6.7467188461662602
30
0
10
12.823251062327152
20
6.7379091319638214
30
0
10
12.796411395355637
20
6.7289467222191153
30
0
10
12.769650988541144
20
6.7198344785735493
30
0
10
12.743007246538063
20
6.7104954719067127
30
0
10
12.716569517020766
20
6.7007367645756837
30
0
10
12.695576547695627
20
6.6923494800414911
30
0
10
12.68000727647304
20
6.6856240486033691
30
0
10
12.669696848724531
20
6.6809083640540674
30
0
10
12.664519417894692
20
6.6784699108053767
30
0
10
12.66442103623589
20
6.6784235496635658
30
0
0
SPLINE
5
207
100
AcDbEntity
8
0
100
AcDbSpline
70
0
71
3
72
9
73
5
74
0
42
0.000000001
43
0.0000000001
44
0.0000000001
40
-1
40
-1
40
-1
40
-1
40
-0.5
40
0
40
0
40
0
40
0
10
12.274157825176211
20
6.8043473717161964
30
0
10
12.310642091770298
20
6.7385344991734053
30
0
10
12.435333966614227
20
6.6361506589383978
30
0
10
12.596351230697497
20
6.6463464943871244
30
0
10
12.66442103623589
20
6.6784235496635658
30
0
0
ARC
5
208
100
AcDbEntity
8
0
100
AcDbCircle
10
0
20
0
30
0
40
14.034033399999998
210
0
220
-0
230
1
100
AcDbArc
50
29.002394509847814
51
30.997605490152122
0
SPLINE
5
209
100
AcDbEntity
8
0
100
AcDbSpline
70
0
71
3
72
14
73
10
74
0
42
0.000000001
43
0.0000000001
44
0.0000000001
40
0
40
0
40
0
40
0
40
0.011719334201607812
40
0.011719334201607812
40
0.023438668403215603
40
0.023438668403215603
40
0.034360691258246492
40
0.034360691258246492
40
0.045282714113277486
40
0.045282714113277486
40
0.045282714113277486
40
0.045282714113277486
10
12.115894969358859
20
7.6284985667705429
30
0
10
12.083804946452663
20
7.6062216397886342
30
0
10
12.056372900860627
20
7.5778897973209522
30
0
10
12.013912899483689
20
7.5123057103289046
30
0
10
11.999290884454439
20
7.4756804854222727
30
0
10
11.985398115842422
20
7.4014990084296537
30
0
10
11.985265983283222
20
7.3647915243523077
30
0
10
11.998153937788118
20
7.293127695760095
30
0
10
12.01106703812497
20
7.2587662539103661
30
0
10
12.029816592668203
20
7.2275588008040357
30
0
0
SPLINE
5
210
100
AcDbEntity
8
0
100
AcDbSpline
70
4
71
5
72
81
73
75
74
0
42
0.000000001
43
0.0000000001
44
0.0000000001
40
0.014008970433931178
40
0.014008970433931178
40
0.014008970433931178
40
0.014008970433931178
40
0.014008970433931178
40
0.014008970433931178
40
0.014285714285714285
40
0.028571428571428571
40
0.042857142857142858
40
0.057142857142857141
40
0.071428571428571425
40
0.085714285714285715
40
0.10000000000000001
40
0.1142857142857143
40
0.12857142857142859
40
0.14285714285714288
40
0.15714285714285717
40
0.17142857142857146
40
0.18571428571428575
40
0.20000000000000004
40
0.21428571428571433
40
0.22857142857142862
40
0.24285714285714291
40
0.25714285714285717
40
0.27142857142857146
40
0.28571428571428575
40
0.30000000000000004
40
0.31428571428571433
40
0.32857142857142863
40
0.34285714285714292
40
0.35714285714285721
40
0.3714285714285715
40
0.38571428571428579
40
0.40000000000000008
40
0.41428571428571437
40
0.42857142857142866
40
0.44285714285714295
40
0.45714285714285724
40
0.47142857142857153
40
0.48571428571428582
40
0.50000000000000011
40
0.51428571428571435
40
0.52857142857142858
40
0.54285714285714282
40
0.55714285714285705
40
0.57142857142857129
40
0.58571428571428552
40
0.59999999999999976
40
0.61428571428571399
40
0.62857142857142823
40
0.64285714285714246
40
0.6571428571428567
40
0.67142857142857093
40
0.68571428571428517
40
0.6999999999999994
40
0.71428571428571364
40
0.72857142857142787
40
0.74285714285714211
40
0.75714285714285634
40
0.77142857142857058
40
0.78571428571428481
40
0.79999999999999905
40
0.81428571428571328
40
0.82857142857142752
40
0.84285714285714175
40
0.85714285714285599
40
0.87142857142857022
40
0.88571428571428445
40
0.89999999999999869
40
0.91428571428571292
40
0.92857142857142716
40
0.94285714285714139
40
0.95714285714285563
40
0.97142857142856986
40
0.9857142857142841
40
1
40
1
40
1
40
1
40
1
40
1
41
1
41
1
41
1
41
1
41
1
41
1
41
1
41
1
41
1
41
1
41
1
41
1
41
1
41
1
41
1
41
1
41
1
41
1
41
1
41
1
41
1
41
1
41
1
41
1
41
1
41
1
41
1
41
1
41
1
41
1
41
1
41
1
41
1
41
1
41
1
41
1
41
1
41
1
41
1
41
1
41
1
41
1
41
1
41
1
41
1
41
1
41
1
41
1
41
1
41
1
41
1
41
1
41
1
41
1
41
1
41
1
41
1
41
1
41
1
41
1
41
1
41
1
41
1
41
1
41
1
41
1
41
1
41
1
41
1
41
1
41
1
41
1
41
1
41
1
41
1
10
12.115894969358854
20
7.6284985667705421
30
0
10
12.115984310114811
20
7.628560587215425
30
0
10
12.120684787989035
20
7.6318251472160572
30
0
10
12.129923904479218
20
7.6383963972954998
30
0
10
12.143532934567332
20
7.6485170659736053
30
0
10
12.161293020705275
20
7.662503868442947
30
0
10
12.182963173920696
20
7.6805202601577918
30
0
10
12.204372861941827
20
7.6989249142509202
30
0
10
12.225644499831606
20
7.7175439845450953
30
0
10
12.246826007835407
20
7.7363066130991873
30
0
10
12.267914122911513
20
7.7552128714419855
30
0
10
12.288874473864901
20
7.7743061910304228
30
0
10
12.309662328612824
20
7.7936448521896136
30
0
10
12.330244204706986
20
7.8132723016006818
30
0
10
12.350615694631813
20
7.8331926470350819
30
0
10
12.370790925578818
20
7.853384980677875
30
0
10
12.390794833178129
20
7.8738138487551854
30
0
10
12.410654660706433
20
7.8944407856421233
30
0
10
12.430391118055619
20
7.915236304660251
30
0
10
12.450011716499581
20
7.9361889369026155
30
0
10
12.469515571972067
20
7.9572986968991462
30
0
10
12.488896720341433
20
7.9785725691180804
30
0
10
12.508147852875272
20
8.0000194241332423
30
0
10
12.52726422793293
20
8.0216446948945617
30
0
10
12.546246411631149
20
8.0434466453380988
30
0
10
12.565098185837801
20
8.0654192094732924
30
0
10
12.583825187249474
20
8.0875538365412538
30
0
10
12.602433335837384
20
8.1098416227367665
30
0
10
12.620927184176928
20
8.1322755502571216
30
0
10
12.639308834263616
20
8.1548519558181827
30
0
10
12.657578859777239
20
8.1775692756952818
30
0
10
12.675736897607441
20
8.2004272399933082
30
0
10
12.69378233591504
20
8.223425935945146
30
0
10
12.711715040019339
20
8.2465648197803283
30
0
10
12.729535814336707
20
8.2698420875589171
30
0
10
12.747246009603483
20
8.2932552080759656
30
0
10
12.764847279007066
20
8.3168012534308708
30
0
10
12.78234129095978
20
8.3404772885927549
30
0
10
12.799729427513473
20
8.3642807806681869
30
0
10
12.817012596643595
20
8.388209853192933
30
0
10
12.834191403276293
20
8.4122630520891946
30
0
10
12.851266257741809
20
8.436439196885523
30
0
10
12.868237503320717
20
8.4607372061191697
30
0
10
12.885105550840381
20
8.4851559130638101
30
0
10
12.901870965030218
20
8.50969394778447
30
0
10
12.918534392596746
20
8.5343498362879888
30
0
10
12.935096518489924
20
8.5591220612399059
30
0
10
12.951558014132644
20
8.5840091336002722
30
0
10
12.967919484371453
20
8.609009666670973
30
0
10
12.984181432719065
20
8.6341224236142757
30
0
10
13.000344291711098
20
8.6593462709280509
30
0
10
13.016408443026389
20
8.6846801467346264
30
0
10
13.032374241321957
20
8.7101230242285546
30
0
10
13.048242039455651
20
8.7356738724154184
30
0
10
13.064012206809801
20
8.7613316295383274
30
0
10
13.079685116772488
20
8.787095230475801
30
0
10
13.095261139562833
20
8.8129636255401298
30
0
10
13.110740633864769
20
8.8389358008446433
30
0
10
13.126123939200498
20
8.8650107997322625
30
0
10
13.141411370110447
20
8.8911877356575602
30
0
10
13.156603219097194
20
8.9174657629819603
30
0
10
13.17169975892333
20
8.9438440522645344
30
0
10
13.186701245788871
20
8.9703217643260267
30
0
10
13.201607922905554
20
8.9968980212228864
30
0
10
13.216420024325828
20
9.02357188613556
30
0
10
13.231137776806792
20
9.0503424131548567
30
0
10
13.245761402526639
20
9.0772086895949844
30
0
10
13.260291121927354
20
9.1041698800255944
30
0
10
13.274727157707611
20
9.1312252700819769
30
0
10
13.289069737575565
20
9.158374306597203
30
0
10
13.303319072922156
20
9.1856165825045739
30
0
10
13.314644086109846
20
9.2074847762649767
30
0
10
13.323096019197628
20
9.2239276876199998
30
0
10
13.328712057742717
20
9.2349081850428103
30
0
10
13.331515431136749
20
9.2404030728839359
30
0
0
ARC
5
211
100
AcDbEntity
8
0
100
AcDbCircle
10
0
20
0
30
0
40
16.220800000000004
210
0
220
-0
230
1
100
AcDbArc
50
34.726787006571271
51
37.273212993428587
0
SPLINE
5
212
100
AcDbEntity
8
0
100
AcDbSpline
70
4
71
5
72
81
73
75
74
0
42
0.000000001
43
0.0000000001
44
0.0000000001
40
-1
40
-1
40
-1
40
-1
40
-1
40
-1
40
-0.9857142857142841
40
-0.97142857142856986
40
-0.95714285714285563
40
-0.94285714285714139
40
-0.92857142857142716
40
-0.91428571428571292
40
-0.89999999999999869
40
-0.88571428571428445
40
-0.87142857142857022
40
-0.85714285714285599
40
-0.84285714285714175
40
-0.82857142857142752
40
-0.81428571428571328
40
-0.79999999999999905
40
-0.78571428571428481
40
-0.77142857142857058
40
-0.75714285714285634
40
-0.74285714285714211
40
-0.72857142857142787
40
-0.71428571428571364
40
-0.6999999999999994
40
-0.68571428571428517
40
-0.67142857142857093
40
-0.6571428571428567
40
-0.64285714285714246
40
-0.62857142857142823
40
-0.61428571428571399
40
-0.59999999999999976
40
-0.58571428571428552
40
-0.57142857142857129
40
-0.55714285714285705
40
-0.54285714285714282
40
-0.52857142857142858
40
-0.51428571428571435
40
-0.50000000000000011
40
-0.48571428571428582
40
-0.47142857142857153
40
-0.45714285714285724
40
-0.44285714285714295
40
-0.42857142857142866
40
-0.41428571428571437
40
-0.40000000000000008
40
-0.38571428571428579
40
-0.3714285714285715
40
-0.35714285714285721
40
-0.34285714285714292
40
-0.32857142857142863
40
-0.31428571428571433
40
-0.30000000000000004
40
-0.28571428571428575
40
-0.27142857142857146
40
-0.25714285714285717
40
-0.24285714285714291
40
-0.22857142857142862
40
-0.21428571428571433
40
-0.20000000000000004
40
-0.18571428571428575
40
-0.17142857142857146
40
-0.15714285714285717
40
-0.14285714285714288
40
-0.12857142857142859
40
-0.1142857142857143
40
-0.10000000000000001
40
-0.085714285714285715
40
-0.071428571428571425
40
-0.057142857142857141
40
-0.042857142857142858
40
-0.028571428571428571
40
-0.014285714285714285
40
-0.014008970433912865
40
-0.014008970433912865
40
-0.014008970433912865
40
-0.014008970433912865
40
-0.014008970433912865
40
-0.014008970433912865
41
1
41
1
41
1
41
1
41
1
41
1
41
1
41
1
41
1
41
1
41
1
41
1
41
1
41
1
41
1
41
1
41
1
41
1
41
1
41
1
41
1
41
1
41
1
41
1
41
1
41
1
41
1
41
1
41
1
41
1
41
1
41
1
41
1
41
1
41
1
41
1
41
1
41
1
41
1
41
1
41
1
41
1
41
1
41
1
41
1
41
1
41
1
41
1
41
1
41
1
41
1
41
1
41
1
41
1
41
1
41
1
41
1
41
1
41
1
41
1
41
1
41
1
41
1
41
1
41
1
41
1
41
1
41
1
41
1
41
1
41
1
41
1
41
1
41
1
41
1
10
12.907810384653143
20
9.8235830384763752
30
0
10
12.901718145745191
20
9.8226148856674644
30
0
10
12.889539620767568
20
9.8206668759237346
30
0
10
12.871289691817065
20
9.8177097489310086
30
0
10
12.846992182105112
20
9.8136966648499779
30
0
10
12.816679951304053
20
9.8085630678365572
30
0
10
12.786427582292735
20
9.8033119774567652
30
0
10
12.756235396891197
20
9.7979430668753444
30
0
10
12.726103850826773
20
9.7924559485909928
30
0
10
12.696033554682993
20
9.7868501900538476
30
0
10
12.666025234881012
20
9.7811253234489417
30
0
10
12.636079690779765
20
9.7752808554368436
30
0
10
12.606197751920561
20
9.769316278056726
30
0
10
12.576380236945548
20
9.7632310792183006
30
0
10
12.546627905672104
20
9.757024756313994
30
0
10
12.516941477036967
20
9.7506968063624662
30
0
10
12.487321655597064
20
9.7442467136397291
30
0
10
12.457769155214205
20
9.7376739386426081
30
0
10
12.428284721844857
20
9.7309779082677785
30
0
10
12.398869160405843
20
9.7241580039871423
30
0
10
12.369523324321252
20
9.7172135713637946
30
0
10
12.340248097499424
20
9.7101439339270907
30
0
10
12.311044377547818
20
9.7029484074232215
30
0
10
12.281913060111822
20
9.6956263124477875
30
0
10
12.252855016686329
20
9.6881769948182477
30
0
10
12.223871114226307
20
9.6805997999353899
30
0
10
12.194962244692178
20
9.6728940366628215
30
0
10
12.166129352447687
20
9.6650589433633147
30
0
10
12.137373458201424
20
9.6570936589639338
30
0
10
12.108695693873804
20
9.6489971797081466
30
0
10
12.080097268144891
20
9.640768406896191
30
0
10
12.051579412424338
20
9.6324062202198064
30
0
10
12.023143328719634
20
9.6239095491356093
30
0
10
11.994790145405382
20
9.61527743322082
30
0
10
11.966520845151614
20
9.606509121217135
30
0
10
11.938336350410996
20
9.5976039524549588
30
0
10
11.910237657079573
20
9.5885611719013006
30
0
10
11.882225961135051
20
9.57937975490246
30
0
10
11.854302766621121
20
9.5700582580631259
30
0
10
11.826470055385077
20
9.5605945842667719
30
0
10
11.798730103239398
20
9.5509862397845584
30
0
10
11.771085183920043
20
9.5412307475708023
30
0
10
11.743537287345466
20
9.5313260408135552
30
0
10
11.716087880586187
20
9.5212707970192927
30
0
10
11.688737522417274
20
9.5110649762426505
30
0
10
11.661486318944029
20
9.5007091873337153
30
0
10
11.634334639059214
20
9.4902036922287838
30
0
10
11.607283792676578
20
9.4795474621084495
30
0
10
11.580336614234021
20
9.4687373658391376
30
0
10
11.553498371235381
20
9.4577669050440498
30
0
10
11.526775702330919
20
9.4466276980688555
30
0
10
11.500174997940555
20
9.4353117417667285
30
0
10
11.473700858502692
20
9.4238135648734058
30
0
10
11.447354760172566
20
9.4121320925066208
30
0
10
11.421133001155281
20
9.4002735131084627
30
0
10
11.395029403556322
20
9.3882475188545804
30
0
10
11.369039167769692
20
9.3760619402906151
30
0
10
11.343162553168112
20
9.3637176227035432
30
0
10
11.317408146218979
20
9.3512038783602147
30
0
10
11.291797590711424
20
9.3384918990982548
30
0
10
11.266359050993175
20
9.3255438884900599
30
0
10
11.24111854007343
20
9.3123251755234584
30
0
10
11.216091576923565
20
9.2988158635707823
30
0
10
11.191275616817984
20
9.2850214137996225
30
0
10
11.166639686153035
20
9.2709870956734282
30
0
10
11.142142180019505
20
9.2567734615418846
30
0
10
11.117752413930649
20
9.2424266214122746
30
0
10
11.093471328193882
20
9.2279497007252864
30
0
10
11.06935150454566
20
9.2132752283113106
30
0
10
11.045520452190855
20
9.1982330591038775
30
0
10
11.026730044122065
20
9.1856643731124095
30
0
10
11.012899294652293
20
9.1758488749826181
30
0
10
11.003794620435555
20
9.1690925809886519
30
0
10
10.999237311829294
20
9.1656309653960157
30
0
10
10.999150719069156
20
9.1655651626593571
30
0
0
SPLINE
5
213
100
AcDbEntity
8
0
100
AcDbSpline
70
0
71
3
72
9
73
5
74
0
42
0.000000001
43
0.0000000001
44
0.0000000001
40
-1
40
-1
40
-1
40
-1
40
-0.5
40
0
40
0
40
0
40
0
10
10.591234660759287
20
9.2075969630000092
30
0
10
10.640604924200773
20
9.1508077651807014
30
0
10
10.783858779746025
20
9.0765861560309506
30
0
10
10.939237596898357
20
9.1200365596389936
30
0
10
10.999150719069171
20
9.1655651626593677
30
0
0
ARC
5
214
100
AcDbEntity
8
0
100
AcDbCircle
10
0
20
0
30
0
40
14.034033400000013
210
0
220
-0
230
1
100
AcDbArc
50
41.002394509847853
51
42.997605490152125
0
SPLINE
5
215
100
AcDbEntity
8
0
100
AcDbSpline
70
0
71
3
72
14
73
10
74
0
42
0.000000001
43
0.0000000001
44
0.0000000001
40
0
40
0
40
0
40
0
40
0.011719334201607836
40
0.011719334201607836
40
0.023438668403215738
40
0.023438668403215738
40
0.034360691258245014
40
0.034360691258245014
40
0.045282714113274336
40
0.045282714113274336
40
0.045282714113274336
40
0.045282714113274336
10
10.265079559603016
20
9.9808337791376474
30
0
10
10.238322414244863
20
9.9523717655377606
30
0
10
10.217380345937235
20
9.9189555988219968
30
0
10
10.189483895880493
20
9.8459767508060025
30
0
10
10.182796219398661
20
9.8071117870693474
30
0
10
10.184630237422169
20
9.7316628843178705
30
0
10
10.192132907356594
20
9.6957300749348487
30
0
10
10.219638976907007
20
9.6283118293502863
30
0
10
10.239414040493442
20
9.5973860519719576
30
0
10
10.264242266626184
20
9.5707588081781552
30
0
0
SPLINE
5
216
100
AcDbEntity
8
0
100
AcDbSpline
70
4
71
5
72
81
73
75
74
0
42
0.000000001
43
0.0000000001
44
0.0000000001
40
0.014008970433920492
40
0.014008970433920492
40
0.014008970433920492
40
0.014008970433920492
40
0.014008970433920492
40
0.014008970433920492
40
0.014285714285714285
40
0.028571428571428571
40
0.042857142857142858
40
0.057142857142857141
40
0.071428571428571425
40
0.085714285714285715
40
0.10000000000000001
40
0.1142857142857143
40
0.12857142857142859
40
0.14285714285714288
40
0.15714285714285717
40
0.17142857142857146
40
0.18571428571428575
40
0.20000000000000004
40
0.21428571428571433
40
0.22857142857142862
40
0.24285714285714291
40
0.25714285714285717
40
0.27142857142857146
40
0.28571428571428575
40
0.30000000000000004
40
0.31428571428571433
40
0.32857142857142863
40
0.34285714285714292
40
0.35714285714285721
40
0.3714285714285715
40
0.38571428571428579
40
0.40000000000000008
40
0.41428571428571437
40
0.42857142857142866
40
0.44285714285714295
40
0.45714285714285724
40
0.47142857142857153
40
0.48571428571428582
40
0.50000000000000011
40
0.51428571428571435
40
0.52857142857142858
40
0.54285714285714282
40
0.55714285714285705
40
0.57142857142857129
40
0.58571428571428552
40
0.59999999999999976
40
0.61428571428571399
40
0.62857142857142823
40
0.64285714285714246
40
0.6571428571428567
40
0.67142857142857093
40
0.68571428571428517
40
0.6999999999999994
40
0.71428571428571364
40
0.72857142857142787
40
0.74285714285714211
40
0.75714285714285634
40
0.77142857142857058
40
0.78571428571428481
40
0.79999999999999905
40
0.81428571428571328
40
0.82857142857142752
40
0.84285714285714175
40
0.85714285714285599
40
0.87142857142857022
40
0.88571428571428445
40
0.89999999999999869
40
0.91428571428571292
40
0.92857142857142716
40
0.94285714285714139
40
0.95714285714285563
40
0.97142857142856986
40
0.9857142857142841
40
1
40
1
40
1
40
1
40
1
40
1
41
1
41
1
41
1
41
1
41
1
41
1
41
1
41
1
41
1
41
1
41
1
41
1
41
1
41
1
41
1
41
1
41
1
41
1
41
1
41
1
41
1
41
1
41
1
41
1
41
1
41
1
41
1
41
1
41
1
41
1
41
1
41
1
41
1
41
1
41
1
41
1
41
1
41
1
41
1
41
1
41
1
41
1
41
1
41
1
41
1
41
1
41
1
41
1
41
1
41
1
41
1
41
1
41
1
41
1
41
1
41
1
41
1
41
1
41
1
41
1
41
1
41
1
41
1
41
1
41
1
41
1
41
1
41
1
41
1
41
1
41
1
41
1
41
1
41
1
41
1
10
10.265079559603015
20
9.9808337791376438
30
0
10
10.265154053273541
20
9.9809130192746345
30
0
10
10.269073074239012
20
9.9850835251091894
30
0
10
10.276744054151985
20
9.9934320979393565
30
0
10
10.287951488943921
20
10.006161082180682
30
0
10
10.302415454838048
20
10.023534768996019
30
0
10
10.319866244749374
20
10.045662937521072
30
0
10
10.336981536968288
20
10.068116730200956
30
0
10
10.35391721614754
20
10.090751551337224
30
0
10
10.370734887554509
20
10.113508054584008
30
0
10
10.38743134458111
20
10.136385631482501
30
0
10
10.403963937217753
20
10.159419618234828
30
0
10
10.420276793724078
20
10.182657721278211
30
0
10
10.436328130250683
20
10.206135476487109
30
0
10
10.452112781543089
20
10.229855985494305
30
0
10
10.467648913058923
20
10.253801734579049
30
0
10
10.482968286779041
20
10.277943229126514
30
0
10
10.498105548102288
20
10.302248508273721
30
0
10
10.513087084984887
20
10.326693035525537
30
0
10
10.527922629081218
20
10.351267154279801
30
0
10
10.542611312623052
20
10.375970694941225
30
0
10
10.557145849656735
20
10.400809249337959
30
0
10
10.57151724686719
20
10.425789974629591
30
0
10
10.585719736656188
20
10.450917199200537
30
0
10
10.599754233717448
20
10.476189342626313
30
0
10
10.61362569846631
20
10.501601257767341
30
0
10
10.627341422226756
20
10.527145752654452
30
0
10
10.640909046809623
20
10.552815348883161
30
0
10
10.654334484388846
20
10.578604128540235
30
0
10
10.66762055266588
20
10.604508945422527
30
0
10
10.680768137900884
20
10.630528389251232
30
0
10
10.69377694103267
20
10.656662120534214
30
0
10
10.706646345455489
20
10.682910097389593
30
0
10
10.719376332487968
20
10.709271759927894
30
0
10
10.731968064028257
20
10.735745510877162
30
0
10
10.744423387562962
20
10.762329155179234
30
0
10
10.756744528898137
20
10.789020172632142
30
0
10
10.768933730214524
20
10.815816039224904
30
0
10
10.780992869980981
20
10.842714564758623
30
0
10
10.792923226470364
20
10.86971410255302
30
0
10
10.804725693709514
20
10.896813356076606
30
0
10
10.816400918495773
20
10.924011255966523
30
0
10
10.827949461456976
20
10.951306815764614
30
0
10
10.839371967018954
20
10.978698979656144
30
0
10
10.850669272395933
20
11.00618652505635
30
0
10
10.861842316622752
20
11.033768144640202
30
0
10
10.872892085153147
20
11.061442496639746
30
0
10
10.883819544326618
20
11.089208264150795
30
0
10
10.894625574083108
20
11.117064216532581
30
0
10
10.905310924085409
20
11.145009248661427
30
0
10
10.915876253085523
20
11.173042341734153
30
0
10
10.926322155198489
20
11.201162536433159
30
0
10
10.93664919081607
20
11.229368902128499
30
0
10
10.946857919441113
20
11.257660503718725
30
0
10
10.956948923135727
20
11.286036379447786
30
0
10
10.966922788579783
20
11.314495565101417
30
0
10
10.976780096144568
20
11.34303711090298
30
0
10
10.986521407474804
20
11.371660099696248
30
0
10
10.996147253573502
20
11.400363666320029
30
0
10
11.005658126430799
20
11.429147008998669
30
0
10
11.015054487975522
20
11.458009361387527
30
0
10
11.024336777460224
20
11.48694996888149
30
0
10
11.033505419961504
20
11.515968063906355
30
0
10
11.042560835911059
20
11.545062838270306
30
0
10
11.051503449022491
20
11.574233424287787
30
0
10
11.060333677763275
20
11.603478943865449
30
0
10
11.069051929214528
20
11.632798550455309
30
0
10
11.077658592696784
20
11.662191472715646
30
0
10
11.086154034566999
20
11.691657058193996
30
0
10
11.094538592567215
20
11.721194813154634
30
0
10
11.102812558102912
20
11.750804383376899
30
0
10
11.10934343944087
20
11.774549307276402
30
0
10
11.114192004010457
20
11.792390157266354
30
0
10
11.117402344853771
20
11.804298344544948
30
0
10
11.119002006391202
20
11.810256010005393
30
0
0
ARC
5
217
100
AcDbEntity
8
0
100
AcDbCircle
10
0
20
0
30
0
40
16.220800000000001
210
0
220
-0
230
1
100
AcDbArc
50
46.72678700657125
51
49.273212993428587
0
SPLINE
5
218
100
AcDbEntity
8
0
100
AcDbSpline
70
4
71
5
72
81
73
75
74
0
42
0.000000001
43
0.0000000001
44
0.0000000001
40
-1
40
-1
40
-1
40
-1
40
-1
40
-1
40
-0.9857142857142841
40
-0.97142857142856986
40
-0.95714285714285563
40
-0.94285714285714139
40
-0.92857142857142716
40
-0.91428571428571292
40
-0.89999999999999869
40
-0.88571428571428445
40
-0.87142857142857022
40
-0.85714285714285599
40
-0.84285714285714175
40
-0.82857142857142752
40
-0.81428571428571328
40
-0.79999999999999905
40
-0.78571428571428481
40
-0.77142857142857058
40
-0.75714285714285634
40
-0.74285714285714211
40
-0.72857142857142787
40
-0.71428571428571364
40
-0.6999999999999994
40
-0.68571428571428517
40
-0.67142857142857093
40
-0.6571428571428567
40
-0.64285714285714246
40
-0.62857142857142823
40
-0.61428571428571399
40
-0.59999999999999976
40
-0.58571428571428552
40
-0.57142857142857129
40
-0.55714285714285705
40
-0.54285714285714282
40
-0.52857142857142858
40
-0.51428571428571435
40
-0.50000000000000011
40
-0.48571428571428582
40
-0.47142857142857153
40
-0.45714285714285724
40
-0.44285714285714295
40
-0.42857142857142866
40
-0.41428571428571437
40
-0.40000000000000008
40
-0.38571428571428579
40
-0.3714285714285715
40
-0.35714285714285721
40
-0.34285714285714292
40
-0.32857142857142863
40
-0.31428571428571433
40
-0.30000000000000004
40
-0.28571428571428575
40
-0.27142857142857146
40
-0.25714285714285717
40
-0.24285714285714291
40
-0.22857142857142862
40
-0.21428571428571433
40
-0.20000000000000004
40
-0.18571428571428575
40
-0.17142857142857146
40
-0.15714285714285717
40
-0.14285714285714288
40
-0.12857142857142859
40
-0.1142857142857143
40
-0.10000000000000001
40
-0.085714285714285715
40
-0.071428571428571425
40
-0.057142857142857141
40
-0.042857142857142858
40
-0.028571428571428571
40
-0.014285714285714285
40
-0.014008970433918529
40
-0.014008970433918529
40
-0.014008970433918529
40
-0.014008970433918529
40
-0.014008970433918529
40
-0.014008970433918529
41
1
41
1
41
1
41
1
41
1
41
1
41
1
41
1
41
1
41
1
41
1
41
1
41
1
41
1
41
1
41
1
41
1
41
1
41
1
41
1
41
1
41
1
41
1
41
1
41
1
41
1
41
1
41
1
41
1
41
1
41
1
41
1
41
1
41
1
41
1
41
1
41
1
41
1
41
1
41
1
41
1
41
1
41
1
41
1
41
1
41
1
41
1
41
1
41
1
41
1
41
1
41
1
41
1
41
1
41
1
41
1
41
1
41
1
41
1
41
1
41
1
41
1
41
1
41
1
41
1
41
1
41
1
41
1
41
1
41
1
41
1
41
1
41
1
41
1
41
1
10
10.583305999057087
20
12.292598861523238
30
0
10
10.577548180473649
20
12.290385217483839
30
0
10
10.566040799485856
20
12.285947718707037
30
0
10
10.548804496542383
20
12.279260838448639
30
0
10
10.525872312810511
20
12.27028371355636
30
0
10
10.4972898118146
20
12.258960030796242
30
0
10
10.468790292729164
20
12.247533868147627
30
0
10
10.440374138294576
20
12.236004972827539
30
0
10
10.412041874845475
20
12.22437306055355
30
0
10
10.383794189554854
20
12.212637835175503
30
0
10
10.355631890234026
20
12.200798990132764
30
0
10
10.327555861345051
20
12.188856209062617
30
0
10
10.299567019912759
20
12.17680916757573
30
0
10
10.27166627315956
20
12.164657534977501
30
0
10
10.243854468796998
20
12.152400977618441
30
0
10
10.216132414627019
20
12.140039152983919
30
0
10
10.18850090703533
20
12.127571703105371
30
0
10
10.160960756453168
20
12.114998248689286
30
0
10
10.133512811690943
20
12.102318384249077
30
0
10
10.106157988675339
20
12.0895316721246
30
0
10
10.078897258246155
20
12.076637649616808
30
0
10
10.051731625642383
20
12.063635838812438
30
0
10
10.024662111120959
20
12.050525757033355
30
0
10
9.9976897320113967
20
12.037306925936925
30
0
10
9.9708154767765294
20
12.023978886830031
30
0
10
9.9440403295251052
20
12.010541179668115
30
0
10
9.9173653064214129
20
11.996993313866762
30
0
10
9.89079148954586
20
11.983334740776604
30
0
10
9.8643200563292428
20
11.969564830358468
30
0
10
9.837952322649512
20
11.9556828361298
30
0
10
9.8116896992067044
20
11.941687934698777
30
0
10
9.7855336234263905
20
11.927579286263025
30
0
10
9.7594854936278068
20
11.913356093584515
30
0
10
9.7335466132109829
20
11.899017651830274
30
0
10
9.7077180995676429
20
11.88456343046739
30
0
10
9.6820009923535739
20
11.86999297505217
30
0
10
9.6563964226822936
20
11.855305754109342
30
0
10
9.6309057734340051
20
11.840501014034091
30
0
10
9.6055308158841974
20
11.825577655681023
30
0
10
9.5802739245870931
20
11.810534039809866
30
0
10
9.5551378440985868
20
11.795368200353755
30
0
10
9.5301253134747981
20
11.780078187132681
30
0
10
9.5052387088640682
20
11.764662392226818
30
0
10
9.4804797402397654
20
11.749119827063399
30
0
10
9.4558489624714834
20
11.733450568745837
30
0
10
9.4313463527588262
20
11.717655234879913
30
0
10
9.4069722174737507
20
11.70173415837511
30
0
10
9.3827280518088152
20
11.685686605240573
30
0
10
9.3586172792619404
20
11.669510102078286
30
0
10
9.3346464033178673
20
11.653199387692199
30
0
10
9.3108236602003416
20
11.636747643840247
30
0
10
9.2871569646310697
20
11.620148370906566
30
0
10
9.2636519540576465
20
11.603397173672082
30
0
10
9.2403102958583556
20
11.586493307653205
30
0
10
9.217127082481948
20
11.569442056413287
30
0
10
9.1940942559190937
20
11.552251615874185
30
0
10
9.1712054933847238
20
11.534928647571141
30
0
10
9.1484608728385926
20
11.517474032246193
30
0
10
9.125871015217859
20
11.499879100945769
30
0
10
9.103463080896681
20
11.482120175031749
30
0
10
9.0812724770833775
20
11.46416613971631
30
0
10
9.0593318568492549
20
11.445988490040811
30
0
10
9.0376605367804288
20
11.427570990742215
30
0
10
9.016254892319072
20
11.408918454570296
30
0
10
8.9950752146583994
20
11.390068721967804
30
0
10
8.9740682185148799
20
11.371072371923285
30
0
10
8.9531943031218457
20
11.351968127166209
30
0
10
8.9324537384230815
20
11.332759240339801
30
0
10
8.911911985162897
20
11.313390647039107
30
0
10
8.8917291413125685
20
11.293722430929968
30
0
10
8.8759625254991175
20
11.2775216553703
30
0
10
8.8644747679012958
20
11.265045074917104
30
0
10
8.8569737651686768
20
11.256543453946307
30
0
10
8.8532357550404868
20
11.252209965221805
30
0
10
8.8531647356981598
20
11.252127596785648
30
0
0
SPLINE
5
219
100
AcDbEntity
8
0
100
AcDbSpline
70
0
71
3
72
9
73
5
74
0
42
0.000000001
43
0.0000000001
44
0.0000000001
40
-1
40
-1
40
-1
40
-1
40
-0.5
40
0
40
0
40
0
40
0
10
8.4454237192846051
20
11.208430384048429
30
0
10
8.5055222621562869
20
11.16314682140211
30
0
10
8.6610772175072945
20
11.120331283812259
30
0
10
8.8040267878288425
20
11.195137264443796
30
0
10
8.853164735698158
20
11.252127596785648
30
0
0
ARC
5
220
100
AcDbEntity
8
0
100
AcDbCircle
10
0
20
0
30
0
40
14.034033399999981
210
0
220
-0
230
1
100
AcDbArc
50
53.002394509847839
51
54.997605490152111
0
SPLINE
5
221
100
AcDbEntity
8
0
100
AcDbSpline
70
0
71
3
72
14
73
10
74
0
42
0.000000001
43
0.0000000001
44
0.0000000001
40
0
40
0
40
0
40
0
40
0.011719334201607786
40
0.011719334201607786
40
0.023438668403215533
40
0.023438668403215533
40
0.034360691258242232
40
0.034360691258242232
40
0.045282714113268771
40
0.045282714113268771
40
0.045282714113268771
40
0.045282714113268771
10
7.965630915775809
20
11.896958662002293
30
0
10
7.9453760636128825
20
11.863555488354635
30
0
10
7.9318392414659016
20
11.82651544422483
30
0
10
7.9197255514588605
20
11.749331361034553
30
0
10
7.9212644970777379
20
11.709925243877962
30
0
10
7.9387451463485519
20
11.636506394461874
30
0
10
7.9535547160986644
20
11.602918695967972
30
0
10
7.994476753466464
20
11.542692534231742
30
0
10
8.0202495151324733
20
11.516554026194598
30
0
10
8.0500713002336681
20
11.495670730038805
30
0
0
SPLINE
5
222
100
AcDbEntity
8
0
100
AcDbSpline
70
4
71
5
72
81
73
75
74
0
42
0.000000001
43
0.0000000001
44
0.0000000001
40
0.014008970433919202
40
0.014008970433919202
40
0.014008970433919202
40
0.014008970433919202
40
0.014008970433919202
40
0.014008970433919202
40
0.014285714285714285
40
0.028571428571428571
40
0.042857142857142858
40
0.057142857142857141
40
0.071428571428571425
40
0.085714285714285715
40
0.10000000000000001
40
0.1142857142857143
40
0.12857142857142859
40
0.14285714285714288
40
0.15714285714285717
40
0.17142857142857146
40
0.18571428571428575
40
0.20000000000000004
40
0.21428571428571433
40
0.22857142857142862
40
0.24285714285714291
40
0.25714285714285717
40
0.27142857142857146
40
0.28571428571428575
40
0.30000000000000004
40
0.31428571428571433
40
0.32857142857142863
40
0.34285714285714292
40
0.35714285714285721
40
0.3714285714285715
40
0.38571428571428579
40
0.40000000000000008
40
0.41428571428571437
40
0.42857142857142866
40
0.44285714285714295
40
0.45714285714285724
40
0.47142857142857153
40
0.48571428571428582
40
0.50000000000000011
40
0.51428571428571435
40
0.52857142857142858
40
0.54285714285714282
40
0.55714285714285705
40
0.57142857142857129
40
0.58571428571428552
40
0.59999999999999976
40
0.61428571428571399
40
0.62857142857142823
40
0.64285714285714246
40
0.6571428571428567
40
0.67142857142857093
40
0.68571428571428517
40
0.6999999999999994
40
0.71428571428571364
40
0.72857142857142787
40
0.74285714285714211
40
0.75714285714285634
40
0.77142857142857058
40
0.78571428571428481
40
0.79999999999999905
40
0.81428571428571328
40
0.82857142857142752
40
0.84285714285714175
40
0.85714285714285599
40
0.87142857142857022
40
0.88571428571428445
40
0.89999999999999869
40
0.91428571428571292
40
0.92857142857142716
40
0.94285714285714139
40
0.95714285714285563
40
0.97142857142856986
40
0.9857142857142841
40
1
40
1
40
1
40
1
40
1
40
1
41
1
41
1
41
1
41
1
41
1
41
1
41
1
41
1
41
1
41
1
41
1
41
1
41
1
41
1
41
1
41
1
41
1
41
1
41
1
41
1
41
1
41
1
41
1
41
1
41
1
41
1
41
1
41
1
41
1
41
1
41
1
41
1
41
1
41
1
41
1
41
1
41
1
41
1
41
1
41
1
41
1
41
1
41
1
41
1
41
1
41
1
41
1
41
1
41
1
41
1
41
1
41
1
41
1
41
1
41
1
41
1
41
1
41
1
41
1
41
1
41
1
41
1
41
1
41
1
41
1
41
1
41
1
41
1
41
1
41
1
41
1
41
1
41
1
41
1
41
1
10
7.9656309157758081
20
11.896958662002293
30
0
10
7.9656873066300431
20
11.897051658657167
30
0
10
7.9686535906650171
20
11.901945839208363
30
0
10
7.9744211753691303
20
11.911706862095679
30
0
10
7.9827371961852371
20
11.926487844208431
30
0
10
7.9932728971201588
20
11.946489101887732
30
0
10
8.0057416404700845
20
11.971761940075714
30
0
10
8.0178145164885279
20
11.997283532856988
30
0
10
8.0296740665107098
20
12.022944854537773
30
0
10
8.0413928883802299
20
12.048700664087551
30
0
10
8.0529679720667762
20
12.074549699652479
30
0
10
8.0643502527562667
20
12.100517657818287
30
0
10
8.0754751609138946
20
12.126639586134074
30
0
10
8.086294437443879
20
12.152941556579407
30
0
10
8.0968023850992221
20
12.179425529092153
30
0
10
8.1070204136860138
20
12.206078149479394
30
0
10
8.1169857233848592
20
12.232877171341546
30
0
10
8.12673884754658
20
12.259798535420609
30
0
10
8.13631069891143
20
12.286823727767358
30
0
10
8.1457128041942859
20
12.313945326124262
30
0
10
8.1549443498505685
20
12.341162984182933
30
0
10
8.1639970465357443
20
12.36848065674172
30
0
10
8.1728606094031093
20
12.39590347474376
30
0
10
8.1815284969685607
20
12.423434472836785
30
0
10
8.1900019325262914
20
12.451072295307888
30
0
10
8.1982868382451706
20
12.478812938823191
30
0
10
8.2063918414107153
20
12.506650884526803
30
0
10
8.2143259716895809
20
12.534580406257126
30
0
10
8.2220962424638699
20
12.562596944631608
30
0
10
8.2297060639939161
20
12.590698008032266
30
0
10
8.2371565963864093
20
12.618882401262123
30
0
10
8.2444476176997679
20
12.647149730069442
30
0
10
8.2515785335102727
20
12.675499825288011
30
0
10
8.2585494419523613
20
12.703932135379215
30
0
10
8.2653618116254268
20
12.732445339547532
30
0
10
8.272017906022322
20
12.761037674816148
30
0
10
8.2785204262893402
20
12.789707138826651
30
0
10
8.2848720903815991
20
12.818451728899355
30
0
10
8.2910751910868523
20
12.847269693252088
30
0
10
8.2971313211087132
20
12.876159686956367
30
0
10
8.3030416245014358
20
12.905120627691652
30
0
10
8.3088069562613409
20
12.934151603939959
30
0
10
8.3144280698613731
20
12.963251767360697
30
0
10
8.3199058151613468
20
12.992420219194869
30
0
10
8.3252412652700087
20
13.021655937640755
30
0
10
8.3304356105101931
20
13.050957839177833
30
0
10
8.3354900937703515
20
13.08032481624635
30
0
10
8.3404059340729244
20
13.109755781632908
30
0
10
8.3451842479936573
20
13.139249714539009
30
0
10
8.349825998581542
20
13.168805689854231
30
0
10
8.3543320420143683
20
13.198422848000922
30
0
10
8.3587031588776721
20
13.228100374148346
30
0
10
8.3629400908061573
20
13.25783747451505
30
0
10
8.3670435794947178
20
13.287633350760977
30
0
10
8.3710143942463375
20
13.317487183164278
30
0
10
8.3748533093919377
20
13.347398150558673
30
0
10
8.3785610900899741
20
13.377365444588413
30
0
10
8.3821384763993798
20
13.407388284911828
30
0
10
8.3855861675966032
20
13.437465935675316
30
0
10
8.3889048116191471
20
13.467597714914437
30
0
10
8.3920950196336008
20
13.497782969071432
30
0
10
8.3951573781850186
20
13.528021051356857
30
0
10
8.3980924626487017
20
13.558311299348237
30
0
10
8.4009008523014348
20
13.588653009927359
30
0
10
8.403583141999631
20
13.619045422464684
30
0
10
8.4061399236321268
20
13.649487765059591
30
0
10
8.4085717713915535
20
13.679979294300129
30
0
10
8.4108792264618231
20
13.710519336644527
30
0
10
8.4130627828466071
20
13.741107330067868
30
0
10
8.4151228735609074
20
13.771742861844265
30
0
10
8.4170598572889013
20
13.802425646080225
30
0
10
8.4185111759240208
20
13.827009533003638
30
0
10
8.4195444664377312
20
13.845468590874063
30
0
10
8.4202088022794843
20
13.857784023082544
30
0
10
8.4205348390750991
20
13.863944087593637
30
0
0
ARC
5
223
100
AcDbEntity
8
0
100
AcDbCircle
10
0
20
0
30
0
40
16.220800000000001
210
0
220
-0
230
1
100
AcDbArc
50
58.72678700657125
51
61.273212993428551
0
SPLINE
5
224
100
AcDbEntity
8
0
100
AcDbSpline
70
4
71
5
72
81
73
75
74
0
42
0.000000001
43
0.0000000001
44
0.0000000001
40
-1
40
-1
40
-1
40
-1
40
-1
40
-1
40
-0.9857142857142841
40
-0.97142857142856986
40
-0.95714285714285563
40
-0.94285714285714139
40
-0.92857142857142716
40
-0.91428571428571292
40
-0.89999999999999869
40
-0.88571428571428445
40
-0.87142857142857022
40
-0.85714285714285599
40
-0.84285714285714175
40
-0.82857142857142752
40
-0.81428571428571328
40
-0.79999999999999905
40
-0.78571428571428481
40
-0.77142857142857058
40
-0.75714285714285634
40
-0.74285714285714211
40
-0.72857142857142787
40
-0.71428571428571364
40
-0.6999999999999994
40
-0.68571428571428517
40
-0.67142857142857093
40
-0.6571428571428567
40
-0.64285714285714246
40
-0.62857142857142823
40
-0.61428571428571399
40
-0.59999999999999976
40
-0.58571428571428552
40
-0.57142857142857129
40
-0.55714285714285705
40
-0.54285714285714282
40
-0.52857142857142858
40
-0.51428571428571435
40
-0.50000000000000011
40
-0.48571428571428582
40
-0.47142857142857153
40
-0.45714285714285724
40
-0.44285714285714295
40
-0.42857142857142866
40
-0.41428571428571437
40
-0.40000000000000008
40
-0.38571428571428579
40
-0.3714285714285715
40
-0.35714285714285721
40
-0.34285714285714292
40
-0.32857142857142863
40
-0.31428571428571433
40
-0.30000000000000004
40
-0.28571428571428575
40
-0.27142857142857146
40
-0.25714285714285717
40
-0.24285714285714291
40
-0.22857142857142862
40
-0.21428571428571433
40
-0.20000000000000004
40
-0.18571428571428575
40
-0.17142857142857146
40
-0.15714285714285717
40
-0.14285714285714288
40
-0.12857142857142859
40
-0.1142857142857143
40
-0.10000000000000001
40
-0.085714285714285715
40
-0.071428571428571425
40
-0.057142857142857141
40
-0.042857142857142858
40
-0.028571428571428571
40
-0.014285714285714285
40
-0.014008970433932297
40
-0.014008970433932297
40
-0.014008970433932297
40
-0.014008970433932297
40
-0.014008970433932297
40
-0.014008970433932297
41
1
41
1
41
1
41
1
41
1
41
1
41
1
41
1
41
1
41
1
41
1
41
1
41
1
41
1
41
1
41
1
41
1
41
1
41
1
41
1
41
1
41
1
41
1
41
1
41
1
41
1
41
1
41
1
41
1
41
1
41
1
41
1
41
1
41
1
41
1
41
1
41
1
41
1
41
1
41
1
41
1
41
1
41
1
41
1
41
1
41
1
41
1
41
1
41
1
41
1
41
1
41
1
41
1
41
1
41
1
41
1
41
1
41
1
41
1
41
1
41
1
41
1
41
1
41
1
41
1
41
1
41
1
41
1
41
1
41
1
41
1
41
1
41
1
41
1
41
1
10
7.7962603569656235
20
14.224369127887758
30
0
10
7.7910886030078741
20
14.22100673948464
30
0
10
7.7807552937776245
20
14.214273691664799
30
0
10
7.7652859259887617
20
14.204149306895225
30
0
10
7.7447213147068812
20
14.190600484626517
30
0
10
7.7191177359636987
20
14.173581615393376
30
0
10
7.6936166325440443
20
14.156479758612493
30
0
10
7.6682184313810309
20
14.139294746601006
30
0
10
7.6429237064132627
20
14.122026410719862
30
0
10
7.6177331913704371
20
14.10467460416179
30
0
10
7.5926477401487862
20
14.087239195018668
30
0
10
7.5676682836582625
20
14.069720057731057
30
0
10
7.5427957863288366
20
14.052117065658503
30
0
10
7.5180312043132114
20
14.034430083955012
30
0
10
7.4933754361680212
20
14.016658962511276
30
0
10
7.4688293432555959
20
13.998803534248905
30
0
10
7.444393778984562
20
13.980863614599704
30
0
10
7.4200696149358416
20
13.962839001056757
30
0
10
7.3958577656767037
20
13.944729473471956
30
0
10
7.3717592181132874
20
13.926534794180927
30
0
10
7.3477750180707702
20
13.908254712444663
30
0
10
7.3239062481850015
20
13.889888969794388
30
0
10
7.3001540067722903
20
13.87143730622299
30
0
10
7.2765193883840844
20
13.852899465355463
30
0
10
7.2530034552505871
20
13.834275204035222
30
0
10
7.2296072656240611
20
13.815564276878494
30
0
10
7.2063319154613996
20
13.796766415293744
30
0
10
7.1831785772675705
20
13.777881307598079
30
0
10
7.1601485337361934
20
13.758908582321824
30
0
10
7.1372432271925828
20
13.739847782881267
30
0
10
7.1144642087023744
20
13.720698397178703
30
0
10
7.0918130588846831
20
13.701459902621034
30
0
10
7.0692913112572082
20
13.68213181011871
30
0
10
7.0469003872805906
20
13.662713701233159
30
0
10
7.024641490232848
20
13.643205289343678
30
0
10
7.0025157315349551
20
13.623606346093863
30
0
10
6.9805243280828062
20
13.603916586794174
30
0
10
6.9586687892206101
20
13.584135561824823
30
0
10
6.9369510760424085
20
13.564262564328269
30
0
10
6.9153738520299379
20
13.544296484583153
30
0
10
6.8939402105322429
20
13.52423597011115
30
0
10
6.8726532362157222
20
13.504079682830143
30
0
10
6.8515155876095051
20
13.483826543986236
30
0
10
6.8305291428557702
20
13.463475942132812
30
0
10
6.8096944286681822
20
13.443028068052252
30
0
10
6.789011294337123
20
13.422483521113701
30
0
10
6.7684799703238196
20
13.401842690650088
30
0
10
6.7481020717525597
20
13.38110516957803
30
0
10
6.7278814615579847
20
13.360269250334431
30
0
10
6.7078255949722578
20
13.339331138843511
30
0
10
6.6879439458301171
20
13.318285878265355
30
0
10
6.6682456072437226
20
13.297128756579477
30
0
10
6.6487370072863481
20
13.275856646704135
30
0
10
6.629419931686904
20
13.254469167091937
30
0
10
6.6102884816213203
20
13.232970465510423
30
0
10
6.5913330711391342
20
13.211366883426551
30
0
10
6.5725461306122437
20
13.189663622224096
30
0
10
6.5539275531802277
20
13.167861559607509
30
0
10
6.5354895300640825
20
13.145954424277665
30
0
10
6.5172635511843113
20
13.123924701990806
30
0
10
6.4992907191449323
20
13.101749319464432
30
0
10
6.4816088999834367
20
13.079407183596894
30
0
10
6.4642403636731842
20
13.056886430048692
30
0
10
6.4471805642346913
20
13.034191012811524
30
0
10
6.4303827931234334
20
13.01134968949852
30
0
10
6.4137844135041497
20
12.988400855192575
30
0
10
6.397338639073773
20
12.965374152976255
30
0
10
6.3810450576146183
20
12.9422728205392
30
0
10
6.364979147930212
20
12.919056606819852
30
0
10
6.3493265997086503
20
12.895621939231553
30
0
10
6.3372728529182023
20
12.87649712573559
30
0
10
6.3286301573237296
20
12.861904749394068
30
0
10
6.3230606558884537
20
12.852029363078172
30
0
10
6.3203053132178972
20
12.847013395473454
30
0
10
6.3202529711794284
20
12.846918061233712
30
0
0
SPLINE
5
225
100
AcDbEntity
8
0
100
AcDbSpline
70
0
71
3
72
9
73
5
74
0
42
0.000000001
43
0.0000000001
44
0.0000000001
40
-1
40
-1
40
-1
40
-1
40
-0.5
40
0
40
0
40
0
40
0
10
5.9305072356379664
20
12.71940161329775
30
0
10
5.9987074632315487
20
12.687602794806709
30
0
10
6.1597650204039702
20
12.678064573221178
30
0
10
6.284037761723539
20
12.780956750563686
30
0
10
6.3202529711794311
20
12.846918061233715
30
0
0
ARC
5
226
100
AcDbEntity
8
0
100
AcDbCircle
10
0
20
0
30
0
40
14.034033400000004
210
0
220
-0
230
1
100
AcDbArc
50
65.002394509847832
51
66.997605490152139
0
SPLINE
5
227
100
AcDbEntity
8
0
100
AcDbSpline
70
0
71
3
72
14
73
10
74
0
42
0.000000001
43
0.0000000001
44
0.0000000001
40
0
40
0
40
0
40
0
40
0.011719334201607687
40
0.011719334201607687
40
0.023438668403215547
40
0.023438668403215547
40
0.034360691258246007
40
0.034360691258246007
40
0.045282714113276376
40
0.045282714113276376
40
0.045282714113276376
40
0.045282714113276376
10
5.3180459775912583
20
13.293129363396014
30
0
10
5.305178652856628
20
13.25624490867521
30
0
10
5.2996387009549819
20
13.217199814797688
30
0
10
5.3038371973788498
20
13.139183811238876
30
0
10
5.3135355057901954
20
13.100958777073615
30
0
10
5.3458987980536925
20
13.032778737015098
30
0
10
5.3673680183572117
20
13.003004093006131
30
0
10
5.4199175341437202
20
12.952602187383258
30
0
10
5.4505616005330761
20
12.932393326914974
30
0
10
5.4840735894930202
20
12.918166678648362
30
0
0
SPLINE
5
228
100
AcDbEntity
8
0
100
AcDbSpline
70
4
71
5
72
81
73
75
74
0
42
0.000000001
43
0.0000000001
44
0.0000000001
40
0.014008970433939052
40
0.014008970433939052
40
0.014008970433939052
40
0.014008970433939052
40
0.014008970433939052
40
0.014008970433939052
40
0.014285714285714285
40
0.028571428571428571
40
0.042857142857142858
40
0.057142857142857141
40
0.071428571428571425
40
0.085714285714285715
40
0.10000000000000001
40
0.1142857142857143
40
0.12857142857142859
40
0.14285714285714288
40
0.15714285714285717
40
0.17142857142857146
40
0.18571428571428575
40
0.20000000000000004
40
0.21428571428571433
40
0.22857142857142862
40
0.24285714285714291
40
0.25714285714285717
40
0.27142857142857146
40
0.28571428571428575
40
0.30000000000000004
40
0.31428571428571433
40
0.32857142857142863
40
0.34285714285714292
40
0.35714285714285721
40
0.3714285714285715
40
0.38571428571428579
40
0.40000000000000008
40
0.41428571428571437
40
0.42857142857142866
40
0.44285714285714295
40
0.45714285714285724
40
0.47142857142857153
40
0.48571428571428582
40
0.50000000000000011
40
0.51428571428571435
40
0.52857142857142858
40
0.54285714285714282
40
0.55714285714285705
40
0.57142857142857129
40
0.58571428571428552
40
0.59999999999999976
40
0.61428571428571399
40
0.62857142857142823
40
0.64285714285714246
40
0.6571428571428567
40
0.67142857142857093
40
0.68571428571428517
40
0.6999999999999994
40
0.71428571428571364
40
0.72857142857142787
40
0.74285714285714211
40
0.75714285714285634
40
0.77142857142857058
40
0.78571428571428481
40
0.79999999999999905
40
0.81428571428571328
40
0.82857142857142752
40
0.84285714285714175
40
0.85714285714285599
40
0.87142857142857022
40
0.88571428571428445
40
0.89999999999999869
40
0.91428571428571292
40
0.92857142857142716
40
0.94285714285714139
40
0.95714285714285563
40
0.97142857142856986
40
0.9857142857142841
40
1
40
1
40
1
40
1
40
1
40
1
41
1
41
1
41
1
41
1
41
1
41
1
41
1
41
1
41
1
41
1
41
1
41
1
41
1
41
1
41
1
41
1
41
1
41
1
41
1
41
1
41
1
41
1
41
1
41
1
41
1
41
1
41
1
41
1
41
1
41
1
41
1
41
1
41
1
41
1
41
1
41
1
41
1
41
1
41
1
41
1
41
1
41
1
41
1
41
1
41
1
41
1
41
1
41
1
41
1
41
1
41
1
41
1
41
1
41
1
41
1
41
1
41
1
41
1
41
1
41
1
41
1
41
1
41
1
41
1
41
1
41
1
41
1
41
1
41
1
41
1
41
1
41
1
41
1
41
1
41
1
10
5.3180459775912574
20
13.293129363396012
30
0
10
5.3180818010782716
20
13.293232052168698
30
0
10
5.3199657073366069
20
13.29863600826156
30
0
10
5.3235778257043496
20
13.309382877667254
30
0
10
5.3286389825302649
20
13.325569857806077
30
0
10
5.3347859578192205
20
13.347324535412062
30
0
10
5.3417277106916909
20
13.374637498961629
30
0
10
5.3482305278955682
20
13.402111475773566
30
0
10
5.3544956295162782
20
13.429677775104736
30
0
10
5.3606034330995032
20
13.45730723849009
30
0
10
5.3665512567454776
20
13.484998005829835
30
0
10
5.3722857652034435
20
13.512765011029192
30
0
10
5.377736513142656
20
13.540629111003062
30
0
10
5.3828508753750075
20
13.56860577436551
30
0
10
5.3876228716580226
20
13.596695733700797
30
0
10
5.3920762204349852
20
13.62489037798615
30
0
10
5.3962519342598636
20
13.653175681311636
30
0
10
5.4001946629335063
20
13.681536537529279
30
0
10
5.4039384929451284
20
13.709961264384138
30
0
10
5.4074962422973343
20
13.738444998351616
30
0
10
5.4108671872250138
20
13.766987231545556
30
0
10
5.4140423972768881
20
13.79559010889084
30
0
10
5.4170107455717602
20
13.824256510867322
30
0
10
5.4197652026339158
20
13.852988045757373
30
0
10
5.4223072468941975
20
13.881783641810831
30
0
10
5.4246435034477836
20
13.910640614464413
30
0
10
5.4267835584879691
20
13.939555359175992
30
0
10
5.4287374348974708
20
13.968524152287593
30
0
10
5.4305129407480948
20
13.997543992214256
30
0
10
5.4321139298143128
20
14.026613150818809
30
0
10
5.4335417853471295
20
14.05573070022195
30
0
10
5.4347963722244579
20
14.084896208643032
30
0
10
5.4358771441838005
20
14.114109387024889
30
0
10
5.4367843118864467
20
14.143369716284653
30
0
10
5.4375195864482002
20
14.172676209828325
30
0
10
5.4380855484426576
20
14.202027613811001
30
0
10
5.4384852563033004
20
14.231422531230493
30
0
10
5.4387217849719338
20
14.26085956826511
30
0
10
5.4387977413493811
20
14.290337488110714
30
0
10
5.4387149629612255
20
14.319855306370426
30
0
10
5.4384747938884797
20
14.349412202237266
30
0
10
5.4380782599589921
20
14.379007461875837
30
0
10
5.4375262745604358
20
14.408640412139651
30
0
10
5.4368198558436545
20
14.438310350605555
30
0
10
5.4359602659119233
20
14.468016500912491
30
0
10
5.4349488943532442
20
14.497758050699499
30
0
10
5.4337871871705943
20
14.527534175020705
30
0
10
5.4324765627922256
20
14.557344063869945
30
0
10
5.4310183256299727
20
14.587186950904769
30
0
10
5.4294136100291617
20
14.617062131459777
30
0
10
5.4276634321742865
20
14.646968942750538
30
0
10
5.425768725006054
20
14.67690675004517
30
0
10
5.4237303789891165
20
14.706874931102767
30
0
10
5.4215492855947831
20
14.736872859235977
30
0
10
5.4192263677446784
20
14.766899892582902
30
0
10
5.4167625535788053
20
14.79695538891419
30
0
10
5.414158759601678
20
14.827038716623974
30
0
10
5.4114158719423262
20
14.857149266289833
30
0
10
5.4085347275889015
20
14.887286463526079
30
0
10
5.405516102108292
20
14.917449775984617
30
0
10
5.4023607291939237
20
14.94763869145817
30
0
10
5.3990693170485304
20
14.977852699240762
30
0
10
5.395642566199454
20
15.008091271012701
30
0
10
5.3920811894513951
20
15.038353839459003
30
0
10
5.3883859268054923
20
15.068639784249315
30
0
10
5.3845575177035574
20
15.098948473411502
30
0
10
5.3805966783547721
20
15.129279299160313
30
0
10
5.3765040781540874
20
15.15963171519094
30
0
10
5.3722803171615592
20
15.1900052744692
30
0
10
5.3679259047403161
20
15.220399663317137
30
0
10
5.3634412511770213
20
15.250814676663344
30
0
10
5.3597495775207431
20
15.27516309278554
30
0
10
5.3569224342248445
20
15.293433609131114
30
0
10
5.3550117304009204
20
15.305618042785964
30
0
10
5.3540498930822578
20
15.311711281969302
30
0
0
ARC
5
229
100
AcDbEntity
8
0
100
AcDbCircle
10
0
20
0
30
0
40
16.220800000000001
210
0
220
-0
230
1
100
AcDbArc
50
70.726787006571257
51
73.273212993428601
0
SPLINE
5
230
100
AcDbEntity
8
0
100
AcDbSpline
70
4
71
5
72
81
73
75
74
0
42
0.000000001
43
0.0000000001
44
0.0000000001
40
-1
40
-1
40
-1
40
-1
40
-1
40
-1
40
-0.9857142857142841
40
-0.97142857142856986
40
-0.95714285714285563
40
-0.94285714285714139
40
-0.92857142857142716
40
-0.91428571428571292
40
-0.89999999999999869
40
-0.88571428571428445
40
-0.87142857142857022
40
-0.85714285714285599
40
-0.84285714285714175
40
-0.82857142857142752
40
-0.81428571428571328
40
-0.79999999999999905
40
-0.78571428571428481
40
-0.77142857142857058
40
-0.75714285714285634
40
-0.74285714285714211
40
-0.72857142857142787
40
-0.71428571428571364
40
-0.6999999999999994
40
-0.68571428571428517
40
-0.67142857142857093
40
-0.6571428571428567
40
-0.64285714285714246
40
-0.62857142857142823
40
-0.61428571428571399
40
-0.59999999999999976
40
-0.58571428571428552
40
-0.57142857142857129
40
-0.55714285714285705
40
-0.54285714285714282
40
-0.52857142857142858
40
-0.51428571428571435
40
-0.50000000000000011
40
-0.48571428571428582
40
-0.47142857142857153
40
-0.45714285714285724
40
-0.44285714285714295
40
-0.42857142857142866
40
-0.41428571428571437
40
-0.40000000000000008
40
-0.38571428571428579
40
-0.3714285714285715
40
-0.35714285714285721
40
-0.34285714285714292
40
-0.32857142857142863
40
-0.31428571428571433
40
-0.30000000000000004
40
-0.28571428571428575
40
-0.27142857142857146
40
-0.25714285714285717
40
-0.24285714285714291
40
-0.22857142857142862
40
-0.21428571428571433
40
-0.20000000000000004
40
-0.18571428571428575
40
-0.17142857142857146
40
-0.15714285714285717
40
-0.14285714285714288
40
-0.12857142857142859
40
-0.1142857142857143
40
-0.10000000000000001
40
-0.085714285714285715
40
-0.071428571428571425
40
-0.057142857142857141
40
-0.042857142857142858
40
-0.028571428571428571
40
-0.014285714285714285
40
-0.014008970433914553
40
-0.014008970433914553
40
-0.014008970433914553
40
-0.014008970433914553
40
-0.014008970433914553
40
-0.014008970433914553
41
1
41
1
41
1
41
1
41
1
41
1
41
1
41
1
41
1
41
1
41
1
41
1
41
1
41
1
41
1
41
1
41
1
41
1
41
1
41
1
41
1
41
1
41
1
41
1
41
1
41
1
41
1
41
1
41
1
41
1
41
1
41
1
41
1
41
1
41
1
41
1
41
1
41
1
41
1
41
1
41
1
41
1
41
1
41
1
41
1
41
1
41
1
41
1
41
1
41
1
41
1
41
1
41
1
41
1
41
1
41
1
41
1
41
1
41
1
41
1
41
1
41
1
41
1
41
1
41
1
41
1
41
1
41
1
41
1
41
1
41
1
41
1
41
1
41
1
41
1
10
4.668480726666921
20
15.534466207267618
30
0
10
4.6641210677996412
20
15.530102027008523
30
0
10
4.6554134455250118
20
15.521367696644115
30
0
10
4.6423870984934004
20
15.508248291559987
30
0
10
4.6250888318544803
20
15.490719920462457
30
0
10
4.603583174614708
20
15.46874967100738
30
0
10
4.5821950074481457
20
15.446719553299364
30
0
10
4.5609247828216191
20
15.424629492084215
30
0
10
4.5397730971938346
20
15.402479441736585
30
0
10
4.5187406987836756
20
15.380269411208289
30
0
10
4.4978284502529391
20
15.357999449008712
30
0
10
4.4770372882742357
20
15.33566962586926
30
0
10
4.4563681825324553
20
15.313280018433133
30
0
10
4.4358220963221315
20
15.290830693596373
30
0
10
4.4153999397737582
20
15.268321691350359
30
0
10
4.3951025901643872
20
15.245753027355054
30
0
10
4.3749309206275013
20
15.223124698509153
30
0
10
4.3548858258014391
20
15.200436687942869
30
0
10
4.3349682460393488
20
15.177688970468077
30
0
10
4.3151791960943093
20
15.154881518803275
30
0
10
4.2955197510692766
20
15.132014305127981
30
0
10
4.2759910236805858
20
15.109087301714229
30
0
10
4.2565941423022231
20
15.08610048258949
30
0
10
4.2373302308704162
20
15.063053824551213
30
0
10
4.218200378958195
20
15.039947310606436
30
0
10
4.1992056727106197
20
15.016780920756629
30
0
10
4.1803472399786141
20
14.993554620141886
30
0
10
4.1616262924476235
20
14.970268347667821
30
0
10
4.1430441620142187
20
14.946922006669254
30
0
10
4.1246023544145372
20
14.923515450416225
30
0
10
4.106302493290813
20
14.900048500486264
30
0
10
4.0881462333750473
20
14.87652097433539
30
0
10
4.0701351763613438
20
14.852932712398079
30
0
10
4.0522707996462781
20
14.82928360091794
30
0
10
4.0345543398051582
20
14.805573609713182
30
0
10
4.0169869314497113
20
14.781802746494954
30
0
10
3.9995698240740172
20
14.757970985801743
30
0
10
3.9823045875206997
20
14.734078201649348
30
0
10
3.9651932869931428
20
14.710124110361129
30
0
10
3.9482387584936571
20
14.686108180234799
30
0
10
3.9314443089702475
20
14.662029731490353
30
0
10
3.9148132338848631
20
14.637888096624197
30
0
10
3.8983483579569418
20
14.61368277319507
30
0
10
3.8820516454136471
20
14.589413553605651
30
0
10
3.8659235717928029
20
14.565080733979194
30
0
10
3.8499638650623016
20
14.540684869252907
30
0
10
3.8341726697003691
20
14.516226388167437
30
0
10
3.8185516501743555
20
14.491705228338372
30
0
10
3.8031049400268384
20
14.467120522666246
30
0
10
3.7878406204079802
20
14.442470110014849
30
0
10
3.7727689887114679
20
14.417751111584122
30
0
10
3.7578999190272935
20
14.392960808886846
30
0
10
3.7432403491167547
20
14.36809747964711
30
0
10
3.7287921050144668
20
14.343161121929164
30
0
10
3.7145485544304573
20
14.318154566427381
30
0
10
3.7004990024251603
20
14.293082023001292
30
0
10
3.6866349633565161
20
14.267947005557765
30
0
10
3.6729561502142394
20
14.242750350403799
30
0
10
3.6594757916883092
20
14.217488457980544
30
0
10
3.6462283309849441
20
14.19215074389512
30
0
10
3.6332587697228225
20
14.166723184783498
30
0
10
3.6206085319780961
20
14.141193021270798
30
0
10
3.608301867806663
20
14.115553278469612
30
0
10
3.596333508488494
20
14.089806878805156
30
0
10
3.5846517871288648
20
14.063972240215247
30
0
10
3.5731874528710383
20
14.038073895827765
30
0
10
3.5618885786615073
20
14.012131113533437
30
0
10
3.5507540881370083
20
13.986146974565724
30
0
10
3.5398661793743753
20
13.960097800371011
30
0
10
3.5294280182481179
20
13.933920888729169
30
0
10
3.5216139470557053
20
13.912707883417719
30
0
10
3.5161940407343124
20
13.896637468055976
30
0
10
3.512799454534528
20
13.885819918164335
30
0
10
3.5111472010179083
20
13.880340693532997
30
0
10
3.5111158238815374
20
13.880236560053401
30
0
0
SPLINE
5
231
100
AcDbEntity
8
0
100
AcDbSpline
70
0
71
3
72
9
73
5
74
0
42
0.000000001
43
0.0000000001
44
0.0000000001
40
-1
40
-1
40
-1
40
-1
40
-0.5
40
0
40
0
40
0
40
0
10
3.1563991280628763
20
13.67447395758534
30
0
10
3.2297203631715128
20
13.657549644205298
30
0
10
3.3892415340769961
20
13.681705604676832
30
0
10
3.4894061312721454
20
13.808187096848979
30
0
10
3.5111158238815414
20
13.880236560053413
30
0
0
ARC
5
232
100
AcDbEntity
8
0
100
AcDbCircle
10
0
20
0
30
0
40
14.034033400000007
210
0
220
-0
230
1
100
AcDbArc
50
77.002394509847846
51
78.997605490152111
0
SPLINE
5
233
100
AcDbEntity
8
0
100
AcDbSpline
70
0
71
3
72
14
73
10
74
0
42
0.000000001
43
0.0000000001
44
0.0000000001
40
0
40
0
40
0
40
0
40
0.011719334201607898
40
0.011719334201607898
40
0.023438668403215634
40
0.023438668403215634
40
0.034360691258245105
40
0.034360691258245105
40
0.045282714113274544
40
0.045282714113274544
40
0.045282714113274544
40
0.045282714113274544
10
2.4380369113700908
20
14.108326524097464
30
0
10
2.4331194778989453
20
14.069572815966055
30
0
10
2.4358185187243846
20
14.030229130302409
30
0
10
2.4561457071388428
20
13.954790880092897
30
0
10
2.4735795157274461
20
13.919417546336055
30
0
10
2.519411019815422
20
13.859456110549822
30
0
10
2.5466015827243362
20
13.834795815843597
30
0
10
2.6084819109291169
20
13.796420971465002
30
0
10
2.6426579892940505
20
13.783024982740933
30
0
10
2.6783955473868164
20
13.776076755159789
30
0
0
SPLINE
5
234
100
AcDbEntity
8
0
100
AcDbSpline
70
4
71
5
72
81
73
75
74
0
42
0.000000001
43
0.0000000001
44
0.0000000001
40
0.01400897043392455
40
0.01400897043392455
40
0.01400897043392455
40
0.01400897043392455
40
0.01400897043392455
40
0.01400897043392455
40
0.014285714285714285
40
0.028571428571428571
40
0.042857142857142858
40
0.057142857142857141
40
0.071428571428571425
40
0.085714285714285715
40
0.10000000000000001
40
0.1142857142857143
40
0.12857142857142859
40
0.14285714285714288
40
0.15714285714285717
40
0.17142857142857146
40
0.18571428571428575
40
0.20000000000000004
40
0.21428571428571433
40
0.22857142857142862
40
0.24285714285714291
40
0.25714285714285717
40
0.27142857142857146
40
0.28571428571428575
40
0.30000000000000004
40
0.31428571428571433
40
0.32857142857142863
40
0.34285714285714292
40
0.35714285714285721
40
0.3714285714285715
40
0.38571428571428579
40
0.40000000000000008
40
0.41428571428571437
40
0.42857142857142866
40
0.44285714285714295
40
0.45714285714285724
40
0.47142857142857153
40
0.48571428571428582
40
0.50000000000000011
40
0.51428571428571435
40
0.52857142857142858
40
0.54285714285714282
40
0.55714285714285705
40
0.57142857142857129
40
0.58571428571428552
40
0.59999999999999976
40
0.61428571428571399
40
0.62857142857142823
40
0.64285714285714246
40
0.6571428571428567
40
0.67142857142857093
40
0.68571428571428517
40
0.6999999999999994
40
0.71428571428571364
40
0.72857142857142787
40
0.74285714285714211
40
0.75714285714285634
40
0.77142857142857058
40
0.78571428571428481
40
0.79999999999999905
40
0.81428571428571328
40
0.82857142857142752
40
0.84285714285714175
40
0.85714285714285599
40
0.87142857142857022
40
0.88571428571428445
40
0.89999999999999869
40
0.91428571428571292
40
0.92857142857142716
40
0.94285714285714139
40
0.95714285714285563
40
0.97142857142856986
40
0.9857142857142841
40
1
40
1
40
1
40
1
40
1
40
1
41
1
41
1
41
1
41
1
41
1
41
1
41
1
41
1
41
1
41
1
41
1
41
1
41
1
41
1
41
1
41
1
41
1
41
1
41
1
41
1
41
1
41
1
41
1
41
1
41
1
41
1
41
1
41
1
41
1
41
1
41
1
41
1
41
1
41
1
41
1
41
1
41
1
41
1
41
1
41
1
41
1
41
1
41
1
41
1
41
1
41
1
41
1
41
1
41
1
41
1
41
1
41
1
41
1
41
1
41
1
41
1
41
1
41
1
41
1
41
1
41
1
41
1
41
1
41
1
41
1
41
1
41
1
41
1
41
1
41
1
41
1
41
1
41
1
41
1
41
1
10
2.4380369113700908
20
14.10832652409746
30
0
10
2.4380506018316077
20
14.108434416995848
30
0
10
2.4387697945698346
20
14.114111969818071
30
0
10
2.4400685796956747
20
14.125374995979925
30
0
10
2.4416536756919851
20
14.142260525439019
30
0
10
2.4431432730183906
20
14.1648178391698
30
0
10
2.444254647502651
20
14.192977220511693
30
0
10
2.4449032015761762
20
14.221202836732839
30
0
10
2.4453000397912943
20
14.24946933415584
30
0
10
2.4455298847631424
20
14.277764911245956
30
0
10
2.445590499934394
20
14.306087190952731
30
0
10
2.4454266106239957
20
14.334439691817543
30
0
10
2.4449649745042605
20
14.362828168573857
30
0
10
2.4441509002679944
20
14.391256810417556
30
0
10
2.4429783860425314
20
14.419725090561856
30
0
10
2.4414724222985758
20
14.448229517497138
30
0
10
2.4396760415180365
20
14.47676489880269
30
0
10
2.4376360585412566
20
14.505325741651703
30
0
10
2.4353882438632537
20
14.53390770605415
30
0
10
2.4329461465661422
20
14.562508699777702
30
0
10
2.4303091642962915
20
14.591128075555508
30
0
10
2.4274681157992486
20
14.619766074695468
30
0
10
2.42441151845743
20
14.648423201323354
30
0
10
2.4211321620253194
20
14.677099567066531
30
0
10
2.4176317154558924
20
14.705794430978216
30
0
10
2.4139172172221941
20
14.734506544593998
30
0
10
2.4099987934626421
20
14.763234375221304
30
0
10
2.4058870222279434
20
14.791976364447523
30
0
10
2.4015901650294076
20
14.820731199668927
30
0
10
2.3971123507272059
20
14.849497991757058
30
0
10
2.3924551252619479
20
14.878276120703063
30
0
10
2.3876184462365337
20
14.907065136068265
30
0
10
2.3826018394239705
20
14.935864641537744
30
0
10
2.3774056188054966
20
14.964674173170774
30
0
10
2.3720316632293525
20
14.99349312169379
30
0
10
2.3664827575664211
20
15.022320797192815
30
0
10
2.3607621838691712
20
15.051156469077601
30
0
10
2.3548732396763645
20
15.079999413301149
30
0
10
2.3488187320678371
20
15.108848962091614
30
0
10
2.3426006630824419
20
15.137704534606602
30
0
10
2.3362205180851663
20
15.166565607425893
30
0
10
2.329679448901782
20
15.195431695594708
30
0
10
2.3229784889152767
20
15.224302330580402
30
0
10
2.3161187800694387
20
15.253177036994913
30
0
10
2.3091017183020988
20
15.282055317848563
30
0
10
2.3019288317347684
20
15.310936667444022
30
0
10
2.294601706287684
20
15.339820579503378
30
0
10
2.2871218978027836
20
15.368706556628876
30
0
10
2.2794908415189314
20
15.397594120426938
30
0
10
2.2717097935014601
20
15.426482817474465
30
0
10
2.2637798855294284
20
15.455372210747081
30
0
10
2.2557021621247229
20
15.484261873352603
30
0
10
2.2474776236643743
20
15.513151381785597
30
0
10
2.2391072724345262
20
15.542040308400633
30
0
10
2.230592144639342
20
15.570928217248238
30
0
10
2.2219332816637367
20
15.59981467310446
30
0
10
2.2131317113026379
20
15.628699248717549
30
0
10
2.2041884270270806
20
15.657581532219007
30
0
10
2.1951043669565151
20
15.686461135794474
30
0
10
2.1858804003912216
20
15.715337699978356
30
0
10
2.1765173514855514
20
15.74421087629978
30
0
10
2.1670160191480505
20
15.77308031245655
30
0
10
2.1573771984416954
20
15.801945637321847
30
0
10
2.1476017045461133
20
15.830806444178309
30
0
10
2.1376903902655746
20
15.859662280106184
30
0
10
2.1276441102777097
20
15.888512680682039
30
0
10
2.117463691506468
20
15.917357200310452
30
0
10
2.1071499023020746
20
15.946195443799716
30
0
10
2.0967034225554642
20
15.975027098643924
30
0
10
2.0861248157162731
20
16.003851963922287
30
0
10
2.0754145257421559
20
16.032669924348092
30
0
10
2.0667412036478758
20
16.055718727047861
30
0
10
2.0601771862705403
20
16.073002192632615
30
0
10
2.0557749497066218
20
16.084523109515729
30
0
10
2.0535672751799074
20
16.090283219580389
30
0
0
ARC
5
235
100
AcDbEntity
8
0
100
AcDbCircle
10
0
20
0
30
0
40
16.220800000000001
210
0
220
-0
230
1
100
AcDbArc
50
82.726787006571243
51
85.273212993428572
0
SPLINE
5
236
100
AcDbEntity
8
0
100
AcDbSpline
70
4
71
5
72
81
73
75
74
0
42
0.000000001
43
0.0000000001
44
0.0000000001
40
-1
40
-1
40
-1
40
-1
40
-1
40
-1
40
-0.9857142857142841
40
-0.97142857142856986
40
-0.95714285714285563
40
-0.94285714285714139
40
-0.92857142857142716
40
-0.91428571428571292
40
-0.89999999999999869
40
-0.88571428571428445
40
-0.87142857142857022
40
-0.85714285714285599
40
-0.84285714285714175
40
-0.82857142857142752
40
-0.81428571428571328
40
-0.79999999999999905
40
-0.78571428571428481
40
-0.77142857142857058
40
-0.75714285714285634
40
-0.74285714285714211
40
-0.72857142857142787
40
-0.71428571428571364
40
-0.6999999999999994
40
-0.68571428571428517
40
-0.67142857142857093
40
-0.6571428571428567
40
-0.64285714285714246
40
-0.62857142857142823
40
-0.61428571428571399
40
-0.59999999999999976
40
-0.58571428571428552
40
-0.57142857142857129
40
-0.55714285714285705
40
-0.54285714285714282
40
-0.52857142857142858
40
-0.51428571428571435
40
-0.50000000000000011
40
-0.48571428571428582
40
-0.47142857142857153
40
-0.45714285714285724
40
-0.44285714285714295
40
-0.42857142857142866
40
-0.41428571428571437
40
-0.40000000000000008
40
-0.38571428571428579
40
-0.3714285714285715
40
-0.35714285714285721
40
-0.34285714285714292
40
-0.32857142857142863
40
-0.31428571428571433
40
-0.30000000000000004
40
-0.28571428571428575
40
-0.27142857142857146
40
-0.25714285714285717
40
-0.24285714285714291
40
-0.22857142857142862
40
-0.21428571428571433
40
-0.20000000000000004
40
-0.18571428571428575
40
-0.17142857142857146
40
-0.15714285714285717
40
-0.14285714285714288
40
-0.12857142857142859
40
-0.1142857142857143
40
-0.10000000000000001
40
-0.085714285714285715
40
-0.071428571428571425
40
-0.057142857142857141
40
-0.042857142857142858
40
-0.028571428571428571
40
-0.014285714285714285
40
-0.014008970433927384
40
-0.014008970433927384
40
-0.014008970433927384
40
-0.014008970433927384
40
-0.014008970433927384
40
-0.014008970433927384
41
1
41
1
41
1
41
1
41
1
41
1
41
1
41
1
41
1
41
1
41
1
41
1
41
1
41
1
41
1
41
1
41
1
41
1
41
1
41
1
41
1
41
1
41
1
41
1
41
1
41
1
41
1
41
1
41
1
41
1
41
1
41
1
41
1
41
1
41
1
41
1
41
1
41
1
41
1
41
1
41
1
41
1
41
1
41
1
41
1
41
1
41
1
41
1
41
1
41
1
41
1
41
1
41
1
41
1
41
1
41
1
41
1
41
1
41
1
41
1
41
1
41
1
41
1
41
1
41
1
41
1
41
1
41
1
41
1
41
1
41
1
41
1
41
1
41
1
41
1
10
1.3366660867569169
20
16.165632570750642
30
0
10
1.3333090609925713
20
16.160457334254556
30
0
10
1.3266076905507707
20
16.15010345349447
30
0
10
1.3165936781490384
20
16.134562409051856
30
0
10
1.3033177734114938
20
16.113820563052919
30
0
10
1.2868499380920995
20
16.087859138702044
30
0
10
1.2705094727156208
20
16.061863581922971
30
0
10
1.2542968355076249
20
16.035833913179136
30
0
10
1.2382126193788046
20
16.009770211852953
30
0
10
1.2222575543364829
20
15.983672642264068
30
0
10
1.2064324741055561
20
15.95754143121929
30
0
10
1.1907382801842037
20
15.931376842649566
30
0
10
1.17517590513236
20
15.905179153132078
30
0
10
1.1597462772857892
20
15.878948628381234
30
0
10
1.1444502785717769
20
15.852685496741268
30
0
10
1.1292887638408784
20
15.826389955926089
30
0
10
1.114262587791307
20
15.800062184436825
30
0
10
1.0993726290188404
20
15.773702351778102
30
0
10
1.0846198125645574
20
15.74731062882263
30
0
10
1.0700051366788892
20
15.720887199864102
30
0
10
1.0555296587554164
20
15.694432261216454
30
0
10
1.0411944729599205
20
15.667946017104375
30
0
10
1.0270006884087031
20
15.64142867672504
30
0
10
1.0129494093013713
20
15.614880451062415
30
0
10
0.99904170493420097
20
15.588301550029847
30
0
10
0.98527864187530845
20
15.561692179888077
30
0
10
0.97166133057715154
20
15.535052541032359
30
0
10
0.95819096894917466
20
15.508382825626938
30
0
10
0.9448688798806365
20
15.481683216035872
30
0
10
0.93169656671060141
20
15.454953881795744
30
0
10
0.91867565469694268
20
15.428194985957251
30
0
10
0.90580780036482511
20
15.401406694003557
30
0
10
0.89309460358303006
20
15.374589182866963
30
0
10
0.88053753311475746
20
15.347742648444942
30
0
10
0.8681378047883237
20
15.320867318313717
30
0
10
0.85589652681823114
20
15.293963435914968
30
0
10
0.84381492668786195
20
15.267031236128009
30
0
10
0.83189456612860313
20
15.24007092211032
30
0
10
0.82013752419387353
20
15.213082645764221
30
0
10
0.80854668545965624
20
15.18606647664441
30
0
10
0.79712542594341407
20
15.159022437378873
30
0
10
0.78587710787514808
20
15.13195056021563
30
0
10
0.77480459871081264
20
15.104850940985164
30
0
10
0.76390986291640595
20
15.077723785012445
30
0
10
0.7531933040706168
20
15.0505694808196
30
0
10
0.74265454070796488
20
15.023388514658457
30
0
10
0.73229362500928763
20
14.996181335939383
30
0
10
0.72211219803977711
20
14.96894822970342
30
0
10
0.71211448329430049
20
14.941689207211139
30
0
10
0.70230883465598748
20
14.914403834717941
30
0
10
0.69270592303195433
20
14.887091437280978
30
0
10
0.68331597194490945
20
14.85975140875725
30
0
10
0.67414612563071963
20
14.832383506948384
30
0
10
0.66519817062322517
20
14.804988109614881
30
0
10
0.65646503102944731
20
14.777566606663029
30
0
10
0.64793537034090243
20
14.750120892353848
30
0
10
0.63960015776484469
20
14.722652639542739
30
0
10
0.63145893868485625
20
14.695162606588575
30
0
10
0.62352540110266252
20
14.667650022990815
30
0
10
0.61583543617680592
20
14.6401116967962
30
0
10
0.60843597775395719
20
14.61254326744748
30
0
10
0.60137019751802023
20
14.584940866942439
30
0
10
0.59466326576362194
20
14.557302714681819
30
0
10
0.58830942129854402
20
14.52963057380034
30
0
10
0.58225429696907638
20
14.501931717608249
30
0
10
0.57642505449175541
20
14.474215745063013
30
0
10
0.57076689552403914
20
14.446490706764216
30
0
10
0.56527812659932508
20
14.418759392824471
30
0
10
0.56004407261737776
20
14.391015732064512
30
0
10
0.5552764963154988
20
14.363240633018634
30
0
10
0.55204361312830785
20
14.3408665460151
30
0
10
0.55008337199383905
20
14.324020445898872
30
0
10
0.54901206073551245
20
14.31273351127013
30
0
10
0.548535107779899
20
14.307030498020804
30
0
10
0.54852606687705441
20
14.30692211643411
30
0
0
SPLINE
5
237
100
AcDbEntity
8
0
100
AcDbSpline
70
0
71
3
72
9
73
5
74
0
42
0.000000001
43
0.0000000001
44
0.0000000001
40
-1
40
-1
40
-1
40
-1
40
-0.5
40
0
40
0
40
0
40
0
10
0.24434123250800102
20
14.031906172520255
30
0
10
0.31957898532313095
20
14.030596037957784
30
0
10
0.47059192932562138
20
14.087390449100628
30
0
10
0.54227070885585626
20
14.231933407968977
30
0
10
0.54852606687705441
20
14.306922116434112
30
0
0
ARC
5
238
100
AcDbEntity
8
0
100
AcDbCircle
10
0
20
0
30
0
40
14.034033399999998
210
0
220
-0
230
1
100
AcDbArc
50
89.002394509847818
51
90.997605490152083
0
SPLINE
5
239
100
AcDbEntity
8
0
100
AcDbSpline
70
0
71
3
72
14
73
10
74
0
42
0.000000001
43
0.0000000001
44
0.0000000001
40
0
40
0
40
0
40
0
40
0.011719334201607933
40
0.011719334201607933
40
0.023438668403215707
40
0.023438668403215707
40
0.034360691258245452
40
0.034360691258245452
40
0.045282714113275266
40
0.045282714113275266
40
0.045282714113275266
40
0.045282714113275266
10
-0.54852606687703731
20
14.306922116434118
30
0
10
-0.54527869364554782
20
14.267992877898372
30
0
10
-0.53445862112853182
20
14.230070108304055
30
0
10
-0.49889113639787375
20
14.160506624970886
30
0
10
-0.47448376872403375
20
14.129530976047722
30
0
10
-0.41718710946418269
20
14.080408747004515
30
0
10
-0.38546356202379051
20
14.06194057481291
30
0
10
-0.31695688867804006
20
14.037269956520868
30
0
10
-0.28074245695709138
20
14.031272308529335
30
0
10
-0.24434123250798417
20
14.031906172520252
30
0
0
SPLINE
5
240
100
AcDbEntity
8
0
100
AcDbSpline
70
4
71
5
72
81
73
75
74
0
42
0.000000001
43
0.0000000001
44
0.0000000001
40
0.01400897043392749
40
0.01400897043392749
40
0.01400897043392749
40
0.01400897043392749
40
0.01400897043392749
40
0.01400897043392749
40
0.014285714285714285
40
0.028571428571428571
40
0.042857142857142858
40
0.057142857142857141
40
0.071428571428571425
40
0.085714285714285715
40
0.10000000000000001
40
0.1142857142857143
40
0.12857142857142859
40
0.14285714285714288
40
0.15714285714285717
40
0.17142857142857146
40
0.18571428571428575
40
0.20000000000000004
40
0.21428571428571433
40
0.22857142857142862
40
0.24285714285714291
40
0.25714285714285717
40
0.27142857142857146
40
0.28571428571428575
40
0.30000000000000004
40
0.31428571428571433
40
0.32857142857142863
40
0.34285714285714292
40
0.35714285714285721
40
0.3714285714285715
40
0.38571428571428579
40
0.40000000000000008
40
0.41428571428571437
40
0.42857142857142866
40
0.44285714285714295
40
0.45714285714285724
40
0.47142857142857153
40
0.48571428571428582
40
0.50000000000000011
40
0.51428571428571435
40
0.52857142857142858
40
0.54285714285714282
40
0.55714285714285705
40
0.57142857142857129
40
0.58571428571428552
40
0.59999999999999976
40
0.61428571428571399
40
0.62857142857142823
40
0.64285714285714246
40
0.6571428571428567
40
0.67142857142857093
40
0.68571428571428517
40
0.6999999999999994
40
0.71428571428571364
40
0.72857142857142787
40
0.74285714285714211
40
0.75714285714285634
40
0.77142857142857058
40
0.78571428571428481
40
0.79999999999999905
40
0.81428571428571328
40
0.82857142857142752
40
0.84285714285714175
40
0.85714285714285599
40
0.87142857142857022
40
0.88571428571428445
40
0.89999999999999869
40
0.91428571428571292
40
0.92857142857142716
40
0.94285714285714139
40
0.95714285714285563
40
0.97142857142856986
40
0.9857142857142841
40
1
40
1
40
1
40
1
40
1
40
1
41
1
41
1
41
1
41
1
41
1
41
1
41
1
41
1
41
1
41
1
41
1
41
1
41
1
41
1
41
1
41
1
41
1
41
1
41
1
41
1
41
1
41
1
41
1
41
1
41
1
41
1
41
1
41
1
41
1
41
1
41
1
41
1
41
1
41
1
41
1
41
1
41
1
41
1
41
1
41
1
41
1
41
1
41
1
41
1
41
1
41
1
41
1
41
1
41
1
41
1
41
1
41
1
41
1
41
1
41
1
41
1
41
1
41
1
41
1
41
1
41
1
41
1
41
1
41
1
41
1
41
1
41
1
41
1
41
1
41
1
41
1
41
1
41
1
41
1
41
1
10
-0.54852606687703687
20
14.30692211643411
30
0
10
-0.54853510777988157
20
14.307030498020804
30
0
10
-0.54901206073549491
20
14.312733511270132
30
0
10
-0.55008337199382151
20
14.324020445898872
30
0
10
-0.55204361312829109
20
14.340866546015103
30
0
10
-0.55527649631548126
20
14.363240633018638
30
0
10
-0.56004407261736
20
14.39101573206451
30
0
10
-0.56527812659930765
20
14.418759392824473
30
0
10
-0.57076689552402138
20
14.446490706764216
30
0
10
-0.57642505449173764
20
14.474215745063015
30
0
10
-0.58225429696905828
20
14.501931717608251
30
0
10
-0.58830942129852604
20
14.529630573800343
30
0
10
-0.59466326576360395
20
14.557302714681819
30
0
10
-0.60137019751800247
20
14.584940866942443
30
0
10
-0.60843597775393921
20
14.61254326744748
30
0
10
-0.61583543617678815
20
14.640111696796204
30
0
10
-0.62352540110264365
20
14.66765002299082
30
0
10
-0.63145893868483904
20
14.695162606588577
30
0
10
-0.63960015776482748
20
14.722652639542739
30
0
10
-0.647935370340885
20
14.750120892353848
30
0
10
-0.6564650310294301
20
14.777566606663029
30
0
10
-0.66519817062320707
20
14.804988109614881
30
0
10
-0.67414612563070109
20
14.832383506948386
30
0
10
-0.68331597194489169
20
14.85975140875725
30
0
10
-0.69270592303193679
20
14.887091437280979
30
0
10
-0.70230883465596894
20
14.914403834717941
30
0
10
-0.71211448329428295
20
14.941689207211141
30
0
10
-0.72211219803975846
20
14.96894822970342
30
0
10
-0.73229362500926987
20
14.996181335939383
30
0
10
-0.74265454070794679
20
15.02338851465846
30
0
10
-0.75319330407059937
20
15.0505694808196
30
0
10
-0.76390986291638674
20
15.077723785012445
30
0
10
-0.77480459871079521
20
15.104850940985168
30
0
10
-0.78587710787512943
20
15.131950560215632
30
0
10
-0.79712542594339553
20
15.159022437378875
30
0
10
-0.80854668545963793
20
15.186066476644415
30
0
10
-0.82013752419385444
20
15.213082645764217
30
0
10
-0.83189456612858481
20
15.240070922110323
30
0
10
-0.84381492668784364
20
15.267031236128011
30
0
10
-0.85589652681821227
20
15.29396343591497
30
0
10
-0.86813780478830505
20
15.320867318313718
30
0
10
-0.88053753311473915
20
15.347742648444942
30
0
10
-0.89309460358301096
20
15.374589182866963
30
0
10
-0.90580780036480624
20
15.401406694003557
30
0
10
-0.91867565469692414
20
15.428194985957253
30
0
10
-0.93169656671058365
20
15.454953881795747
30
0
10
-0.9448688798806173
20
15.481683216035872
30
0
10
-0.95819096894915612
20
15.50838282562694
30
0
10
-0.97166133057713266
20
15.535052541032361
30
0
10
-0.9852786418752888
20
15.561692179888079
30
0
10
-0.99904170493418176
20
15.588301550029849
30
0
10
-1.0129494093013525
20
15.614880451062419
30
0
10
-1.027000688408684
20
15.641428676725045
30
0
10
-1.041194472959901
20
15.667946017104377
30
0
10
-1.0555296587553975
20
15.694432261216456
30
0
10
-1.0700051366788699
20
15.720887199864107
30
0
10
-1.0846198125645381
20
15.747310628822632
30
0
10
-1.0993726290188219
20
15.773702351778102
30
0
10
-1.1142625877912882
20
15.800062184436827
30
0
10
-1.1292887638408589
20
15.826389955926093
30
0
10
-1.1444502785717581
20
15.85268549674127
30
0
10
-1.1597462772857701
20
15.87894862838124
30
0
10
-1.1751759051323409
20
15.905179153132085
30
0
10
-1.190738280184185
20
15.93137684264957
30
0
10
-1.2064324741055366
20
15.957541431219294
30
0
10
-1.2222575543364624
20
15.983672642264068
30
0
10
-1.2382126193787855
20
16.009770211852956
30
0
10
-1.2542968355076065
20
16.03583391317914
30
0
10
-1.2705094727156008
20
16.061863581922971
30
0
10
-1.2868499380920804
20
16.087859138702044
30
0
10
-1.3033177734114745
20
16.113820563052922
30
0
10
-1.3165936781490188
20
16.134562409051856
30
0
10
-1.3266076905507516
20
16.15010345349447
30
0
10
-1.3333090609925515
20
16.160457334254556
30
0
10
-1.3366660867568971
20
16.165632570750645
30
0
0
ARC
5
241
100
AcDbEntity
8
0
100
AcDbCircle
10
0
20
0
30
0
40
16.220800000000004
210
0
220
0
230
1
100
AcDbArc
50
94.726787006571257
51
97.273212993428572
0
SPLINE
5
242
100
AcDbEntity
8
0
100
AcDbSpline
70
4
71
5
72
81
73
75
74
0
42
0.000000001
43
0.0000000001
44
0.0000000001
40
-1
40
-1
40
-1
40
-1
40
-1
40
-1
40
-0.9857142857142841
40
-0.97142857142856986
40
-0.95714285714285563
40
-0.94285714285714139
40
-0.92857142857142716
40
-0.91428571428571292
40
-0.89999999999999869
40
-0.88571428571428445
40
-0.87142857142857022
40
-0.85714285714285599
40
-0.84285714285714175
40
-0.82857142857142752
40
-0.81428571428571328
40
-0.79999999999999905
40
-0.78571428571428481
40
-0.77142857142857058
40
-0.75714285714285634
40
-0.74285714285714211
40
-0.72857142857142787
40
-0.71428571428571364
40
-0.6999999999999994
40
-0.68571428571428517
40
-0.67142857142857093
40
-0.6571428571428567
40
-0.64285714285714246
40
-0.62857142857142823
40
-0.61428571428571399
40
-0.59999999999999976
40
-0.58571428571428552
40
-0.57142857142857129
40
-0.55714285714285705
40
-0.54285714285714282
40
-0.52857142857142858
40
-0.51428571428571435
40
-0.50000000000000011
40
-0.48571428571428582
40
-0.47142857142857153
40
-0.45714285714285724
40
-0.44285714285714295
40
-0.42857142857142866
40
-0.41428571428571437
40
-0.40000000000000008
40
-0.38571428571428579
40
-0.3714285714285715
40
-0.35714285714285721
40
-0.34285714285714292
40
-0.32857142857142863
40
-0.31428571428571433
40
-0.30000000000000004
40
-0.28571428571428575
40
-0.27142857142857146
40
-0.25714285714285717
40
-0.24285714285714291
40
-0.22857142857142862
40
-0.21428571428571433
40
-0.20000000000000004
40
-0.18571428571428575
40
-0.17142857142857146
40
-0.15714285714285717
40
-0.14285714285714288
40
-0.12857142857142859
40
-0.1142857142857143
40
-0.10000000000000001
40
-0.085714285714285715
40
-0.071428571428571425
40
-0.057142857142857141
40
-0.042857142857142858
40
-0.028571428571428571
40
-0.014285714285714285
40
-0.014008970433922237
40
-0.014008970433922237
40
-0.014008970433922237
40
-0.014008970433922237
40
-0.014008970433922237
40
-0.014008970433922237
41
1
41
1
41
1
41
1
41
1
41
1
41
1
41
1
41
1
41
1
41
1
41
1
41
1
41
1
41
1
41
1
41
1
41
1
41
1
41
1
41
1
41
1
41
1
41
1
41
1
41
1
41
1
41
1
41
1
41
1
41
1
41
1
41
1
41
1
41
1
41
1
41
1
41
1
41
1
41
1
41
1
41
1
41
1
41
1
41
1
41
1
41
1
41
1
41
1
41
1
41
1
41
1
41
1
41
1
41
1
41
1
41
1
41
1
41
1
41
1
41
1
41
1
41
1
41
1
41
1
41
1
41
1
41
1
41
1
41
1
41
1
41
1
41
1
41
1
41
1
10
-2.0535672751798888
20
16.090283219580392
30
0
10
-2.0557749497066018
20
16.084523109515732
30
0
10
-2.060177186270522
20
16.073002192632618
30
0
10
-2.0667412036478576
20
16.055718727047864
30
0
10
-2.0754145257421368
20
16.032669924348095
30
0
10
-2.0861248157162535
20
16.003851963922287
30
0
10
-2.0967034225554446
20
15.975027098643931
30
0
10
-2.1071499023020563
20
15.94619544379972
30
0
10
-2.1174636915064493
20
15.917357200310448
30
0
10
-2.1276441102776902
20
15.888512680682043
30
0
10
-2.1376903902655555
20
15.859662280106186
30
0
10
-2.1476017045460938
20
15.830806444178315
30
0
10
-2.1573771984416763
20
15.801945637321847
30
0
10
-2.1670160191480297
20
15.77308031245655
30
0
10
-2.1765173514855327
20
15.744210876299782
30
0
10
-2.1858804003912016
20
15.71533769997836
30
0
10
-2.1951043669564956
20
15.686461135794476
30
0
10
-2.2041884270270606
20
15.657581532219012
30
0
10
-2.2131317113026192
20
15.628699248717552
30
0
10
-2.2219332816637167
20
15.599814673104465
30
0
10
-2.2305921446393242
20
15.570928217248241
30
0
10
-2.2391072724345067
20
15.542040308400633
30
0
10
-2.2474776236643561
20
15.513151381785601
30
0
10
-2.2557021621247051
20
15.484261873352605
30
0
10
-2.2637798855294085
20
15.455372210747083
30
0
10
-2.2717097935014419
20
15.426482817474467
30
0
10
-2.2794908415189123
20
15.397594120426941
30
0
10
-2.287121897802765
20
15.368706556628876
30
0
10
-2.2946017062876658
20
15.339820579503382
30
0
10
-2.3019288317347502
20
15.310936667444023
30
0
10
-2.3091017183020797
20
15.282055317848569
30
0
10
-2.316118780069421
20
15.253177036994918
30
0
10
-2.3229784889152576
20
15.224302330580404
30
0
10
-2.3296794489017629
20
15.195431695594712
30
0
10
-2.3362205180851476
20
15.166565607425897
30
0
10
-2.3426006630824237
20
15.137704534606604
30
0
10
-2.3488187320678202
20
15.108848962091617
30
0
10
-2.3548732396763459
20
15.079999413301151
30
0
10
-2.3607621838691535
20
15.051156469077604
30
0
10
-2.3664827575664034
20
15.022320797192819
30
0
10
-2.3720316632293343
20
14.993493121693795
30
0
10
-2.3774056188054784
20
14.96467417317078
30
0
10
-2.3826018394239523
20
14.935864641537746
30
0
10
-2.3876184462365151
20
14.907065136068269
30
0
10
-2.3924551252619302
20
14.878276120703065
30
0
10
-2.3971123507271881
20
14.849497991757064
30
0
10
-2.4015901650293885
20
14.820731199668929
30
0
10
-2.4058870222279252
20
14.791976364447525
30
0
10
-2.4099987934626248
20
14.763234375221305
30
0
10
-2.4139172172221759
20
14.734506544594002
30
0
10
-2.417631715455876
20
14.705794430978219
30
0
10
-2.421132162025303
20
14.677099567066538
30
0
10
-2.4244115184574113
20
14.648423201323359
30
0
10
-2.4274681157992313
20
14.61976607469547
30
0
10
-2.4303091642962737
20
14.59112807555551
30
0
10
-2.4329461465661257
20
14.562508699777705
30
0
10
-2.435388243863235
20
14.533907706054151
30
0
10
-2.437636058541238
20
14.50532574165171
30
0
10
-2.4396760415180192
20
14.476764898802692
30
0
10
-2.441472422298558
20
14.44822951749714
30
0
10
-2.4429783860425154
20
14.419725090561862
30
0
10
-2.4441509002679767
20
14.391256810417556
30
0
10
-2.4449649745042423
20
14.362828168573863
30
0
10
-2.4454266106239797
20
14.334439691817551
30
0
10
-2.445590499934378
20
14.306087190952736
30
0
10
-2.4455298847631259
20
14.277764911245963
30
0
10
-2.4453000397912779
20
14.249469334155844
30
0
10
-2.4449032015761585
20
14.221202836732845
30
0
10
-2.4442546475026337
20
14.192977220511693
30
0
10
-2.4431432730183729
20
14.164817839169801
30
0
10
-2.4416536756919678
20
14.142260525439019
30
0
10
-2.4400685796956574
20
14.125374995979927
30
0
10
-2.4387697945698168
20
14.114111969818071
30
0
10
-2.4380506018315899
20
14.108434416995852
30
0
10
-2.4380369113700726
20
14.108326524097464
30
0
0
SPLINE
5
243
100
AcDbEntity
8
0
100
AcDbSpline
70
0
71
3
72
9
73
5
74
0
42
0.000000001
43
0.0000000001
44
0.0000000001
40
-1
40
-1
40
-1
40
-1
40
-0.5
40
0
40
0
40
0
40
0
10
-2.6783955473868009
20
13.77607675515981
30
0
10
-2.6045295276939981
20
13.79043805858201
30
0
10
-2.4686248008879268
20
13.877388732099396
30
0
10
-2.428564545641017
20
14.033675936767319
30
0
10
-2.4380369113700735
20
14.108326524097471
30
0
0
ARC
5
244
100
AcDbEntity
8
0
100
AcDbCircle
10
0
20
0
30
0
40
14.034033400000013
210
0
220
0
230
1
100
AcDbArc
50
101.00239450984783
51
102.99760549015214
0
SPLINE
5
245
100
AcDbEntity
8
0
100
AcDbSpline
70
0
71
3
72
14
73
10
74
0
42
0.000000001
43
0.0000000001
44
0.0000000001
40
0
40
0
40
0
40
0
40
0.011719334201607739
40
0.011719334201607739
40
0.023438668403215599
40
0.023438668403215599
40
0.034360691258243738
40
0.034360691258243738
40
0.045282714113271866
40
0.045282714113271866
40
0.045282714113271866
40
0.045282714113271866
10
-3.511115823881533
20
13.880236560053401
30
0
10
-3.4998455697402466
20
13.842833185640544
30
0
10
-3.4813773546211109
20
13.80798873912047
30
0
10
-3.4321240433287024
20
13.747340280687935
30
0
10
-3.4018098356565138
20
13.72211610109405
30
0
10
-3.335552160174319
20
13.685979955917675
30
0
10
-3.3006820994520685
20
13.674511053985592
30
0
10
-3.2285431513220604
20
13.664622886182229
30
0
10
-3.1918731106874327
20
13.666285704920371
30
0
10
-3.1563991280628709
20
13.674473957585329
30
0
0
SPLINE
5
246
100
AcDbEntity
8
0
100
AcDbSpline
70
4
71
5
72
81
73
75
74
0
42
0.000000001
43
0.0000000001
44
0.0000000001
40
0.014008970433913383
40
0.014008970433913383
40
0.014008970433913383
40
0.014008970433913383
40
0.014008970433913383
40
0.014008970433913383
40
0.014285714285714285
40
0.028571428571428571
40
0.042857142857142858
40
0.057142857142857141
40
0.071428571428571425
40
0.085714285714285715
40
0.10000000000000001
40
0.1142857142857143
40
0.12857142857142859
40
0.14285714285714288
40
0.15714285714285717
40
0.17142857142857146
40
0.18571428571428575
40
0.20000000000000004
40
0.21428571428571433
40
0.22857142857142862
40
0.24285714285714291
40
0.25714285714285717
40
0.27142857142857146
40
0.28571428571428575
40
0.30000000000000004
40
0.31428571428571433
40
0.32857142857142863
40
0.34285714285714292
40
0.35714285714285721
40
0.3714285714285715
40
0.38571428571428579
40
0.40000000000000008
40
0.41428571428571437
40
0.42857142857142866
40
0.44285714285714295
40
0.45714285714285724
40
0.47142857142857153
40
0.48571428571428582
40
0.50000000000000011
40
0.51428571428571435
40
0.52857142857142858
40
0.54285714285714282
40
0.55714285714285705
40
0.57142857142857129
40
0.58571428571428552
40
0.59999999999999976
40
0.61428571428571399
40
0.62857142857142823
40
0.64285714285714246
40
0.6571428571428567
40
0.67142857142857093
40
0.68571428571428517
40
0.6999999999999994
40
0.71428571428571364
40
0.72857142857142787
40
0.74285714285714211
40
0.75714285714285634
40
0.77142857142857058
40
0.78571428571428481
40
0.79999999999999905
40
0.81428571428571328
40
0.82857142857142752
40
0.84285714285714175
40
0.85714285714285599
40
0.87142857142857022
40
0.88571428571428445
40
0.89999999999999869
40
0.91428571428571292
40
0.92857142857142716
40
0.94285714285714139
40
0.95714285714285563
40
0.97142857142856986
40
0.9857142857142841
40
1
40
1
40
1
40
1
40
1
40
1
41
1
41
1
41
1
41
1
41
1
41
1
41
1
41
1
41
1
41
1
41
1
41
1
41
1
41
1
41
1
41
1
41
1
41
1
41
1
41
1
41
1
41
1
41
1
41
1
41
1
41
1
41
1
41
1
41
1
41
1
41
1
41
1
41
1
41
1
41
1
41
1
41
1
41
1
41
1
41
1
41
1
41
1
41
1
41
1
41
1
41
1
41
1
41
1
41
1
41
1
41
1
41
1
41
1
41
1
41
1
41
1
41
1
41
1
41
1
41
1
41
1
41
1
41
1
41
1
41
1
41
1
41
1
41
1
41
1
41
1
41
1
41
1
41
1
41
1
41
1
10
-3.5111158238815317
20
13.880236560053401
30
0
10
-3.5111472010179021
20
13.880340693532997
30
0
10
-3.5127994545345222
20
13.885819918164334
30
0
10
-3.5161940407343066
20
13.896637468055975
30
0
10
-3.5216139470557009
20
13.912707883417713
30
0
10
-3.5294280182481135
20
13.933920888729169
30
0
10
-3.5398661793743704
20
13.960097800371011
30
0
10
-3.5507540881370012
20
13.986146974565724
30
0
10
-3.5618885786615029
20
14.012131113533435
30
0
10
-3.5731874528710348
20
14.038073895827763
30
0
10
-3.5846517871288603
20
14.063972240215241
30
0
10
-3.59633350848849
20
14.089806878805152
30
0
10
-3.6083018678066567
20
14.115553278469612
30
0
10
-3.6206085319780916
20
14.141193021270798
30
0
10
-3.6332587697228176
20
14.166723184783496
30
0
10
-3.6462283309849393
20
14.192150743895118
30
0
10
-3.6594757916883056
20
14.217488457980544
30
0
10
-3.6729561502142349
20
14.242750350403796
30
0
10
-3.6866349633565108
20
14.267947005557769
30
0
10
-3.7004990024251549
20
14.293082023001286
30
0
10
-3.714548554430452
20
14.318154566427381
30
0
10
-3.7287921050144623
20
14.34316112192916
30
0
10
-3.743240349116749
20
14.368097479647108
30
0
10
-3.7578999190272877
20
14.392960808886844
30
0
10
-3.7727689887114635
20
14.417751111584122
30
0
10
-3.7878406204079749
20
14.442470110014847
30
0
10
-3.8031049400268335
20
14.467120522666242
30
0
10
-3.8185516501743515
20
14.491705228338372
30
0
10
-3.8341726697003637
20
14.516226388167437
30
0
10
-3.849963865062294
20
14.540684869252907
30
0
10
-3.8659235717927967
20
14.565080733979194
30
0
10
-3.8820516454136413
20
14.589413553605644
30
0
10
-3.8983483579569356
20
14.613682773195066
30
0
10
-3.9148132338848569
20
14.637888096624197
30
0
10
-3.9314443089702413
20
14.662029731490351
30
0
10
-3.9482387584936514
20
14.686108180234797
30
0
10
-3.9651932869931361
20
14.710124110361127
30
0
10
-3.9823045875206944
20
14.734078201649348
30
0
10
-3.999569824074011
20
14.757970985801743
30
0
10
-4.0169869314497042
20
14.781802746494952
30
0
10
-4.0345543398051529
20
14.805573609713182
30
0
10
-4.0522707996462728
20
14.829283600917938
30
0
10
-4.0701351763613376
20
14.852932712398079
30
0
10
-4.0881462333750402
20
14.876520974335385
30
0
10
-4.1063024932908068
20
14.900048500486264
30
0
10
-4.1246023544145309
20
14.92351545041622
30
0
10
-4.1430441620142124
20
14.946922006669254
30
0
10
-4.1616262924476173
20
14.970268347667817
30
0
10
-4.1803472399786088
20
14.993554620141884
30
0
10
-4.1992056727106126
20
15.016780920756629
30
0
10
-4.2182003789581879
20
15.039947310606433
30
0
10
-4.2373302308704108
20
15.06305382455121
30
0
10
-4.256594142302216
20
15.08610048258949
30
0
10
-4.2759910236805796
20
15.109087301714233
30
0
10
-4.2955197510692713
20
15.132014305127978
30
0
10
-4.3151791960943031
20
15.154881518803274
30
0
10
-4.3349682460393426
20
15.177688970468076
30
0
10
-4.3548858258014329
20
15.200436687942869
30
0
10
-4.3749309206274942
20
15.223124698509151
30
0
10
-4.3951025901643819
20
15.245753027355054
30
0
10
-4.415399939773752
20
15.268321691350357
30
0
10
-4.4358220963221253
20
15.290830693596371
30
0
10
-4.456368182532449
20
15.313280018433129
30
0
10
-4.4770372882742295
20
15.335669625869258
30
0
10
-4.4978284502529329
20
15.357999449008712
30
0
10
-4.5187406987836694
20
15.380269411208289
30
0
10
-4.5397730971938284
20
15.402479441736585
30
0
10
-4.5609247828216137
20
15.424629492084211
30
0
10
-4.5821950074481386
20
15.446719553299362
30
0
10
-4.6035831746147018
20
15.468749671007377
30
0
10
-4.6250888318544749
20
15.490719920462457
30
0
10
-4.6423870984933941
20
15.508248291559985
30
0
10
-4.6554134455250065
20
15.521367696644115
30
0
10
-4.6641210677996359
20
15.530102027008525
30
0
10
-4.6684807266669148
20
15.534466207267618
30
0
0
ARC
5
247
100
AcDbEntity
8
0
100
AcDbCircle
10
0
20
0
30
0
40
16.220800000000001
210
0
220
0
230
1
100
AcDbArc
50
106.72678700657127
51
109.2732129934286
0
SPLINE
5
248
100
AcDbEntity
8
0
100
AcDbSpline
70
4
71
5
72
81
73
75
74
0
42
0.000000001
43
0.0000000001
44
0.0000000001
40
-1
40
-1
40
-1
40
-1
40
-1
40
-1
40
-0.9857142857142841
40
-0.97142857142856986
40
-0.95714285714285563
40
-0.94285714285714139
40
-0.92857142857142716
40
-0.91428571428571292
40
-0.89999999999999869
40
-0.88571428571428445
40
-0.87142857142857022
40
-0.85714285714285599
40
-0.84285714285714175
40
-0.82857142857142752
40
-0.81428571428571328
40
-0.79999999999999905
40
-0.78571428571428481
40
-0.77142857142857058
40
-0.75714285714285634
40
-0.74285714285714211
40
-0.72857142857142787
40
-0.71428571428571364
40
-0.6999999999999994
40
-0.68571428571428517
40
-0.67142857142857093
40
-0.6571428571428567
40
-0.64285714285714246
40
-0.62857142857142823
40
-0.61428571428571399
40
-0.59999999999999976
40
-0.58571428571428552
40
-0.57142857142857129
40
-0.55714285714285705
40
-0.54285714285714282
40
-0.52857142857142858
40
-0.51428571428571435
40
-0.50000000000000011
40
-0.48571428571428582
40
-0.47142857142857153
40
-0.45714285714285724
40
-0.44285714285714295
40
-0.42857142857142866
40
-0.41428571428571437
40
-0.40000000000000008
40
-0.38571428571428579
40
-0.3714285714285715
40
-0.35714285714285721
40
-0.34285714285714292
40
-0.32857142857142863
40
-0.31428571428571433
40
-0.30000000000000004
40
-0.28571428571428575
40
-0.27142857142857146
40
-0.25714285714285717
40
-0.24285714285714291
40
-0.22857142857142862
40
-0.21428571428571433
40
-0.20000000000000004
40
-0.18571428571428575
40
-0.17142857142857146
40
-0.15714285714285717
40
-0.14285714285714288
40
-0.12857142857142859
40
-0.1142857142857143
40
-0.10000000000000001
40
-0.085714285714285715
40
-0.071428571428571425
40
-0.057142857142857141
40
-0.042857142857142858
40
-0.028571428571428571
40
-0.014285714285714285
40
-0.014008970433932996
40
-0.014008970433932996
40
-0.014008970433932996
40
-0.014008970433932996
40
-0.014008970433932996
40
-0.014008970433932996
41
1
41
1
41
1
41
1
41
1
41
1
41
1
41
1
41
1
41
1
41
1
41
1
41
1
41
1
41
1
41
1
41
1
41
1
41
1
41
1
41
1
41
1
41
1
41
1
41
1
41
1
41
1
41
1
41
1
41
1
41
1
41
1
41
1
41
1
41
1
41
1
41
1
41
1
41
1
41
1
41
1
41
1
41
1
41
1
41
1
41
1
41
1
41
1
41
1
41
1
41
1
41
1
41
1
41
1
41
1
41
1
41
1
41
1
41
1
41
1
41
1
41
1
41
1
41
1
41
1
41
1
41
1
41
1
41
1
41
1
41
1
41
1
41
1
41
1
41
1
10
-5.3540498930822515
20
15.311711281969302
30
0
10
-5.355011730400915
20
15.305618042785962
30
0
10
-5.3569224342248383
20
15.29343360913111
30
0
10
-5.359749577520736
20
15.275163092785537
30
0
10
-5.3634412511770133
20
15.250814676663344
30
0
10
-5.3679259047403107
20
15.220399663317131
30
0
10
-5.372280317161553
20
15.190005274469197
30
0
10
-5.3765040781540829
20
15.15963171519094
30
0
10
-5.3805966783547667
20
15.129279299160309
30
0
10
-5.3845575177035521
20
15.098948473411504
30
0
10
-5.388385926805487
20
15.068639784249314
30
0
10
-5.3920811894513898
20
15.038353839459003
30
0
10
-5.3956425661994487
20
15.008091271012699
30
0
10
-5.3990693170485233
20
14.97785269924076
30
0
10
-5.4023607291939175
20
14.947638691458167
30
0
10
-5.4055161021082849
20
14.917449775984617
30
0
10
-5.4085347275888962
20
14.887286463526074
30
0
10
-5.41141587194232
20
14.857149266289831
30
0
10
-5.4141587596016727
20
14.827038716623971
30
0
10
-5.4167625535788
20
14.796955388914188
30
0
10
-5.419226367744673
20
14.766899892582902
30
0
10
-5.4215492855947778
20
14.736872859235975
30
0
10
-5.4237303789891111
20
14.706874931102764
30
0
10
-5.4257687250060469
20
14.676906750045166
30
0
10
-5.4276634321742812
20
14.646968942750538
30
0
10
-5.4294136100291563
20
14.617062131459775
30
0
10
-5.4310183256299656
20
14.587186950904769
30
0
10
-5.4324765627922194
20
14.557344063869946
30
0
10
-5.433787187170589
20
14.527534175020701
30
0
10
-5.4349488943532371
20
14.497758050699499
30
0
10
-5.4359602659119162
20
14.468016500912491
30
0
10
-5.4368198558436482
20
14.438310350605555
30
0
10
-5.4375262745604296
20
14.408640412139649
30
0
10
-5.438078259958985
20
14.379007461875835
30
0
10
-5.4384747938884734
20
14.349412202237266
30
0
10
-5.4387149629612193
20
14.319855306370425
30
0
10
-5.4387977413493758
20
14.290337488110714
30
0
10
-5.4387217849719258
20
14.260859568265111
30
0
10
-5.4384852563032959
20
14.231422531230491
30
0
10
-5.4380855484426505
20
14.202027613811
30
0
10
-5.4375195864481967
20
14.172676209828325
30
0
10
-5.4367843118864396
20
14.143369716284651
30
0
10
-5.4358771441837934
20
14.114109387024889
30
0
10
-5.4347963722244517
20
14.08489620864303
30
0
10
-5.4335417853471233
20
14.055730700221948
30
0
10
-5.4321139298143075
20
14.026613150818807
30
0
10
-5.4305129407480894
20
13.997543992214252
30
0
10
-5.4287374348974655
20
13.968524152287591
30
0
10
-5.4267835584879638
20
13.939555359175987
30
0
10
-5.4246435034477773
20
13.910640614464411
30
0
10
-5.4223072468941922
20
13.881783641810831
30
0
10
-5.4197652026339114
20
13.852988045757368
30
0
10
-5.4170107455717567
20
13.824256510867318
30
0
10
-5.4140423972768836
20
13.79559010889084
30
0
10
-5.4108671872250085
20
13.766987231545556
30
0
10
-5.4074962422973289
20
13.738444998351616
30
0
10
-5.403938492945124
20
13.709961264384138
30
0
10
-5.4001946629335009
20
13.681536537529277
30
0
10
-5.3962519342598565
20
13.653175681311636
30
0
10
-5.392076220434979
20
13.62489037798615
30
0
10
-5.3876228716580172
20
13.596695733700797
30
0
10
-5.382850875375004
20
13.56860577436551
30
0
10
-5.3777365131426516
20
13.540629111003064
30
0
10
-5.3722857652034381
20
13.512765011029192
30
0
10
-5.3665512567454732
20
13.484998005829835
30
0
10
-5.3606034330994978
20
13.457307238490086
30
0
10
-5.3544956295162738
20
13.429677775104734
30
0
10
-5.3482305278955629
20
13.402111475773568
30
0
10
-5.3417277106916856
20
13.374637498961629
30
0
10
-5.3347859578192161
20
13.347324535412064
30
0
10
-5.3286389825302605
20
13.325569857806075
30
0
10
-5.3235778257043442
20
13.309382877667247
30
0
10
-5.319965707336598
20
13.298636008261548
30
0
10
-5.3180818010782644
20
13.293232052168687
30
0
10
-5.3180459775912485
20
13.293129363395996
30
0
0
SPLINE
5
249
100
AcDbEntity
8
0
100
AcDbSpline
70
0
71
3
72
9
73
5
74
0
42
0.000000001
43
0.0000000001
44
0.0000000001
40
-1
40
-1
40
-1
40
-1
40
-0.5
40
0
40
0
40
0
40
0
10
-5.4840735894929971
20
12.91816667864831
30
0
10
-5.4148076024315728
20
12.947571762182461
30
0
10
-5.299950781526559
20
13.060878536406085
30
0
10
-5.2932598759477276
20
13.222079486080409
30
0
10
-5.3180459775912494
20
13.293129363396002
30
0
0
ARC
5
250
100
AcDbEntity
8
0
100
AcDbCircle
10
0
20
0
30
0
40
14.03403339999995
210
0
220
0
230
1
100
AcDbArc
50
113.00239450984786
51
114.99760549015213
0
SPLINE
5
251
100
AcDbEntity
8
0
100
AcDbSpline
70
0
71
3
72
14
73
10
74
0
42
0.000000001
43
0.0000000001
44
0.0000000001
40
0
40
0
40
0
40
0
40
0.011719334201607865
40
0.011719334201607865
40
0.023438668403215644
40
0.023438668403215644
40
0.034360691258244813
40
0.034360691258244813
40
0.045282714113273774
40
0.045282714113273774
40
0.045282714113273774
40
0.045282714113273774
10
-6.3202529711794035
20
12.846918061233703
30
0
10
-6.3014524003149788
20
12.812675257886879
30
0
10
-6.2761431922147644
20
12.782432003956174
30
0
10
-6.2153566604077035
20
12.733349199081358
30
0
10
-6.1804604890761521
20
12.714978906504049
30
0
10
-6.1081375757297849
20
12.693408168139159
30
0
10
-6.0716449907043479
20
12.689439782514922
30
0
10
-5.999026585984427
20
12.694766225581933
30
0
10
-5.963503593174222
20
12.704016837891803
30
0
10
-5.930507235637946
20
12.719401613297748
30
0
0
SPLINE
5
252
100
AcDbEntity
8
0
100
AcDbSpline
70
4
71
5
72
81
73
75
74
0
42
0.000000001
43
0.0000000001
44
0.0000000001
40
0.014008970433919674
40
0.014008970433919674
40
0.014008970433919674
40
0.014008970433919674
40
0.014008970433919674
40
0.014008970433919674
40
0.014285714285714285
40
0.028571428571428571
40
0.042857142857142858
40
0.057142857142857141
40
0.071428571428571425
40
0.085714285714285715
40
0.10000000000000001
40
0.1142857142857143
40
0.12857142857142859
40
0.14285714285714288
40
0.15714285714285717
40
0.17142857142857146
40
0.18571428571428575
40
0.20000000000000004
40
0.21428571428571433
40
0.22857142857142862
40
0.24285714285714291
40
0.25714285714285717
40
0.27142857142857146
40
0.28571428571428575
40
0.30000000000000004
40
0.31428571428571433
40
0.32857142857142863
40
0.34285714285714292
40
0.35714285714285721
40
0.3714285714285715
40
0.38571428571428579
40
0.40000000000000008
40
0.41428571428571437
40
0.42857142857142866
40
0.44285714285714295
40
0.45714285714285724
40
0.47142857142857153
40
0.48571428571428582
40
0.50000000000000011
40
0.51428571428571435
40
0.52857142857142858
40
0.54285714285714282
40
0.55714285714285705
40
0.57142857142857129
40
0.58571428571428552
40
0.59999999999999976
40
0.61428571428571399
40
0.62857142857142823
40
0.64285714285714246
40
0.6571428571428567
40
0.67142857142857093
40
0.68571428571428517
40
0.6999999999999994
40
0.71428571428571364
40
0.72857142857142787
40
0.74285714285714211
40
0.75714285714285634
40
0.77142857142857058
40
0.78571428571428481
40
0.79999999999999905
40
0.81428571428571328
40
0.82857142857142752
40
0.84285714285714175
40
0.85714285714285599
40
0.87142857142857022
40
0.88571428571428445
40
0.89999999999999869
40
0.91428571428571292
40
0.92857142857142716
40
0.94285714285714139
40
0.95714285714285563
40
0.97142857142856986
40
0.9857142857142841
40
1
40
1
40
1
40
1
40
1
40
1
41
1
41
1
41
1
41
1
41
1
41
1
41
1
41
1
41
1
41
1
41
1
41
1
41
1
41
1
41
1
41
1
41
1
41
1
41
1
41
1
41
1
41
1
41
1
41
1
41
1
41
1
41
1
41
1
41
1
41
1
41
1
41
1
41
1
41
1
41
1
41
1
41
1
41
1
41
1
41
1
41
1
41
1
41
1
41
1
41
1
41
1
41
1
41
1
41
1
41
1
41
1
41
1
41
1
41
1
41
1
41
1
41
1
41
1
41
1
41
1
41
1
41
1
41
1
41
1
41
1
41
1
41
1
41
1
41
1
41
1
41
1
41
1
41
1
41
1
41
1
10
-6.3202529711794009
20
12.846918061233701
30
0
10
-6.3203053132178724
20
12.847013395473446
30
0
10
-6.3230606558884279
20
12.852029363078168
30
0
10
-6.3286301573237083
20
12.861904749394068
30
0
10
-6.3372728529181819
20
12.876497125735593
30
0
10
-6.3493265997086334
20
12.895621939231564
30
0
10
-6.364979147930196
20
12.919056606819858
30
0
10
-6.3810450576146032
20
12.942272820539207
30
0
10
-6.3973386390737561
20
12.965374152976263
30
0
10
-6.4137844135041338
20
12.98840085519258
30
0
10
-6.4303827931234183
20
13.011349689498527
30
0
10
-6.4471805642346744
20
13.034191012811531
30
0
10
-6.4642403636731665
20
13.056886430048699
30
0
10
-6.4816088999834198
20
13.079407183596903
30
0
10
-6.4992907191449145
20
13.101749319464437
30
0
10
-6.5172635511842945
20
13.123924701990815
30
0
10
-6.5354895300640647
20
13.145954424277672
30
0
10
-6.5539275531802099
20
13.167861559607516
30
0
10
-6.5725461306122268
20
13.189663622224101
30
0
10
-6.5913330711391183
20
13.21136688342656
30
0
10
-6.6102884816213034
20
13.232970465510432
30
0
10
-6.629419931686888
20
13.254469167091948
30
0
10
-6.6487370072863321
20
13.275856646704142
30
0
10
-6.6682456072437057
20
13.297128756579482
30
0
10
-6.6879439458301002
20
13.318285878265364
30
0
10
-6.7078255949722418
20
13.339331138843523
30
0
10
-6.727881461557967
20
13.360269250334438
30
0
10
-6.748102071752542
20
13.381105169578035
30
0
10
-6.768479970323801
20
13.401842690650094
30
0
10
-6.7890112943371062
20
13.422483521113708
30
0
10
-6.8096944286681662
20
13.443028068052259
30
0
10
-6.8305291428557524
20
13.463475942132817
30
0
10
-6.8515155876094891
20
13.483826543986247
30
0
10
-6.8726532362157045
20
13.504079682830152
30
0
10
-6.8939402105322252
20
13.524235970111159
30
0
10
-6.9153738520299202
20
13.544296484583164
30
0
10
-6.9369510760423916
20
13.564262564328278
30
0
10
-6.9586687892205923
20
13.584135561824834
30
0
10
-6.9805243280827902
20
13.603916586794183
30
0
10
-7.0025157315349373
20
13.623606346093872
30
0
10
-7.0246414902328302
20
13.643205289343687
30
0
10
-7.0469003872805738
20
13.662713701233166
30
0
10
-7.0692913112571931
20
13.682131810118719
30
0
10
-7.0918130588846644
20
13.701459902621043
30
0
10
-7.1144642087023584
20
13.720698397178712
30
0
10
-7.1372432271925632
20
13.739847782881276
30
0
10
-7.1601485337361748
20
13.758908582321833
30
0
10
-7.1831785772675527
20
13.77788130759809
30
0
10
-7.2063319154613827
20
13.796766415293751
30
0
10
-7.2296072656240433
20
13.815564276878501
30
0
10
-7.2530034552505693
20
13.834275204035231
30
0
10
-7.2765193883840666
20
13.852899465355472
30
0
10
-7.3001540067722726
20
13.871437306222997
30
0
10
-7.3239062481849828
20
13.889888969794399
30
0
10
-7.3477750180707533
20
13.908254712444672
30
0
10
-7.3717592181132696
20
13.926534794180935
30
0
10
-7.3958577656766833
20
13.944729473471963
30
0
10
-7.4200696149358247
20
13.962839001056766
30
0
10
-7.444393778984546
20
13.980863614599714
30
0
10
-7.4688293432555781
20
13.998803534248916
30
0
10
-7.4933754361680016
20
14.016658962511286
30
0
10
-7.5180312043131909
20
14.034430083955021
30
0
10
-7.5427957863288189
20
14.052117065658511
30
0
10
-7.5676682836582456
20
14.06972005773107
30
0
10
-7.5926477401487684
20
14.087239195018677
30
0
10
-7.6177331913704176
20
14.104674604161803
30
0
10
-7.6429237064132449
20
14.122026410719869
30
0
10
-7.6682184313810122
20
14.139294746601013
30
0
10
-7.6936166325440265
20
14.156479758612502
30
0
10
-7.7191177359636809
20
14.173581615393386
30
0
10
-7.7447213147068616
20
14.190600484626527
30
0
10
-7.765285925988743
20
14.204149306895232
30
0
10
-7.7807552937776041
20
14.214273691664808
30
0
10
-7.7910886030078554
20
14.22100673948465
30
0
10
-7.7962603569656057
20
14.224369127887769
30
0
0
ARC
5
253
100
AcDbEntity
8
0
100
AcDbCircle
10
0
20
0
30
0
40
16.220800000000001
210
0
220
0
230
1
100
AcDbArc
50
118.72678700657123
51
121.27321299342856
0
SPLINE
5
254
100
AcDbEntity
8
0
100
AcDbSpline
70
4
71
5
72
81
73
75
74
0
42
0.000000001
43
0.0000000001
44
0.0000000001
40
-1
40
-1
40
-1
40
-1
40
-1
40
-1
40
-0.9857142857142841
40
-0.97142857142856986
40
-0.95714285714285563
40
-0.94285714285714139
40
-0.92857142857142716
40
-0.91428571428571292
40
-0.89999999999999869
40
-0.88571428571428445
40
-0.87142857142857022
40
-0.85714285714285599
40
-0.84285714285714175
40
-0.82857142857142752
40
-0.81428571428571328
40
-0.79999999999999905
40
-0.78571428571428481
40
-0.77142857142857058
40
-0.75714285714285634
40
-0.74285714285714211
40
-0.72857142857142787
40
-0.71428571428571364
40
-0.6999999999999994
40
-0.68571428571428517
40
-0.67142857142857093
40
-0.6571428571428567
40
-0.64285714285714246
40
-0.62857142857142823
40
-0.61428571428571399
40
-0.59999999999999976
40
-0.58571428571428552
40
-0.57142857142857129
40
-0.55714285714285705
40
-0.54285714285714282
40
-0.52857142857142858
40
-0.51428571428571435
40
-0.50000000000000011
40
-0.48571428571428582
40
-0.47142857142857153
40
-0.45714285714285724
40
-0.44285714285714295
40
-0.42857142857142866
40
-0.41428571428571437
40
-0.40000000000000008
40
-0.38571428571428579
40
-0.3714285714285715
40
-0.35714285714285721
40
-0.34285714285714292
40
-0.32857142857142863
40
-0.31428571428571433
40
-0.30000000000000004
40
-0.28571428571428575
40
-0.27142857142857146
40
-0.25714285714285717
40
-0.24285714285714291
40
-0.22857142857142862
40
-0.21428571428571433
40
-0.20000000000000004
40
-0.18571428571428575
40
-0.17142857142857146
40
-0.15714285714285717
40
-0.14285714285714288
40
-0.12857142857142859
40
-0.1142857142857143
40
-0.10000000000000001
40
-0.085714285714285715
40
-0.071428571428571425
40
-0.057142857142857141
40
-0.042857142857142858
40
-0.028571428571428571
40
-0.014285714285714285
40
-0.014008970433942744
40
-0.014008970433942744
40
-0.014008970433942744
40
-0.014008970433942744
40
-0.014008970433942744
40
-0.014008970433942744
41
1
41
1
41
1
41
1
41
1
41
1
41
1
41
1
41
1
41
1
41
1
41
1
41
1
41
1
41
1
41
1
41
1
41
1
41
1
41
1
41
1
41
1
41
1
41
1
41
1
41
1
41
1
41
1
41
1
41
1
41
1
41
1
41
1
41
1
41
1
41
1
41
1
41
1
41
1
41
1
41
1
41
1
41
1
41
1
41
1
41
1
41
1
41
1
41
1
41
1
41
1
41
1
41
1
41
1
41
1
41
1
41
1
41
1
41
1
41
1
41
1
41
1
41
1
41
1
41
1
41
1
41
1
41
1
41
1
41
1
41
1
41
1
41
1
41
1
41
1
10
-8.4205348390750849
20
13.86394408759365
30
0
10
-8.4202088022794683
20
13.857784023082555
30
0
10
-8.4195444664377117
20
13.845468590874074
30
0
10
-8.418511175924003
20
13.82700953300365
30
0
10
-8.4170598572888835
20
13.802425646080234
30
0
10
-8.4151228735608896
20
13.771742861844274
30
0
10
-8.4130627828465876
20
13.741107330067877
30
0
10
-8.4108792264618071
20
13.710519336644536
30
0
10
-8.4085717713915358
20
13.679979294300137
30
0
10
-8.406139923632109
20
13.6494877650596
30
0
10
-8.403583141999615
20
13.619045422464694
30
0
10
-8.4009008523014188
20
13.58865300992737
30
0
10
-8.3980924626486821
20
13.558311299348249
30
0
10
-8.3951573781850009
20
13.528021051356866
30
0
10
-8.3920950196335848
20
13.497782969071446
30
0
10
-8.3889048116191312
20
13.467597714914445
30
0
10
-8.3855861675965855
20
13.437465935675323
30
0
10
-8.3821384763993603
20
13.407388284911841
30
0
10
-8.3785610900899563
20
13.377365444588422
30
0
10
-8.37485330939192
20
13.347398150558682
30
0
10
-8.3710143942463215
20
13.317487183164287
30
0
10
-8.3670435794947
20
13.287633350760988
30
0
10
-8.3629400908061395
20
13.257837474515057
30
0
10
-8.3587031588776544
20
13.22810037414836
30
0
10
-8.3543320420143523
20
13.198422848000932
30
0
10
-8.349825998581526
20
13.168805689854237
30
0
10
-8.3451842479936396
20
13.139249714539021
30
0
10
-8.3404059340729049
20
13.109755781632922
30
0
10
-8.3354900937703356
20
13.080324816246359
30
0
10
-8.3304356105101789
20
13.05095783917784
30
0
10
-8.325241265269991
20
13.021655937640766
30
0
10
-8.3199058151613308
20
12.992420219194882
30
0
10
-8.3144280698613571
20
12.963251767360706
30
0
10
-8.3088069562613267
20
12.934151603939972
30
0
10
-8.3030416245014198
20
12.905120627691664
30
0
10
-8.2971313211086954
20
12.876159686956377
30
0
10
-8.2910751910868381
20
12.847269693252102
30
0
10
-8.2848720903815831
20
12.818451728899362
30
0
10
-8.2785204262893259
20
12.789707138826662
30
0
10
-8.272017906022306
20
12.761037674816155
30
0
10
-8.2653618116254108
20
12.732445339547542
30
0
10
-8.2585494419523453
20
12.703932135379223
30
0
10
-8.2515785335102549
20
12.675499825288018
30
0
10
-8.2444476176997519
20
12.647149730069451
30
0
10
-8.2371565963863951
20
12.618882401262134
30
0
10
-8.2297060639939001
20
12.590698008032275
30
0
10
-8.2220962424638557
20
12.562596944631617
30
0
10
-8.2143259716895649
20
12.534580406257131
30
0
10
-8.2063918414106993
20
12.506650884526813
30
0
10
-8.1982868382451546
20
12.478812938823204
30
0
10
-8.1900019325262789
20
12.451072295307901
30
0
10
-8.1815284969685447
20
12.423434472836794
30
0
10
-8.1728606094030916
20
12.395903474743768
30
0
10
-8.1639970465357301
20
12.368480656741731
30
0
10
-8.1549443498505507
20
12.341162984182944
30
0
10
-8.1457128041942681
20
12.313945326124271
30
0
10
-8.1363106989114158
20
12.286823727767368
30
0
10
-8.1267388475465641
20
12.259798535420623
30
0
10
-8.1169857233848468
20
12.232877171341553
30
0
10
-8.1070204136859978
20
12.206078149479405
30
0
10
-8.0968023850992061
20
12.17942552909216
30
0
10
-8.0862944374438648
20
12.152941556579416
30
0
10
-8.0754751609138804
20
12.126639586134084
30
0
10
-8.0643502527562525
20
12.100517657818299
30
0
10
-8.052967972066762
20
12.07454969965249
30
0
10
-8.0413928883802139
20
12.048700664087558
30
0
10
-8.0296740665106938
20
12.022944854537785
30
0
10
-8.0178145164885137
20
11.997283532856997
30
0
10
-8.0057416404700703
20
11.971761940075725
30
0
10
-7.9932728971201428
20
11.946489101887739
30
0
10
-7.9827371961852256
20
11.926487844208447
30
0
10
-7.9744211753691241
20
11.911706862095704
30
0
10
-7.9686535906650153
20
11.901945839208397
30
0
10
-7.9656873066300458
20
11.897051658657208
30
0
10
-7.9656309157758169
20
11.896958662002341
30
0
0
SPLINE
5
255
100
AcDbEntity
8
0
100
AcDbSpline
70
0
71
3
72
9
73
5
74
0
42
0.000000001
43
0.0000000001
44
0.0000000001
40
-1
40
-1
40
-1
40
-1
40
-0.5
40
0
40
0
40
0
40
0
10
-8.0500713002336752
20
11.495670730038849
30
0
10
-7.9884326018133214
20
11.538834450433246
30
0
10
-7.8996434810271214
20
11.673545275623239
30
0
10
-7.9266143497966155
20
11.832614715275149
30
0
10
-7.9656309157758169
20
11.896958662002341
30
0
0
ARC
5
256
100
AcDbEntity
8
0
100
AcDbCircle
10
0
20
0
30
0
40
14.03403340000008
210
0
220
0
230
1
100
AcDbArc
50
125.00239450984779
51
126.99760549015214
0
SPLINE
5
257
100
AcDbEntity
8
0
100
AcDbSpline
70
0
71
3
72
14
73
10
74
0
42
0.000000001
43
0.0000000001
44
0.0000000001
40
0
40
0
40
0
40
0
40
0.011719334201607702
40
0.011719334201607702
40
0.023438668403215509
40
0.023438668403215509
40
0.034360691258239706
40
0.034360691258239706
40
0.045282714113263775
40
0.045282714113263775
40
0.045282714113263775
40
0.045282714113263775
10
-8.8531647356981704
20
11.252127596785682
30
0
10
-8.8276555232725187
20
11.222541939326355
30
0
10
-8.7966114560322524
20
11.198221653305039
30
0
10
-8.7269483668366341
20
11.162849656086429
30
0
10
-8.6889953619833111
20
11.152136120461776
30
0
10
-8.6137680691298684
20
11.146073533682838
30
0
10
-8.5772478608777263
20
11.149779101860657
30
0
10
-8.5073237723159618
20
11.17008736467691
30
0
10
-8.4745003525742373
20
11.186521474411201
30
0
10
-8.4454237192846886
20
11.208430384048537
30
0
0
SPLINE
5
258
100
AcDbEntity
8
0
100
AcDbSpline
70
4
71
5
72
81
73
75
74
0
42
0.000000001
43
0.0000000001
44
0.0000000001
40
0.01400897043393308
40
0.01400897043393308
40
0.01400897043393308
40
0.01400897043393308
40
0.01400897043393308
40
0.01400897043393308
40
0.014285714285714285
40
0.028571428571428571
40
0.042857142857142858
40
0.057142857142857141
40
0.071428571428571425
40
0.085714285714285715
40
0.10000000000000001
40
0.1142857142857143
40
0.12857142857142859
40
0.14285714285714288
40
0.15714285714285717
40
0.17142857142857146
40
0.18571428571428575
40
0.20000000000000004
40
0.21428571428571433
40
0.22857142857142862
40
0.24285714285714291
40
0.25714285714285717
40
0.27142857142857146
40
0.28571428571428575
40
0.30000000000000004
40
0.31428571428571433
40
0.32857142857142863
40
0.34285714285714292
40
0.35714285714285721
40
0.3714285714285715
40
0.38571428571428579
40
0.40000000000000008
40
0.41428571428571437
40
0.42857142857142866
40
0.44285714285714295
40
0.45714285714285724
40
0.47142857142857153
40
0.48571428571428582
40
0.50000000000000011
40
0.51428571428571435
40
0.52857142857142858
40
0.54285714285714282
40
0.55714285714285705
40
0.57142857142857129
40
0.58571428571428552
40
0.59999999999999976
40
0.61428571428571399
40
0.62857142857142823
40
0.64285714285714246
40
0.6571428571428567
40
0.67142857142857093
40
0.68571428571428517
40
0.6999999999999994
40
0.71428571428571364
40
0.72857142857142787
40
0.74285714285714211
40
0.75714285714285634
40
0.77142857142857058
40
0.78571428571428481
40
0.79999999999999905
40
0.81428571428571328
40
0.82857142857142752
40
0.84285714285714175
40
0.85714285714285599
40
0.87142857142857022
40
0.88571428571428445
40
0.89999999999999869
40
0.91428571428571292
40
0.92857142857142716
40
0.94285714285714139
40
0.95714285714285563
40
0.97142857142856986
40
0.9857142857142841
40
1
40
1
40
1
40
1
40
1
40
1
41
1
41
1
41
1
41
1
41
1
41
1
41
1
41
1
41
1
41
1
41
1
41
1
41
1
41
1
41
1
41
1
41
1
41
1
41
1
41
1
41
1
41
1
41
1
41
1
41
1
41
1
41
1
41
1
41
1
41
1
41
1
41
1
41
1
41
1
41
1
41
1
41
1
41
1
41
1
41
1
41
1
41
1
41
1
41
1
41
1
41
1
41
1
41
1
41
1
41
1
41
1
41
1
41
1
41
1
41
1
41
1
41
1
41
1
41
1
41
1
41
1
41
1
41
1
41
1
41
1
41
1
41
1
41
1
41
1
41
1
41
1
41
1
41
1
41
1
41
1
10
-8.8531647356981686
20
11.25212759678568
30
0
10
-8.8532357550404921
20
11.25220996522183
30
0
10
-8.8569737651686768
20
11.256543453946328
30
0
10
-8.8644747679012923
20
11.265045074917122
30
0
10
-8.8759625254991104
20
11.277521655370313
30
0
10
-8.8917291413125614
20
11.293722430929982
30
0
10
-8.9119119851628881
20
11.313390647039117
30
0
10
-8.9324537384230744
20
11.332759240339811
30
0
10
-8.9531943031218368
20
11.35196812716622
30
0
10
-8.974068218514871
20
11.371072371923297
30
0
10
-8.9950752146583905
20
11.390068721967815
30
0
10
-9.0162548923190613
20
11.408918454570301
30
0
10
-9.0376605367804181
20
11.427570990742224
30
0
10
-9.059331856849246
20
11.445988490040818
30
0
10
-9.0812724770833704
20
11.464166139716315
30
0
10
-9.1034630808966721
20
11.482120175031756
30
0
10
-9.1258710152178502
20
11.499879100945776
30
0
10
-9.1484608728385837
20
11.517474032246204
30
0
10
-9.1712054933847185
20
11.534928647571148
30
0
10
-9.1940942559190866
20
11.552251615874196
30
0
10
-9.2171270824819391
20
11.569442056413294
30
0
10
-9.2403102958583503
20
11.586493307653214
30
0
10
-9.2636519540576394
20
11.603397173672093
30
0
10
-9.2871569646310643
20
11.620148370906577
30
0
10
-9.3108236602003362
20
11.636747643840256
30
0
10
-9.3346464033178584
20
11.65319938769221
30
0
10
-9.3586172792619315
20
11.669510102078295
30
0
10
-9.3827280518088063
20
11.685686605240582
30
0
10
-9.4069722174737418
20
11.701734158375121
30
0
10
-9.4313463527588155
20
11.717655234879928
30
0
10
-9.4558489624714763
20
11.733450568745848
30
0
10
-9.4804797402397547
20
11.749119827063408
30
0
10
-9.5052387088640611
20
11.764662392226825
30
0
10
-9.5301253134747892
20
11.780078187132691
30
0
10
-9.5551378440985779
20
11.795368200353769
30
0
10
-9.580273924587086
20
11.810534039809875
30
0
10
-9.6055308158841886
20
11.825577655681032
30
0
10
-9.630905773433998
20
11.8405010140341
30
0
10
-9.6563964226822883
20
11.855305754109352
30
0
10
-9.682000992353565
20
11.869992975052179
30
0
10
-9.7077180995676358
20
11.884563430467399
30
0
10
-9.7335466132109776
20
11.899017651830286
30
0
10
-9.7594854936277979
20
11.913356093584525
30
0
10
-9.7855336234263817
20
11.927579286263036
30
0
10
-9.8116896992066955
20
11.941687934698786
30
0
10
-9.8379523226495031
20
11.955682836129808
30
0
10
-9.8643200563292339
20
11.969564830358479
30
0
10
-9.8907914895458511
20
11.983334740776613
30
0
10
-9.9173653064214058
20
11.996993313866771
30
0
10
-9.9440403295250963
20
12.010541179668126
30
0
10
-9.9708154767765205
20
12.023978886830042
30
0
10
-9.9976897320113878
20
12.037306925936935
30
0
10
-10.02466211112095
20
12.050525757033366
30
0
10
-10.051731625642372
20
12.063635838812448
30
0
10
-10.078897258246148
20
12.076637649616819
30
0
10
-10.106157988675326
20
12.089531672124609
30
0
10
-10.133512811690935
20
12.102318384249088
30
0
10
-10.160960756453161
20
12.114998248689295
30
0
10
-10.188500907035323
20
12.127571703105382
30
0
10
-10.21613241462701
20
12.140039152983933
30
0
10
-10.243854468796991
20
12.152400977618452
30
0
10
-10.271666273159552
20
12.164657534977511
30
0
10
-10.29956701991275
20
12.176809167575742
30
0
10
-10.327555861345042
20
12.188856209062626
30
0
10
-10.355631890234015
20
12.200798990132775
30
0
10
-10.383794189554845
20
12.212637835175515
30
0
10
-10.412041874845466
20
12.22437306055356
30
0
10
-10.440374138294569
20
12.236004972827548
30
0
10
-10.468790292729155
20
12.247533868147634
30
0
10
-10.497289811814593
20
12.258960030796253
30
0
10
-10.525872312810503
20
12.27028371355637
30
0
10
-10.548804496542374
20
12.27926083844865
30
0
10
-10.566040799485847
20
12.28594771870705
30
0
10
-10.57754818047364
20
12.290385217483852
30
0
10
-10.583305999057075
20
12.292598861523249
30
0
0
ARC
5
259
100
AcDbEntity
8
0
100
AcDbCircle
10
0
20
0
30
0
40
16.220800000000004
210
0
220
0
230
1
100
AcDbArc
50
130.72678700657124
51
133.27321299342856
0
SPLINE
5
260
100
AcDbEntity
8
0
100
AcDbSpline
70
4
71
5
72
81
73
75
74
0
42
0.000000001
43
0.0000000001
44
0.0000000001
40
-1
40
-1
40
-1
40
-1
40
-1
40
-1
40
-0.9857142857142841
40
-0.97142857142856986
40
-0.95714285714285563
40
-0.94285714285714139
40
-0.92857142857142716
40
-0.91428571428571292
40
-0.89999999999999869
40
-0.88571428571428445
40
-0.87142857142857022
40
-0.85714285714285599
40
-0.84285714285714175
40
-0.82857142857142752
40
-0.81428571428571328
40
-0.79999999999999905
40
-0.78571428571428481
40
-0.77142857142857058
40
-0.75714285714285634
40
-0.74285714285714211
40
-0.72857142857142787
40
-0.71428571428571364
40
-0.6999999999999994
40
-0.68571428571428517
40
-0.67142857142857093
40
-0.6571428571428567
40
-0.64285714285714246
40
-0.62857142857142823
40
-0.61428571428571399
40
-0.59999999999999976
40
-0.58571428571428552
40
-0.57142857142857129
40
-0.55714285714285705
40
-0.54285714285714282
40
-0.52857142857142858
40
-0.51428571428571435
40
-0.50000000000000011
40
-0.48571428571428582
40
-0.47142857142857153
40
-0.45714285714285724
40
-0.44285714285714295
40
-0.42857142857142866
40
-0.41428571428571437
40
-0.40000000000000008
40
-0.38571428571428579
40
-0.3714285714285715
40
-0.35714285714285721
40
-0.34285714285714292
40
-0.32857142857142863
40
-0.31428571428571433
40
-0.30000000000000004
40
-0.28571428571428575
40
-0.27142857142857146
40
-0.25714285714285717
40
-0.24285714285714291
40
-0.22857142857142862
40
-0.21428571428571433
40
-0.20000000000000004
40
-0.18571428571428575
40
-0.17142857142857146
40
-0.15714285714285717
40
-0.14285714285714288
40
-0.12857142857142859
40
-0.1142857142857143
40
-0.10000000000000001
40
-0.085714285714285715
40
-0.071428571428571425
40
-0.057142857142857141
40
-0.042857142857142858
40
-0.028571428571428571
40
-0.014285714285714285
40
-0.014008970433918919
40
-0.014008970433918919
40
-0.014008970433918919
40
-0.014008970433918919
40
-0.014008970433918919
40
-0.014008970433918919
41
1
41
1
41
1
41
1
41
1
41
1
41
1
41
1
41
1
41
1
41
1
41
1
41
1
41
1
41
1
41
1
41
1
41
1
41
1
41
1
41
1
41
1
41
1
41
1
41
1
41
1
41
1
41
1
41
1
41
1
41
1
41
1
41
1
41
1
41
1
41
1
41
1
41
1
41
1
41
1
41
1
41
1
41
1
41
1
41
1
41
1
41
1
41
1
41
1
41
1
41
1
41
1
41
1
41
1
41
1
41
1
41
1
41
1
41
1
41
1
41
1
41
1
41
1
41
1
41
1
41
1
41
1
41
1
41
1
41
1
41
1
41
1
41
1
41
1
41
1
10
-11.119002006391192
20
11.810256010005407
30
0
10
-11.11740234485376
20
11.804298344544961
30
0
10
-11.11419200401045
20
11.792390157266366
30
0
10
-11.109343439440863
20
11.774549307276416
30
0
10
-11.102812558102901
20
11.750804383376908
30
0
10
-11.094538592567208
20
11.721194813154645
30
0
10
-11.086154034566986
20
11.691657058194005
30
0
10
-11.077658592696778
20
11.662191472715659
30
0
10
-11.06905192921452
20
11.632798550455322
30
0
10
-11.060333677763268
20
11.60347894386546
30
0
10
-11.051503449022482
20
11.574233424287801
30
0
10
-11.042560835911052
20
11.545062838270317
30
0
10
-11.033505419961497
20
11.515968063906366
30
0
10
-11.024336777460215
20
11.4869499688815
30
0
10
-11.015054487975513
20
11.458009361387539
30
0
10
-11.005658126430792
20
11.42914700899868
30
0
10
-10.996147253573497
20
11.40036366632004
30
0
10
-10.986521407474793
20
11.371660099696257
30
0
10
-10.976780096144559
20
11.343037110902991
30
0
10
-10.966922788579774
20
11.314495565101426
30
0
10
-10.95694892313572
20
11.286036379447799
30
0
10
-10.946857919441104
20
11.257660503718736
30
0
10
-10.936649190816063
20
11.22936890212851
30
0
10
-10.926322155198482
20
11.201162536433172
30
0
10
-10.915876253085518
20
11.173042341734165
30
0
10
-10.9053109240854
20
11.14500924866144
30
0
10
-10.894625574083101
20
11.117064216532594
30
0
10
-10.883819544326609
20
11.089208264150805
30
0
10
-10.87289208515314
20
11.061442496639756
30
0
10
-10.861842316622747
20
11.033768144640213
30
0
10
-10.850669272395926
20
11.006186525056362
30
0
10
-10.839371967018948
20
10.978698979656155
30
0
10
-10.827949461456969
20
10.951306815764625
30
0
10
-10.816400918495768
20
10.924011255966533
30
0
10
-10.804725693709505
20
10.89681335607662
30
0
10
-10.792923226470359
20
10.869714102553033
30
0
10
-10.780992869980972
20
10.842714564758635
30
0
10
-10.768933730214517
20
10.815816039224915
30
0
10
-10.756744528898125
20
10.789020172632151
30
0
10
-10.744423387562955
20
10.762329155179245
30
0
10
-10.73196806402825
20
10.735745510877175
30
0
10
-10.719376332487961
20
10.709271759927905
30
0
10
-10.706646345455479
20
10.682910097389602
30
0
10
-10.693776941032667
20
10.656662120534229
30
0
10
-10.680768137900873
20
10.630528389251243
30
0
10
-10.667620552665875
20
10.604508945422534
30
0
10
-10.654334484388839
20
10.578604128540245
30
0
10
-10.640909046809616
20
10.552815348883172
30
0
10
-10.627341422226749
20
10.527145752654462
30
0
10
-10.613625698466302
20
10.501601257767351
30
0
10
-10.599754233717441
20
10.476189342626325
30
0
10
-10.585719736656181
20
10.450917199200552
30
0
10
-10.571517246867185
20
10.425789974629602
30
0
10
-10.557145849656726
20
10.400809249337968
30
0
10
-10.542611312623047
20
10.375970694941238
30
0
10
-10.52792262908121
20
10.351267154279814
30
0
10
-10.513087084984875
20
10.326693035525544
30
0
10
-10.498105548102279
20
10.302248508273731
30
0
10
-10.482968286779037
20
10.277943229126528
30
0
10
-10.467648913058916
20
10.253801734579062
30
0
10
-10.452112781543082
20
10.229855985494316
30
0
10
-10.436328130250679
20
10.20613547648712
30
0
10
-10.420276793724071
20
10.182657721278224
30
0
10
-10.403963937217746
20
10.159419618234839
30
0
10
-10.387431344581104
20
10.136385631482511
30
0
10
-10.370734887554502
20
10.11350805458402
30
0
10
-10.353917216147529
20
10.090751551337236
30
0
10
-10.336981536968279
20
10.068116730200966
30
0
10
-10.319866244749367
20
10.045662937521083
30
0
10
-10.302415454838041
20
10.023534768996029
30
0
10
-10.287951488943916
20
10.006161082180693
30
0
10
-10.276744054151976
20
9.9934320979393672
30
0
10
-10.269073074239007
20
9.9850835251092001
30
0
10
-10.265154053273536
20
9.9809130192746469
30
0
10
-10.265079559603008
20
9.9808337791376545
30
0
0
SPLINE
5
261
100
AcDbEntity
8
0
100
AcDbSpline
70
0
71
3
72
9
73
5
74
0
42
0.000000001
43
0.0000000001
44
0.0000000001
40
-1
40
-1
40
-1
40
-1
40
-0.5
40
0
40
0
40
0
40
0
10
-10.264242266626134
20
9.5707588081781108
30
0
10
-10.21292476374308
20
9.6257947037290315
30
0
10
-10.154083853711498
20
9.776022070410427
30
0
10
-10.213537740443607
20
9.9260079022273509
30
0
10
-10.265079559603009
20
9.9808337791376545
30
0
0
ARC
5
262
100
AcDbEntity
8
0
100
AcDbCircle
10
0
20
0
30
0
40
14.034033399999919
210
0
220
0
230
1
100
AcDbArc
50
137.00239450984785
51
138.99760549015213
0
SPLINE
5
263
100
AcDbEntity
8
0
100
AcDbSpline
70
0
71
3
72
14
73
10
74
0
42
0.000000001
43
0.0000000001
44
0.0000000001
40
0
40
0
40
0
40
0
40
0.011719334201607839
40
0.011719334201607839
40
0.023438668403215776
40
0.023438668403215776
40
0.03436069125824729
40
0.03436069125824729
40
0.045282714113279089
40
0.045282714113279089
40
0.045282714113279089
40
0.045282714113279089
10
-10.999150719069224
20
9.1655651626594175
30
0
10
-10.968047740072153
20
9.1419296862862769
30
0
10
-10.93262558839621
20
9.1245952813751305
30
0
10
-10.857130553090499
20
9.1044800178247982
30
0
10
-10.817779443146225
20
9.1018914720688144
30
0
10
-10.742935564463963
20
9.1116020010095262
30
0
10
-10.707983841329094
20
9.1228195718787308
30
0
10
-10.643810087128552
20
9.1572220859092948
30
0
10
-10.615120781402222
20
9.1801214436130234
30
0
10
-10.591234660759291
20
9.2075969630000145
30
0
0
SPLINE
5
264
100
AcDbEntity
8
0
100
AcDbSpline
70
4
71
5
72
81
73
75
74
0
42
0.000000001
43
0.0000000001
44
0.0000000001
40
0.014008970433959102
40
0.014008970433959102
40
0.014008970433959102
40
0.014008970433959102
40
0.014008970433959102
40
0.014008970433959102
40
0.014285714285714285
40
0.028571428571428571
40
0.042857142857142858
40
0.057142857142857141
40
0.071428571428571425
40
0.085714285714285715
40
0.10000000000000001
40
0.1142857142857143
40
0.12857142857142859
40
0.14285714285714288
40
0.15714285714285717
40
0.17142857142857146
40
0.18571428571428575
40
0.20000000000000004
40
0.21428571428571433
40
0.22857142857142862
40
0.24285714285714291
40
0.25714285714285717
40
0.27142857142857146
40
0.28571428571428575
40
0.30000000000000004
40
0.31428571428571433
40
0.32857142857142863
40
0.34285714285714292
40
0.35714285714285721
40
0.3714285714285715
40
0.38571428571428579
40
0.40000000000000008
40
0.41428571428571437
40
0.42857142857142866
40
0.44285714285714295
40
0.45714285714285724
40
0.47142857142857153
40
0.48571428571428582
40
0.50000000000000011
40
0.51428571428571435
40
0.52857142857142858
40
0.54285714285714282
40
0.55714285714285705
40
0.57142857142857129
40
0.58571428571428552
40
0.59999999999999976
40
0.61428571428571399
40
0.62857142857142823
40
0.64285714285714246
40
0.6571428571428567
40
0.67142857142857093
40
0.68571428571428517
40
0.6999999999999994
40
0.71428571428571364
40
0.72857142857142787
40
0.74285714285714211
40
0.75714285714285634
40
0.77142857142857058
40
0.78571428571428481
40
0.79999999999999905
40
0.81428571428571328
40
0.82857142857142752
40
0.84285714285714175
40
0.85714285714285599
40
0.87142857142857022
40
0.88571428571428445
40
0.89999999999999869
40
0.91428571428571292
40
0.92857142857142716
40
0.94285714285714139
40
0.95714285714285563
40
0.97142857142856986
40
0.9857142857142841
40
1
40
1
40
1
40
1
40
1
40
1
41
1
41
1
41
1
41
1
41
1
41
1
41
1
41
1
41
1
41
1
41
1
41
1
41
1
41
1
41
1
41
1
41
1
41
1
41
1
41
1
41
1
41
1
41
1
41
1
41
1
41
1
41
1
41
1
41
1
41
1
41
1
41
1
41
1
41
1
41
1
41
1
41
1
41
1
41
1
41
1
41
1
41
1
41
1
41
1
41
1
41
1
41
1
41
1
41
1
41
1
41
1
41
1
41
1
41
1
41
1
41
1
41
1
41
1
41
1
41
1
41
1
41
1
41
1
41
1
41
1
41
1
41
1
41
1
41
1
41
1
41
1
41
1
41
1
41
1
41
1
10
-10.999150719069224
20
9.1655651626594157
30
0
10
-10.999237311829347
20
9.1656309653960655
30
0
10
-11.003794620435592
20
9.1690925809886874
30
0
10
-11.012899294652316
20
9.1758488749826412
30
0
10
-11.026730044122075
20
9.1856643731124201
30
0
10
-11.045520452190853
20
9.1982330591038792
30
0
10
-11.069351504545658
20
9.213275228311316
30
0
10
-11.09347132819388
20
9.2279497007252882
30
0
10
-11.117752413930646
20
9.2424266214122746
30
0
10
-11.142142180019503
20
9.2567734615418864
30
0
10
-11.166639686153029
20
9.2709870956734335
30
0
10
-11.191275616817979
20
9.2850214137996225
30
0
10
-11.216091576923562
20
9.2988158635707876
30
0
10
-11.241118540073424
20
9.312325175523462
30
0
10
-11.26635905099317
20
9.3255438884900634
30
0
10
-11.291797590711422
20
9.3384918990982584
30
0
10
-11.317408146218975
20
9.35120387836022
30
0
10
-11.343162553168105
20
9.363717622703545
30
0
10
-11.36903916776969
20
9.3760619402906187
30
0
10
-11.395029403556316
20
9.388247518854584
30
0
10
-11.421133001155276
20
9.4002735131084663
30
0
10
-11.447354760172558
20
9.4121320925066243
30
0
10
-11.473700858502687
20
9.4238135648734094
30
0
10
-11.500174997940551
20
9.4353117417667303
30
0
10
-11.526775702330916
20
9.4466276980688573
30
0
10
-11.553498371235378
20
9.4577669050440534
30
0
10
-11.580336614234017
20
9.4687373658391429
30
0
10
-11.607283792676572
20
9.4795474621084548
30
0
10
-11.634334639059212
20
9.4902036922287856
30
0
10
-11.661486318944018
20
9.5007091873337206
30
0
10
-11.688737522417272
20
9.5110649762426558
30
0
10
-11.716087880586185
20
9.5212707970192962
30
0
10
-11.743537287345465
20
9.5313260408135569
30
0
10
-11.771085183920038
20
9.541230747570804
30
0
10
-11.798730103239397
20
9.550986239784562
30
0
10
-11.826470055385073
20
9.5605945842667737
30
0
10
-11.854302766621114
20
9.5700582580631277
30
0
10
-11.882225961135049
20
9.5793797549024617
30
0
10
-11.91023765707957
20
9.5885611719013024
30
0
10
-11.938336350410994
20
9.5976039524549623
30
0
10
-11.966520845151612
20
9.606509121217135
30
0
10
-11.994790145405378
20
9.6152774332208217
30
0
10
-12.023143328719627
20
9.6239095491356146
30
0
10
-12.051579412424333
20
9.63240622021981
30
0
10
-12.080097268144886
20
9.6407684068961945
30
0
10
-12.108695693873797
20
9.6489971797081502
30
0
10
-12.137373458201417
20
9.6570936589639373
30
0
10
-12.166129352447683
20
9.6650589433633165
30
0
10
-12.194962244692178
20
9.6728940366628251
30
0
10
-12.223871114226302
20
9.6805997999353934
30
0
10
-12.252855016686324
20
9.6881769948182477
30
0
10
-12.281913060111819
20
9.6956263124477911
30
0
10
-12.311044377547812
20
9.7029484074232251
30
0
10
-12.340248097499419
20
9.7101439339270925
30
0
10
-12.369523324321248
20
9.7172135713637982
30
0
10
-12.398869160405841
20
9.724158003987144
30
0
10
-12.428284721844854
20
9.7309779082677821
30
0
10
-12.4577691552142
20
9.7376739386426117
30
0
10
-12.487321655597059
20
9.7442467136397308
30
0
10
-12.516941477036962
20
9.7506968063624697
30
0
10
-12.546627905672096
20
9.7570247563139958
30
0
10
-12.576380236945543
20
9.7632310792183024
30
0
10
-12.606197751920556
20
9.7693162780567295
30
0
10
-12.636079690779759
20
9.7752808554368436
30
0
10
-12.666025234881007
20
9.7811253234489453
30
0
10
-12.696033554682987
20
9.7868501900538476
30
0
10
-12.726103850826771
20
9.7924559485909963
30
0
10
-12.756235396891196
20
9.797943066875348
30
0
10
-12.786427582292729
20
9.8033119774567687
30
0
10
-12.816679951304049
20
9.8085630678365607
30
0
10
-12.84699218210511
20
9.8136966648499797
30
0
10
-12.871289691817063
20
9.8177097489310121
30
0
10
-12.889539620767563
20
9.8206668759237363
30
0
10
-12.901718145745189
20
9.822614885667468
30
0
10
-12.907810384653136
20
9.8235830384763787
30
0
0
ARC
5
265
100
AcDbEntity
8
0
100
AcDbCircle
10
0
20
0
30
0
40
16.220800000000004
210
0
220
0
230
1
100
AcDbArc
50
142.72678700657127
51
145.27321299342861
0
SPLINE
5
266
100
AcDbEntity
8
0
100
AcDbSpline
70
4
71
5
72
81
73
75
74
0
42
0.000000001
43
0.0000000001
44
0.0000000001
40
-1
40
-1
40
-1
40
-1
40
-1
40
-1
40
-0.9857142857142841
40
-0.97142857142856986
40
-0.95714285714285563
40
-0.94285714285714139
40
-0.92857142857142716
40
-0.91428571428571292
40
-0.89999999999999869
40
-0.88571428571428445
40
-0.87142857142857022
40
-0.85714285714285599
40
-0.84285714285714175
40
-0.82857142857142752
40
-0.81428571428571328
40
-0.79999999999999905
40
-0.78571428571428481
40
-0.77142857142857058
40
-0.75714285714285634
40
-0.74285714285714211
40
-0.72857142857142787
40
-0.71428571428571364
40
-0.6999999999999994
40
-0.68571428571428517
40
-0.67142857142857093
40
-0.6571428571428567
40
-0.64285714285714246
40
-0.62857142857142823
40
-0.61428571428571399
40
-0.59999999999999976
40
-0.58571428571428552
40
-0.57142857142857129
40
-0.55714285714285705
40
-0.54285714285714282
40
-0.52857142857142858
40
-0.51428571428571435
40
-0.50000000000000011
40
-0.48571428571428582
40
-0.47142857142857153
40
-0.45714285714285724
40
-0.44285714285714295
40
-0.42857142857142866
40
-0.41428571428571437
40
-0.40000000000000008
40
-0.38571428571428579
40
-0.3714285714285715
40
-0.35714285714285721
40
-0.34285714285714292
40
-0.32857142857142863
40
-0.31428571428571433
40
-0.30000000000000004
40
-0.28571428571428575
40
-0.27142857142857146
40
-0.25714285714285717
40
-0.24285714285714291
40
-0.22857142857142862
40
-0.21428571428571433
40
-0.20000000000000004
40
-0.18571428571428575
40
-0.17142857142857146
40
-0.15714285714285717
40
-0.14285714285714288
40
-0.12857142857142859
40
-0.1142857142857143
40
-0.10000000000000001
40
-0.085714285714285715
40
-0.071428571428571425
40
-0.057142857142857141
40
-0.042857142857142858
40
-0.028571428571428571
40
-0.014285714285714285
40
-0.014008970433928706
40
-0.014008970433928706
40
-0.014008970433928706
40
-0.014008970433928706
40
-0.014008970433928706
40
-0.014008970433928706
41
1
41
1
41
1
41
1
41
1
41
1
41
1
41
1
41
1
41
1
41
1
41
1
41
1
41
1
41
1
41
1
41
1
41
1
41
1
41
1
41
1
41
1
41
1
41
1
41
1
41
1
41
1
41
1
41
1
41
1
41
1
41
1
41
1
41
1
41
1
41
1
41
1
41
1
41
1
41
1
41
1
41
1
41
1
41
1
41
1
41
1
41
1
41
1
41
1
41
1
41
1
41
1
41
1
41
1
41
1
41
1
41
1
41
1
41
1
41
1
41
1
41
1
41
1
41
1
41
1
41
1
41
1
41
1
41
1
41
1
41
1
41
1
41
1
41
1
41
1
10
-13.331515431136744
20
9.2404030728839395
30
0
10
-13.328712057742713
20
9.2349081850428121
30
0
10
-13.323096019197624
20
9.2239276876200016
30
0
10
-13.314644086109841
20
9.2074847762649839
30
0
10
-13.303319072922154
20
9.185616582504581
30
0
10
-13.289069737575563
20
9.1583743065972065
30
0
10
-13.274727157707609
20
9.1312252700819787
30
0
10
-13.260291121927349
20
9.1041698800255961
30
0
10
-13.245761402526634
20
9.0772086895949897
30
0
10
-13.231137776806786
20
9.0503424131548584
30
0
10
-13.216420024325824
20
9.0235718861355618
30
0
10
-13.201607922905549
20
8.9968980212228882
30
0
10
-13.186701245788871
20
8.9703217643260302
30
0
10
-13.17169975892333
20
8.9438440522645397
30
0
10
-13.156603219097189
20
8.917465762981962
30
0
10
-13.14141137011044
20
8.8911877356575637
30
0
10
-13.126123939200491
20
8.8650107997322696
30
0
10
-13.110740633864765
20
8.8389358008446433
30
0
10
-13.095261139562826
20
8.8129636255401316
30
0
10
-13.079685116772481
20
8.7870952304758028
30
0
10
-13.064012206809796
20
8.7613316295383328
30
0
10
-13.048242039455646
20
8.7356738724154237
30
0
10
-13.032374241321955
20
8.7101230242285599
30
0
10
-13.016408443026386
20
8.6846801467346282
30
0
10
-13.000344291711093
20
8.6593462709280509
30
0
10
-12.984181432719062
20
8.6341224236142811
30
0
10
-12.967919484371448
20
8.6090096666709766
30
0
10
-12.95155801413264
20
8.584009133600274
30
0
10
-12.935096518489919
20
8.5591220612399095
30
0
10
-12.91853439259674
20
8.5343498362879906
30
0
10
-12.901870965030213
20
8.5096939477844753
30
0
10
-12.885105550840379
20
8.4851559130638101
30
0
10
-12.868237503320712
20
8.4607372061191732
30
0
10
-12.851266257741807
20
8.4364391968855266
30
0
10
-12.834191403276289
20
8.4122630520891981
30
0
10
-12.817012596643593
20
8.388209853192933
30
0
10
-12.799729427513469
20
8.3642807806681923
30
0
10
-12.782341290959778
20
8.3404772885927585
30
0
10
-12.764847279007059
20
8.3168012534308726
30
0
10
-12.747246009603481
20
8.2932552080759674
30
0
10
-12.729535814336701
20
8.2698420875589189
30
0
10
-12.711715040019334
20
8.2465648197803318
30
0
10
-12.693782335915033
20
8.2234259359451478
30
0
10
-12.675736897607436
20
8.20042723999331
30
0
10
-12.657578859777239
20
8.1775692756952854
30
0
10
-12.639308834263613
20
8.154851955818188
30
0
10
-12.620927184176926
20
8.1322755502571233
30
0
10
-12.602433335837377
20
8.10984162273677
30
0
10
-12.58382518724947
20
8.0875538365412574
30
0
10
-12.565098185837796
20
8.0654192094732942
30
0
10
-12.546246411631142
20
8.0434466453381024
30
0
10
-12.527264227932928
20
8.0216446948945634
30
0
10
-12.508147852875268
20
8.0000194241332441
30
0
10
-12.48889672034143
20
7.9785725691180831
30
0
10
-12.469515571972067
20
7.9572986968991515
30
0
10
-12.450011716499578
20
7.9361889369026182
30
0
10
-12.430391118055615
20
7.9152363046602545
30
0
10
-12.410654660706427
20
7.894440785642125
30
0
10
-12.390794833178127
20
7.8738138487551907
30
0
10
-12.370790925578813
20
7.8533849806778786
30
0
10
-12.350615694631809
20
7.8331926470350872
30
0
10
-12.330244204706982
20
7.8132723016006844
30
0
10
-12.30966232861282
20
7.7936448521896162
30
0
10
-12.288874473864899
20
7.7743061910304254
30
0
10
-12.26791412291151
20
7.7552128714419872
30
0
10
-12.246826007835402
20
7.7363066130991882
30
0
10
-12.225644499831605
20
7.7175439845450979
30
0
10
-12.204372861941824
20
7.6989249142509237
30
0
10
-12.18296317392069
20
7.6805202601577962
30
0
10
-12.161293020705275
20
7.6625038684429514
30
0
10
-12.143532934567325
20
7.6485170659736106
30
0
10
-12.12992390447921
20
7.6383963972955007
30
0
10
-12.120684787989028
20
7.6318251472160581
30
0
10
-12.115984310114802
20
7.6285605872154267
30
0
10
-12.115894969358846
20
7.6284985667705438
30
0
0
SPLINE
5
267
100
AcDbEntity
8
0
100
AcDbSpline
70
0
71
3
72
9
73
5
74
0
42
0.000000001
43
0.0000000001
44
0.0000000001
40
-1
40
-1
40
-1
40
-1
40
-0.5
40
0
40
0
40
0
40
0
10
-12.029816592668233
20
7.2275588008040659
30
0
10
-11.991063106447189
20
7.2920615387843899
30
0
10
-11.96474203728863
20
7.4512397901622585
30
0
10
-12.054080521841687
20
7.5855869135818823
30
0
10
-12.115894969358889
20
7.6284985667705705
30
0
0
ARC
5
268
100
AcDbEntity
8
0
100
AcDbCircle
10
0
20
0
30
0
40
14.034033400000023
210
0
220
0
230
1
100
AcDbArc
50
149.00239450984785
51
150.9976054901521
0
SPLINE
5
269
100
AcDbEntity
8
0
100
AcDbSpline
70
0
71
3
72
14
73
10
74
0
42
0.000000001
43
0.0000000001
44
0.0000000001
40
0
40
0
40
0
40
0
40
0.011719334201608009
40
0.011719334201608009
40
0.023438668403215838
40
0.023438668403215838
40
0.034360691258246936
40
0.034360691258246936
40
0.045282714113278034
40
0.045282714113278034
40
0.045282714113278034
40
0.045282714113278034
10
-12.664421036235908
20
6.6784235496635969
30
0
10
-12.629083640098225
20
6.6617712381097602
30
0
10
-12.590831521989173
20
6.652180310983125
30
0
10
-12.512804035881583
20
6.6482009146419969
30
0
10
-12.473774653178495
20
6.6538504906254659
30
0
10
-12.402585225306629
20
6.6789097385748688
30
0
10
-12.370729545307032
20
6.6971490504606068
30
0
10
-12.315110826466169
20
6.7441422607607704
30
0
10
-12.291809495082067
20
6.7725060546189653
30
0
10
-12.274157825176191
20
6.8043473717162142
30
0
0
SPLINE
5
270
100
AcDbEntity
8
0
100
AcDbSpline
70
4
71
5
72
81
73
75
74
0
42
0.000000001
43
0.0000000001
44
0.0000000001
40
0.014008970433940063
40
0.014008970433940063
40
0.014008970433940063
40
0.014008970433940063
40
0.014008970433940063
40
0.014008970433940063
40
0.014285714285714285
40
0.028571428571428571
40
0.042857142857142858
40
0.057142857142857141
40
0.071428571428571425
40
0.085714285714285715
40
0.10000000000000001
40
0.1142857142857143
40
0.12857142857142859
40
0.14285714285714288
40
0.15714285714285717
40
0.17142857142857146
40
0.18571428571428575
40
0.20000000000000004
40
0.21428571428571433
40
0.22857142857142862
40
0.24285714285714291
40
0.25714285714285717
40
0.27142857142857146
40
0.28571428571428575
40
0.30000000000000004
40
0.31428571428571433
40
0.32857142857142863
40
0.34285714285714292
40
0.35714285714285721
40
0.3714285714285715
40
0.38571428571428579
40
0.40000000000000008
40
0.41428571428571437
40
0.42857142857142866
40
0.44285714285714295
40
0.45714285714285724
40
0.47142857142857153
40
0.48571428571428582
40
0.50000000000000011
40
0.51428571428571435
40
0.52857142857142858
40
0.54285714285714282
40
0.55714285714285705
40
0.57142857142857129
40
0.58571428571428552
40
0.59999999999999976
40
0.61428571428571399
40
0.62857142857142823
40
0.64285714285714246
40
0.6571428571428567
40
0.67142857142857093
40
0.68571428571428517
40
0.6999999999999994
40
0.71428571428571364
40
0.72857142857142787
40
0.74285714285714211
40
0.75714285714285634
40
0.77142857142857058
40
0.78571428571428481
40
0.79999999999999905
40
0.81428571428571328
40
0.82857142857142752
40
0.84285714285714175
40
0.85714285714285599
40
0.87142857142857022
40
0.88571428571428445
40
0.89999999999999869
40
0.91428571428571292
40
0.92857142857142716
40
0.94285714285714139
40
0.95714285714285563
40
0.97142857142856986
40
0.9857142857142841
40
1
40
1
40
1
40
1
40
1
40
1
41
1
41
1
41
1
41
1
41
1
41
1
41
1
41
1
41
1
41
1
41
1
41
1
41
1
41
1
41
1
41
1
41
1
41
1
41
1
41
1
41
1
41
1
41
1
41
1
41
1
41
1
41
1
41
1
41
1
41
1
41
1
41
1
41
1
41
1
41
1
41
1
41
1
41
1
41
1
41
1
41
1
41
1
41
1
41
1
41
1
41
1
41
1
41
1
41
1
41
1
41
1
41
1
41
1
41
1
41
1
41
1
41
1
41
1
41
1
41
1
41
1
41
1
41
1
41
1
41
1
41
1
41
1
41
1
41
1
41
1
41
1
41
1
41
1
41
1
41
1
10
-12.664421036235908
20
6.6784235496635969
30
0
10
-12.664519417894704
20
6.6784699108054042
30
0
10
-12.669696848724534
20
6.6809083640540914
30
0
10
-12.68000727647304
20
6.6856240486033887
30
0
10
-12.695576547695623
20
6.6923494800415089
30
0
10
-12.716569517020758
20
6.7007367645756988
30
0
10
-12.743007246538054
20
6.7104954719067287
30
0
10
-12.769650988541132
20
6.7198344785735653
30
0
10
-12.796411395355632
20
6.7289467222191313
30
0
10
-12.823251062327143
20
6.7379091319638373
30
0
10
-12.850168419880569
20
6.7467188461662762
30
0
10
-12.877183895163427
20
6.7553243827699294
30
0
10
-12.904325594376429
20
6.7636578624922166
30
0
10
-12.931614402224984
20
6.7716685653417672
30
0
10
-12.959051672385753
20
6.7793506204124085
30
0
10
-12.986626361755604
20
6.786726716118336
30
0
10
-13.014320234280772
20
6.7938361742356426
30
0
10
-13.04211359939127
20
6.8007218209464604
30
0
10
-13.069991275820442
20
6.8074163348824985
30
0
10
-13.097947086840467
20
6.8139319554512445
30
0
10
-13.125980603001498
20
6.8202679097638921
30
0
10
-13.15409489096464
20
6.8264155404968108
30
0
10
-13.182293978505975
20
6.8323640828151539
30
0
10
-13.210580199877819
20
6.8381067138626968
30
0
10
-13.238952334663081
20
6.8436447919428876
30
0
10
-13.267407020493767
20
6.8489846252446611
30
0
10
-13.295939670543754
20
6.854135370669896
30
0
10
-13.324545533877139
20
6.8591066069666651
30
0
10
-13.353220809186197
20
6.8639057856822729
30
0
10
-13.381963374971562
20
6.8685365588402885
30
0
10
-13.41077216384784
20
6.8730002051243293
30
0
10
-13.439646760523827
20
6.8772965450191492
30
0
10
-13.468586934625833
20
6.8814250050400325
30
0
10
-13.497592147894469
20
6.8853857404353143
30
0
10
-13.526661240280099
20
6.8891803498199717
30
0
10
-13.55579269506312
20
6.8928112685684582
30
0
10
-13.58498480320092
20
6.8962813923333606
30
0
10
-13.614235857088364
20
6.8995936335175765
30
0
10
-13.643544354201316
20
6.9027504554598327
30
0
10
-13.672909123461807
20
6.9057535827220491
30
0
10
-13.702329208064599
20
6.908604266224537
30
0
10
-13.731803790856548
20
6.9113034515594309
30
0
10
-13.76133210690373
20
6.9138519767478073
30
0
10
-13.790913351205187
20
6.9162507809397571
30
0
10
-13.820546619727141
20
6.9185010381727929
30
0
10
-13.850230959307325
20
6.92060404550777
30
0
10
-13.879965398370542
20
6.9225611547959796
30
0
10
-13.909748983081798
20
6.9243736920266796
30
0
10
-13.939580814948581
20
6.9260428743614
30
0
10
-13.969460074594355
20
6.9275697562738126
30
0
10
-13.999385996645277
20
6.9289552791018103
30
0
10
-14.029357852327738
20
6.9302003043278013
30
0
10
-14.059374929730645
20
6.9313056524964995
30
0
10
-14.089436512415555
20
6.9322721446889695
30
0
10
-14.119541865565195
20
6.9331006316781396
30
0
10
-14.149690253451357
20
6.9337919693883165
30
0
10
-14.179880952127368
20
6.9343470032825145
30
0
10
-14.21011326288359
20
6.9347665509334711
30
0
10
-14.240386526991781
20
6.9350513847045736
30
0
10
-14.270700133951305
20
6.9352022202685415
30
0
10
-14.301053497668947
20
6.9352197337593191
30
0
10
-14.331446036209103
20
6.9351045761167152
30
0
10
-14.361877150921217
20
6.9348573888060683
30
0
10
-14.392346203089733
20
6.9344788214266924
30
0
10
-14.422852498431363
20
6.9339695450837446
30
0
10
-14.453395331143255
20
6.9333302291092247
30
0
10
-14.483974021905423
20
6.9325615222579824
30
0
10
-14.514587957434957
20
6.9316640331535559
30
0
10
-14.545236630423211
20
6.93063831184101
30
0
10
-14.575919675667649
20
6.929484832104853
30
0
10
-14.606636846333632
20
6.9282039805483588
30
0
10
-14.631237764258866
20
6.9270776327868901
30
0
10
-14.649703709748378
20
6.9261757658744845
30
0
10
-14.662021118735268
20
6.9255491492117578
30
0
10
-14.668181517893649
20
6.9252294978667202
30
0
0
ARC
5
271
100
AcDbEntity
8
0
100
AcDbCircle
10
0
20
0
30
0
40
16.220800000000004
210
0
220
0
230
1
100
AcDbArc
50
154.72678700657124
51
157.27321299342856
0
SPLINE
5
272
100
AcDbEntity
8
0
100
AcDbSpline
70
4
71
5
72
81
73
75
74
0
42
0.000000001
43
0.0000000001
44
0.0000000001
40
-1
40
-1
40
-1
40
-1
40
-1
40
-1
40
-0.9857142857142841
40
-0.97142857142856986
40
-0.95714285714285563
40
-0.94285714285714139
40
-0.92857142857142716
40
-0.91428571428571292
40
-0.89999999999999869
40
-0.88571428571428445
40
-0.87142857142857022
40
-0.85714285714285599
40
-0.84285714285714175
40
-0.82857142857142752
40
-0.81428571428571328
40
-0.79999999999999905
40
-0.78571428571428481
40
-0.77142857142857058
40
-0.75714285714285634
40
-0.74285714285714211
40
-0.72857142857142787
40
-0.71428571428571364
40
-0.6999999999999994
40
-0.68571428571428517
40
-0.67142857142857093
40
-0.6571428571428567
40
-0.64285714285714246
40
-0.62857142857142823
40
-0.61428571428571399
40
-0.59999999999999976
40
-0.58571428571428552
40
-0.57142857142857129
40
-0.55714285714285705
40
-0.54285714285714282
40
-0.52857142857142858
40
-0.51428571428571435
40
-0.50000000000000011
40
-0.48571428571428582
40
-0.47142857142857153
40
-0.45714285714285724
40
-0.44285714285714295
40
-0.42857142857142866
40
-0.41428571428571437
40
-0.40000000000000008
40
-0.38571428571428579
40
-0.3714285714285715
40
-0.35714285714285721
40
-0.34285714285714292
40
-0.32857142857142863
40
-0.31428571428571433
40
-0.30000000000000004
40
-0.28571428571428575
40
-0.27142857142857146
40
-0.25714285714285717
40
-0.24285714285714291
40
-0.22857142857142862
40
-0.21428571428571433
40
-0.20000000000000004
40
-0.18571428571428575
40
-0.17142857142857146
40
-0.15714285714285717
40
-0.14285714285714288
40
-0.12857142857142859
40
-0.1142857142857143
40
-0.10000000000000001
40
-0.085714285714285715
40
-0.071428571428571425
40
-0.057142857142857141
40
-0.042857142857142858
40
-0.028571428571428571
40
-0.014285714285714285
40
-0.014008970433944822
40
-0.014008970433944822
40
-0.014008970433944822
40
-0.014008970433944822
40
-0.014008970433944822
40
-0.014008970433944822
41
1
41
1
41
1
41
1
41
1
41
1
41
1
41
1
41
1
41
1
41
1
41
1
41
1
41
1
41
1
41
1
41
1
41
1
41
1
41
1
41
1
41
1
41
1
41
1
41
1
41
1
41
1
41
1
41
1
41
1
41
1
41
1
41
1
41
1
41
1
41
1
41
1
41
1
41
1
41
1
41
1
41
1
41
1
41
1
41
1
41
1
41
1
41
1
41
1
41
1
41
1
41
1
41
1
41
1
41
1
41
1
41
1
41
1
41
1
41
1
41
1
41
1
41
1
41
1
41
1
41
1
41
1
41
1
41
1
41
1
41
1
41
1
41
1
41
1
41
1
10
-14.96137765983303
20
6.2667001811040279
30
0
10
-14.957493095451795
20
6.2619082238482751
30
0
10
-14.949716807038087
20
6.2523353167088969
30
0
10
-14.938030895464923
20
6.2380089781168637
30
0
10
-14.922406707847252
20
6.2189732594981306
30
0
10
-14.902804767020307
20
6.195288896085744
30
0
10
-14.883131004848181
20
6.1717151211871757
30
0
10
-14.863385299193254
20
6.1482523769243871
30
0
10
-14.843567542333222
20
6.1249012517194696
30
0
10
-14.82367766496068
20
6.1016624906282075
30
0
10
-14.803715625146568
20
6.0785369566572554
30
0
10
-14.783681395325861
20
6.0555255887414816
30
0
10
-14.763574950362237
20
6.032629359265135
30
0
10
-14.743396256093577
20
6.0098492332382598
30
0
10
-14.723145257157633
20
5.9871861199857985
30
0
10
-14.702821877428169
20
5.9646408936159041
30
0
10
-14.682426022553559
20
5.9422144221547581
30
0
10
-14.661957582241268
20
5.9199075935764149
30
0
10
-14.641416433147477
20
5.8977213404497855
30
0
10
-14.620802442069561
20
5.8756566691173333
30
0
10
-14.600115468960578
20
5.8537146458844589
30
0
10
-14.57935536993393
20
5.8318963744735548
30
0
10
-14.558522001212172
20
5.8102029743623902
30
0
10
-14.537615222236528
20
5.7886355609048277
30
0
10
-14.516634902215738
20
5.7671952159288509
30
0
10
-14.495580907727749
20
5.7458830175390885
30
0
10
-14.474453086211094
20
5.7247000837641302
30
0
10
-14.453251250250453
20
5.7036476132655718
30
0
10
-14.431975164489089
20
5.6827269205394595
30
0
10
-14.410624525608553
20
5.6619394877358884
30
0
10
-14.389198986446971
20
5.64128691095239
30
0
10
-14.367698192493757
20
5.6207708167751225
30
0
10
-14.346121817634891
20
5.600392781444806
30
0
10
-14.324469594307143
20
5.5801542623739033
30
0
10
-14.302741363236764
20
5.5600564862087731
30
0
10
-14.280937013493421
20
5.5401005821516573
30
0
10
-14.259056389147393
20
5.5202877901903253
30
0
10
-14.2370992008114
20
5.500619658398703
30
0
10
-14.215064950490273
20
5.4810982110144906
30
0
10
-14.19295281295148
20
5.4617262129260578
30
0
10
-14.170761766468736
20
5.4425068819092441
30
0
10
-14.148490802725519
20
5.4234434255999862
30
0
10
-14.126139126769422
20
5.4045386007242051
30
0
10
-14.103706326822705
20
5.3857943390489886
30
0
10
-14.081192647679206
20
5.3672111444604242
30
0
10
-14.058598669671214
20
5.3487888044233589
30
0
10
-14.035924804088605
20
5.3305275074401557
30
0
10
-14.013170814904505
20
5.3124289023390876
30
0
10
-13.990335407696646
20
5.2944970093821802
30
0
10
-13.967415588457559
20
5.2767396395499606
30
0
10
-13.944407417786797
20
5.2591667329093745
30
0
10
-13.921307159965854
20
5.24178782529982
30
0
10
-13.898112376960103
20
5.2246096364499603
30
0
10
-13.874822875971793
20
5.2076339821888595
30
0
10
-13.851442165451555
20
5.1908545624470559
30
0
10
-13.827975550122446
20
5.1742611809231329
30
0
10
-13.804427411632929
20
5.1578457657635486
30
0
10
-13.780798611709349
20
5.1416081189481746
30
0
10
-13.757084187736996
20
5.1255610204424862
30
0
10
-13.733270013009982
20
5.1097376183988956
30
0
10
-13.709337437035691
20
5.0941812020718107
30
0
10
-13.685269440341406
20
5.0789316348941105
30
0
10
-13.661056551427805
20
5.0640123050030894
30
0
10
-13.636702227441964
20
5.0494182780179369
30
0
10
-13.612230186087411
20
5.035100095279315
30
0
10
-13.587672064782632
20
5.020991449704086
30
0
10
-13.563052453721928
20
5.0070427127435826
30
0
10
-13.538374529770042
20
4.9932531360075672
30
0
10
-13.513606152048292
20
4.9797019922003933
30
0
10
-13.488663725209232
20
4.9665847800659328
30
0
10
-13.468383719814042
20
4.9565961523266218
30
0
10
-13.452967874347973
20
4.9495261209973211
30
0
10
-13.442564415005403
20
4.9450193888294303
30
0
10
-13.437287913660928
20
4.9428034515998451
30
0
10
-13.437187630439285
20
4.9427613614381185
30
0
0
SPLINE
5
273
100
AcDbEntity
8
0
100
AcDbSpline
70
0
71
3
72
9
73
5
74
0
42
0.000000001
43
0.0000000001
44
0.0000000001
40
-1
40
-1
40
-1
40
-1
40
-0.5
40
0
40
0
40
0
40
0
10
-13.269630208146111
20
4.5684797921598195
30
0
10
-13.245134451894792
20
4.6396302934013312
30
0
10
-13.25248358063398
20
4.8008025760684712
30
0
10
-13.367802142539411
20
4.9136393771283435
30
0
10
-13.437187630439285
20
4.9427613614381185
30
0
0
ARC
5
274
100
AcDbEntity
8
0
100
AcDbCircle
10
0
20
0
30
0
40
14.03403340000003
210
0
220
0
230
1
100
AcDbArc
50
161.00239450984782
51
162.99760549015213
0
SPLINE
5
275
100
AcDbEntity
8
0
100
AcDbSpline
70
0
71
3
72
14
73
10
74
0
42
0.000000001
43
0.0000000001
44
0.0000000001
40
0
40
0
40
0
40
0
40
0.011719334201607782
40
0.011719334201607782
40
0.023438668403215623
40
0.023438668403215623
40
0.034360691258243009
40
0.034360691258243009
40
0.045282714113270464
40
0.045282714113270464
40
0.045282714113270464
40
0.045282714113270464
10
-13.77619538348455
20
3.8994027809157701
30
0
10
-13.738167983985113
20
3.8904614201028052
30
0
10
-13.69875770055835
20
3.8890331402984968
30
0
10
-13.621607939209206
20
3.9013635298819609
30
0
10
-13.58460605505519
20
3.9150043140247344
30
0
10
-13.520182397596512
20
3.954317071599835
30
0
10
-13.492815006808691
20
3.9787809790507667
30
0
10
-13.448182128229098
20
4.0363110568319582
30
0
10
-13.431287151180907
20
4.0688996529484234
30
0
10
-13.420641394689085
20
4.1037151494071775
30
0
0
SPLINE
5
276
100
AcDbEntity
8
0
100
AcDbSpline
70
4
71
5
72
81
73
75
74
0
42
0.000000001
43
0.0000000001
44
0.0000000001
40
0.014008970433917118
40
0.014008970433917118
40
0.014008970433917118
40
0.014008970433917118
40
0.014008970433917118
40
0.014008970433917118
40
0.014285714285714285
40
0.028571428571428571
40
0.042857142857142858
40
0.057142857142857141
40
0.071428571428571425
40
0.085714285714285715
40
0.10000000000000001
40
0.1142857142857143
40
0.12857142857142859
40
0.14285714285714288
40
0.15714285714285717
40
0.17142857142857146
40
0.18571428571428575
40
0.20000000000000004
40
0.21428571428571433
40
0.22857142857142862
40
0.24285714285714291
40
0.25714285714285717
40
0.27142857142857146
40
0.28571428571428575
40
0.30000000000000004
40
0.31428571428571433
40
0.32857142857142863
40
0.34285714285714292
40
0.35714285714285721
40
0.3714285714285715
40
0.38571428571428579
40
0.40000000000000008
40
0.41428571428571437
40
0.42857142857142866
40
0.44285714285714295
40
0.45714285714285724
40
0.47142857142857153
40
0.48571428571428582
40
0.50000000000000011
40
0.51428571428571435
40
0.52857142857142858
40
0.54285714285714282
40
0.55714285714285705
40
0.57142857142857129
40
0.58571428571428552
40
0.59999999999999976
40
0.61428571428571399
40
0.62857142857142823
40
0.64285714285714246
40
0.6571428571428567
40
0.67142857142857093
40
0.68571428571428517
40
0.6999999999999994
40
0.71428571428571364
40
0.72857142857142787
40
0.74285714285714211
40
0.75714285714285634
40
0.77142857142857058
40
0.78571428571428481
40
0.79999999999999905
40
0.81428571428571328
40
0.82857142857142752
40
0.84285714285714175
40
0.85714285714285599
40
0.87142857142857022
40
0.88571428571428445
40
0.89999999999999869
40
0.91428571428571292
40
0.92857142857142716
40
0.94285714285714139
40
0.95714285714285563
40
0.97142857142856986
40
0.9857142857142841
40
1
40
1
40
1
40
1
40
1
40
1
41
1
41
1
41
1
41
1
41
1
41
1
41
1
41
1
41
1
41
1
41
1
41
1
41
1
41
1
41
1
41
1
41
1
41
1
41
1
41
1
41
1
41
1
41
1
41
1
41
1
41
1
41
1
41
1
41
1
41
1
41
1
41
1
41
1
41
1
41
1
41
1
41
1
41
1
41
1
41
1
41
1
41
1
41
1
41
1
41
1
41
1
41
1
41
1
41
1
41
1
41
1
41
1
41
1
41
1
41
1
41
1
41
1
41
1
41
1
41
1
41
1
41
1
41
1
41
1
41
1
41
1
41
1
41
1
41
1
41
1
41
1
41
1
41
1
41
1
41
1
10
-13.776195383484549
20
3.8994027809157701
30
0
10
-13.776301254291447
20
3.8994276742583733
30
0
10
-13.78187252877354
20
3.900736393055158
30
0
10
-13.792938094886296
20
3.9032053701166274
30
0
10
-13.809565435999627
20
3.9065468012370386
30
0
10
-13.831843473086163
20
3.9103861197331562
30
0
10
-13.859732424123745
20
3.9144348628499426
30
0
10
-13.887735625105286
20
3.9180302443647728
30
0
10
-13.915805794809042
20
3.921379562196214
30
0
10
-13.943922340425543
20
3.9245658412437567
30
0
10
-13.972083131709974
20
3.9275866087327458
30
0
10
-14.000297445706241
20
3.9303872605703298
30
0
10
-14.028578661530734
20
3.9328955571914075
30
0
10
-14.056936662228775
20
3.9350575447836933
30
0
10
-14.085371551265911
20
3.9368671992891979
30
0
10
-14.113877244043865
20
3.9383490093160733
30
0
10
-14.142444078467351
20
3.9395452288540329
30
0
10
-14.171061698316523
20
3.9405018421300833
30
0
10
-14.199722048341394
20
3.9412539700322369
30
0
10
-14.228421631506373
20
3.9418148687214911
30
0
10
-14.257159867053506
20
3.9421838714861601
30
0
10
-14.285937954671198
20
3.9423518725912072
30
0
10
-14.314757595983941
20
3.9423075050175225
30
0
10
-14.343619655683478
20
3.9420436096863098
30
0
10
-14.37252322242891
20
3.9415617689578122
30
0
10
-14.401466318874284
20
3.9408688522475148
30
0
10
-14.430446362253591
20
3.9399747700117955
30
0
10
-14.459460696983978
20
3.9388898794552132
30
0
10
-14.488507154089213
20
3.9376222596272066
30
0
10
-14.517584417728173
20
3.9361759238303868
30
0
10
-14.546691709693679
20
3.9345523447279653
30
0
10
-14.575828586446315
20
3.9327514330714357
30
0
10
-14.604994703412421
20
3.9307726758054806
30
0
10
-14.634189566372825
20
3.9286163366963063
30
0
10
-14.663412372998499
20
3.9262842206131938
30
0
10
-14.692662146056616
20
3.9237790250555689
30
0
10
-14.721937815891273
20
3.9211039377289931
30
0
10
-14.751238317735218
20
3.9182621624244476
30
0
10
-14.780562694054993
20
3.9152564210431251
30
0
10
-14.809910157920072
20
3.9120886439419387
30
0
10
-14.839280033514664
20
3.9087602536365802
30
0
10
-14.868671718142048
20
3.9052723449514195
30
0
10
-14.898084637818316
20
3.9016258966334698
30
0
10
-14.927518200393997
20
3.8978219946792469
30
0
10
-14.956971765686744
20
3.8938619754299193
30
0
10
-14.986444671037287
20
3.8897473057760252
30
0
10
-15.01593624716736
20
3.8854795100295108
30
0
10
-15.045445836774238
20
3.8810600835170299
30
0
10
-15.07497281406172
20
3.8764904036093109
30
0
10
-15.104516596796024
20
3.8717716720952042
30
0
10
-15.134076632043714
20
3.866904968872285
30
0
10
-15.163652386068902
20
3.8618912881180552
30
0
10
-15.193243333118291
20
3.8567315804609965
30
0
10
-15.222848943121697
20
3.8514267979955097
30
0
10
-15.252468674205
20
3.8459779256801987
30
0
10
-15.282101984674089
20
3.8403859537018659
30
0
10
-15.311748342183911
20
3.8346518595651018
30
0
10
-15.341407233276236
20
3.8287765882466243
30
0
10
-15.371078174200996
20
3.8227610321891299
30
0
10
-15.40076071659518
20
3.8166060183563912
30
0
10
-15.430454427749275
20
3.8103123299628345
30
0
10
-15.460158873782351
20
3.8038807247148876
30
0
10
-15.489873602493955
20
3.7973119545267808
30
0
10
-15.51959812418529
20
3.7906067875989571
30
0
10
-15.549331899275426
20
3.7837660247209284
30
0
10
-15.579074376546949
20
3.7767904673428472
30
0
10
-15.608825026408359
20
3.7696808912812814
30
0
10
-15.638583375518401
20
3.7624380193685698
30
0
10
-15.668349042015137
20
3.7550624951053724
30
0
10
-15.698121767181918
20
3.7475548578527489
30
0
10
-15.727901389957387
20
3.7399155370855643
30
0
10
-15.751730537934268
20
3.7336989842835884
30
0
10
-15.769605449535467
20
3.7289775393777642
30
0
10
-15.781523412653408
20
3.7258036824635807
30
0
10
-15.787482733058118
20
3.7242101972622299
30
0
0
ARC
5
277
100
AcDbEntity
8
0
100
AcDbCircle
10
0
20
0
30
0
40
16.220800000000008
210
0
220
0
230
1
100
AcDbArc
50
166.72678700657124
51
169.27321299342859
0
SPLINE
5
278
100
AcDbEntity
8
0
100
AcDbSpline
70
4
71
5
72
81
73
75
74
0
42
0.000000001
43
0.0000000001
44
0.0000000001
40
-1
40
-1
40
-1
40
-1
40
-1
40
-1
40
-0.9857142857142841
40
-0.97142857142856986
40
-0.95714285714285563
40
-0.94285714285714139
40
-0.92857142857142716
40
-0.91428571428571292
40
-0.89999999999999869
40
-0.88571428571428445
40
-0.87142857142857022
40
-0.85714285714285599
40
-0.84285714285714175
40
-0.82857142857142752
40
-0.81428571428571328
40
-0.79999999999999905
40
-0.78571428571428481
40
-0.77142857142857058
40
-0.75714285714285634
40
-0.74285714285714211
40
-0.72857142857142787
40
-0.71428571428571364
40
-0.6999999999999994
40
-0.68571428571428517
40
-0.67142857142857093
40
-0.6571428571428567
40
-0.64285714285714246
40
-0.62857142857142823
40
-0.61428571428571399
40
-0.59999999999999976
40
-0.58571428571428552
40
-0.57142857142857129
40
-0.55714285714285705
40
-0.54285714285714282
40
-0.52857142857142858
40
-0.51428571428571435
40
-0.50000000000000011
40
-0.48571428571428582
40
-0.47142857142857153
40
-0.45714285714285724
40
-0.44285714285714295
40
-0.42857142857142866
40
-0.41428571428571437
40
-0.40000000000000008
40
-0.38571428571428579
40
-0.3714285714285715
40
-0.35714285714285721
40
-0.34285714285714292
40
-0.32857142857142863
40
-0.31428571428571433
40
-0.30000000000000004
40
-0.28571428571428575
40
-0.27142857142857146
40
-0.25714285714285717
40
-0.24285714285714291
40
-0.22857142857142862
40
-0.21428571428571433
40
-0.20000000000000004
40
-0.18571428571428575
40
-0.17142857142857146
40
-0.15714285714285717
40
-0.14285714285714288
40
-0.12857142857142859
40
-0.1142857142857143
40
-0.10000000000000001
40
-0.085714285714285715
40
-0.071428571428571425
40
-0.057142857142857141
40
-0.042857142857142858
40
-0.028571428571428571
40
-0.014285714285714285
40
-0.014008970433925752
40
-0.014008970433925752
40
-0.014008970433925752
40
-0.014008970433925752
40
-0.014008970433925752
40
-0.014008970433925752
41
1
41
1
41
1
41
1
41
1
41
1
41
1
41
1
41
1
41
1
41
1
41
1
41
1
41
1
41
1
41
1
41
1
41
1
41
1
41
1
41
1
41
1
41
1
41
1
41
1
41
1
41
1
41
1
41
1
41
1
41
1
41
1
41
1
41
1
41
1
41
1
41
1
41
1
41
1
41
1
41
1
41
1
41
1
41
1
41
1
41
1
41
1
41
1
41
1
41
1
41
1
41
1
41
1
41
1
41
1
41
1
41
1
41
1
41
1
41
1
41
1
41
1
41
1
41
1
41
1
41
1
41
1
41
1
41
1
41
1
41
1
41
1
41
1
41
1
41
1
10
-15.937355892139335
20
3.0191124204460702
30
0
10
-15.932559910874566
20
3.0152328253021294
30
0
10
-15.922963233710696
20
3.0074858904240771
30
0
10
-15.908554074063122
20
2.995902254336904
30
0
10
-15.889313563987526
20
2.9805309631069892
30
0
10
-15.865215716554911
20
2.9614396325208965
30
0
10
-15.841070609890719
20
2.942471406321578
30
0
10
-15.816878216448661
20
2.9236267423634037
30
0
10
-15.792638553200245
20
2.9049062386067641
30
0
10
-15.768351707258407
20
2.8863106382360026
30
0
10
-15.744017817039516
20
2.8678407941165536
30
0
10
-15.719637050796445
20
2.8494976303963888
30
0
10
-15.69520958611221
20
2.8312821034369722
30
0
10
-15.670735590208087
20
2.8131951642632629
30
0
10
-15.646215197990919
20
2.7952377138397306
30
0
10
-15.621648516735307
20
2.7774106230006996
30
0
10
-15.597035634624232
20
2.7597147604207111
30
0
10
-15.572376628395492
20
2.7421510176005515
30
0
10
-15.547671571292618
20
2.724720332374897
30
0
10
-15.522920542254138
20
2.7074237167895916
30
0
10
-15.498123625990832
20
2.6902622429660994
30
0
10
-15.473280911237159
20
2.6732370204235396
30
0
10
-15.44839249011007
20
2.6563491740694163
30
0
10
-15.423458457017443
20
2.6395998241082475
30
0
10
-15.398478908950811
20
2.6229900559205097
30
0
10
-15.373453939554263
20
2.6065209517916674
30
0
10
-15.348383632051384
20
2.5901936370380114
30
0
10
-15.323268052338083
20
2.574009323093347
30
0
10
-15.29810724349983
20
2.5579693446622374
30
0
10
-15.272901217002753
20
2.542075214569703
30
0
10
-15.247649965118624
20
2.5263285662137176
30
0
10
-15.222353479270041
20
2.510731064342532
30
0
10
-15.197011768188236
20
2.4952843185551394
30
0
10
-15.171624873169971
20
2.4799898100455655
30
0
10
-15.146192893456121
20
2.4648487717698813
30
0
10
-15.120715955314797
20
2.4498623313182595
30
0
10
-15.095194164031673
20
2.4350317340013743
30
0
10
-15.069627558405934
20
2.4203585542310249
30
0
10
-15.044016072187496
20
2.4058448755494721
30
0
10
-15.018359473029745
20
2.3914935740011374
30
0
10
-14.992657430546785
20
2.3773080094745751
30
0
10
-14.966909625361238
20
2.3632915291519736
30
0
10
-14.941115853047863
20
2.3494469947980772
30
0
10
-14.91527611246422
20
2.3357763815796364
30
0
10
-14.889390747818609
20
2.3222801314761172
30
0
10
-14.863460282573136
20
2.3089579159389007
30
0
10
-14.837485158221838
20
2.2958098338391482
30
0
10
-14.811465486706282
20
2.2828375470470252
30
0
10
-14.785400837749904
20
2.2700452570977072
30
0
10
-14.759289906765646
20
2.2574412267722179
30
0
10
-14.733130907094537
20
2.2450359979705885
30
0
10
-14.706922167264986
20
2.2328396748508061
30
0
10
-14.680662699629405
20
2.2208593371952414
30
0
10
-14.654352693135239
20
2.20909680123764
30
0
10
-14.627994269706958
20
2.1975451751322743
30
0
10
-14.601590498216424
20
2.1861933824774322
30
0
10
-14.57514398632985
20
2.1750326168130023
30
0
10
-14.548655535772095
20
2.1640625052830864
30
0
10
-14.522122949477716
20
2.1532965803658706
30
0
10
-14.495539301331664
20
2.1427702029544067
30
0
10
-14.468895348741398
20
2.1325295939844917
30
0
10
-14.442182732224261
20
2.1226172843247024
30
0
10
-14.415397049923079
20
2.1130581202608525
30
0
10
-14.38854065752251
20
2.1038465564589002
30
0
10
-14.361626471403872
20
2.0949292838620366
30
0
10
-14.334671651614379
20
2.0862348665668087
30
0
10
-14.30768993263812
20
2.0777096479385309
30
0
10
-14.280684266318646
20
2.0693522354337719
30
0
10
-14.253639695854584
20
2.0612468519225264
30
0
10
-14.226515099131785
20
2.0536021044820969
30
0
10
-14.204601508029375
20
2.0480482024357722
30
0
10
-14.18805259360564
20
2.0443378027501384
30
0
10
-14.176939472505278
20
2.0420925543152322
30
0
10
-14.171317556118755
20
2.0410220869468674
30
0
10
-14.171210713289412
20
2.0410017666103313
30
0
0
SPLINE
5
279
100
AcDbEntity
8
0
100
AcDbSpline
70
0
71
3
72
14
73
10
74
0
42
0.000000001
43
0.0000000001
44
0.0000000001
40
0
40
0
40
0
40
0
40
0.011719334201607787
40
0.011719334201607787
40
0.023438668403215707
40
0.023438668403215707
40
0.034360691258246166
40
0.034360691258246166
40
0.045282714113276917
40
0.045282714113276917
40
0.045282714113276917
40
0.045282714113276917
10
-13.929497308777608
20
1.7097362945999148
30
0
10
-13.924738170649615
20
1.7485097604000748
30
0
10
-13.927597852540503
20
1.7878420962379065
30
0
10
-13.948232930522686
20
1.8631967095019881
30
0
10
-13.965811044021486
20
1.8984985557539953
30
0
10
-14.011887024025416
20
1.9582723344131243
30
0
10
-14.039178062810493
20
1.982821388332435
30
0
10
-14.101214582280456
20
2.0209432187169636
30
0
10
-14.135445079444457
20
2.034199534577982
30
0
10
-14.171210713289415
20
2.0410017666103322
30
0
0
CIRCLE
5
280
100
AcDbEntity
8
0
100
AcDbCircle
10
0
20
0
30
0
40
2.0499999999999998
210
0
220
-0
230
1
0
ENDSEC
0
SECTION
2
OBJECTS
0
DICTIONARY
5
C
100
AcDbDictionary
3
ACAD_GROUP
350
D
3
ACAD_MLINESTYLE
350
17
0
DICTIONARY
5
D
100
AcDbDictionary
0
DICTIONARY
5
1A
330
C
100
AcDbDictionary
0
DICTIONARY
5
17
100
AcDbDictionary
0
ENDSEC
0
EOF
